Session Time,Action Type,Interacted Object
10.901902,Right Hand Grab,ApplePieCookbook_C_0
23.811054,Right Hand Grab,ApplePieCookbook_C_0
28.716713,Right Hand Grab,CinnyShakerGrabable_C_2147482387
52.664757,Right Hand Released,CinnyShakerGrabable_C_2147482387
57.375877,Right Hand Grab,NewMeasuringCup_C_2147482389
57.886059,Right Hand Released,NewMeasuringCup_C_2147482389
58.529934,Right Hand Grab,SugarJar_C_2147482384
59.595268,Right Hand Released,SugarJar_C_2147482384
60.347271,Right Hand Grab,StaticMeshActor_31
60.859337,Right Hand Released,StaticMeshActor_31
61.594402,Right Hand Grab,NewMeasuringCup_C_2147482389
66.618767,Right Hand Released,NewMeasuringCup_C_2147482389
67.708466,Right Hand Grab,NewMeasuringCup_C_2147482389
70.201225,Right Hand Released,NewMeasuringCup_C_2147482389
73.104141,Right Hand Grab,WaterPitcher_C_2147482383
78.992149,Right Hand Released,WaterPitcher_C_2147482383
98.850914,Right Hand Grab,NewMeasuringCup_C_2147482389
101.176483,Right Hand Released,NewMeasuringCup_C_2147482389
101.840286,Right Hand Grab,None
108.474449,Left Hand Grab,None
108.507584,Right Hand Grab,None
109.944252,Right Hand Grab,None
116.646851,Right Hand Grab,WaterPitcher_C_2147482383
117.93885,Right Hand Released,WaterPitcher_C_2147482383
123.808304,Left Hand Grab,NewMeasuringCup_C_2147482389
124.704239,Left Hand Released,NewMeasuringCup_C_2147482389
125.568932,Right Hand Grab,ButterHolder_C_2147482386
127.063889,Right Hand Released,ButterHolder_C_2147482386
127.966789,Right Hand Grab,Butter_C_2147482385
131.269547,Right Hand Released,Butter_C_2147482385
132.133179,Right Hand Grab,Butter_C_2147482377
141.75029,Right Hand Grab,Apple_C_2147482409
143.47995,Right Hand Released,Apple_C_2147482409
144.075699,Right Hand Grab,NewMeasuringCup_C_2147482389
146.135269,Right Hand Released,NewMeasuringCup_C_2147482389
148.783371,Right Hand Grab,StirSpoonPie_C_2147482382
149.897598,Right Hand Released,StirSpoonPie_C_2147482382
150.475693,Right Hand Grab,Knife_C_1
151.367493,Chopped,Apple_C_2147482409
152.12027,Chopped,Apple_Half2_C_2147482370
153.249588,Chopped,Apple_Half2_C_2147482370
154.066788,Chopped,Apple_Slice3_C_2147482369
154.974091,Right Hand Released,Knife_C_1
156.421738,Right Hand Grab,Apple_C_2147482405
157.644058,Right Hand Released,Apple_C_2147482405
158.312805,Right Hand Grab,StaticMeshActor_23
159.262253,Right Hand Released,StaticMeshActor_23
159.710953,Right Hand Grab,StaticMeshActor_23
160.421219,Right Hand Released,StaticMeshActor_23
160.914322,Right Hand Grab,StaticMeshActor_84
162.00621,Right Hand Released,StaticMeshActor_84
162.675888,Right Hand Grab,Knife_C_1
163.499298,Chopped,Apple_C_2147482405
164.097824,Chopped,Apple_Half2_C_2147482365
164.676804,Chopped,Apple_Half2_C_2147482365
165.381653,Chopped,Apple_Half_C_2147482366
166.29332,Chopped,Apple_Slice4_C_2147482368
166.359344,Right Hand Released,Knife_C_1
167.420868,Right Hand Grab,Apple_C_2147482372
168.920151,Right Hand Released,Apple_C_2147482372
169.794876,Right Hand Grab,StaticMeshActor_84
170.710449,Right Hand Released,StaticMeshActor_84
171.264984,Right Hand Grab,Knife_C_1
172.181763,Chopped,Apple_C_2147482372
172.931976,Chopped,Apple_Half2_C_2147482358
173.706207,Chopped,Apple_Half_C_2147482359
175.423737,Chopped,Apple_Half2_C_2147482358
177.024109,Right Hand Released,Knife_C_1
177.860214,Right Hand Grab,Apple_C_2147482360
179.375687,Right Hand Released,Apple_C_2147482360
179.993683,Right Hand Grab,PieBowl_C_2147482375
182.093536,Right Hand Released,PieBowl_C_2147482375
183.729996,Right Hand Grab,StaticMeshActor_23
184.562393,Right Hand Released,StaticMeshActor_23
184.999786,Right Hand Grab,Knife_C_1
186.048309,Chopped,Apple_C_2147482360
186.599197,Chopped,Apple_Half2_C_2147482349
187.19899,Chopped,Apple_Half2_C_2147482349
187.828308,Chopped,Apple_Slice4_C_2147482347
188.228989,Right Hand Released,Knife_C_1
188.363297,Right Hand Grab,Apple_Slice4_C_2147482363
188.799088,Right Hand Released,Apple_Slice4_C_2147482363
189.899811,Right Hand Grab,Knife_C_1
190.999557,Chopped,Apple_Slice3_C_2147482369
191.869614,Chopped,Apple_Slice3_C_2147482348
192.435684,Chopped,Apple_Slice3_C_2147482369
193.165451,Chopped,Apple_Half_C_2147482350
194.918304,Right Hand Released,Knife_C_1
197.934601,Right Hand Grab,Apple_Slice2_C_2147482361
200.200729,Right Hand Released,Apple_Slice2_C_2147482361
201.567169,Right Hand Grab,Apple_Slice3_C_2147482348
202.908615,Right Hand Released,Apple_Slice3_C_2147482348
203.842651,Right Hand Grab,Apple_Slice3_C_2147482364
204.945755,Right Hand Released,Apple_Slice3_C_2147482364
205.346069,Right Hand Grab,Apple_Slice4_C_2147482347
206.381409,Right Hand Released,Apple_Slice4_C_2147482347
207.649368,Left Hand Grab,Apple_Slice_C_2147482362
207.649368,Right Hand Grab,Apple_Slice4_C_2147482368
209.449982,Left Hand Released,Apple_Slice_C_2147482362
209.481659,Right Hand Released,Apple_Slice4_C_2147482368
210.876724,Left Hand Grab,Apple_Slice_C_2147482357
210.876724,Right Hand Grab,Apple_Slice4_C_2147482363
212.337479,Left Hand Released,Apple_Slice_C_2147482357
212.4039,Right Hand Released,Apple_Slice4_C_2147482363
213.669449,Left Hand Grab,Apple_Slice2_C_2147482345
213.669449,Right Hand Grab,Apple_Slice3_C_2147482364
215.236435,Left Hand Released,Apple_Slice2_C_2147482345
215.469437,Right Hand Released,Apple_Slice3_C_2147482364
217.493393,Right Hand Grab,Apple_Half_C_2147482371
217.520767,Left Hand Grab,Apple_Slice_C_2147482346
218.858429,Left Hand Released,Apple_Slice_C_2147482346
219.090988,Right Hand Released,Apple_Half_C_2147482371
220.62677,Right Hand Grab,Apple_Slice3_C_2147482369
220.730637,Left Hand Grab,Apple_Slice2_C_2147482356
222.063965,Left Hand Released,Apple_Slice2_C_2147482356
222.665421,Right Hand Released,Apple_Slice3_C_2147482369
224.09465,Right Hand Grab,Apple_Slice4_C_2147482354
225.131088,Right Hand Released,Apple_Slice4_C_2147482354
225.564514,Right Hand Grab,NewMeasuringCup_C_2147482389
225.598724,Left Hand Grab,PieBowl_C_2147482375
227.5634,Left Hand Released,PieBowl_C_2147482375
227.834946,Right Hand Released,NewMeasuringCup_C_2147482389
229.668671,Right Hand Grab,Apple_Slice3_C_2147482355
230.435654,Right Hand Released,Apple_Slice3_C_2147482355
231.002441,Left Hand Grab,Butter_C_2147482376
232.09874,Left Hand Released,Butter_C_2147482376
232.760727,Left Hand Grab,Butter_C_2147482344
233.593567,Left Hand Released,Butter_C_2147482344
234.163315,Left Hand Grab,Apple_Slice2_C_2147482356
235.737488,Left Hand Released,Apple_Slice2_C_2147482356
238.607925,Right Hand Grab,ApplePieCookbook_C_0
245.121948,Right Hand Grab,CinnyShakerGrabable_C_2147482387
250.65123,Right Hand Released,CinnyShakerGrabable_C_2147482387
260.759369,Left Hand Grab,SaucePot_C_2147482388
266.420929,Left Hand Released,SaucePot_C_2147482388
269.376373,Right Hand Grab,ApplePieCookbook_C_0
273.022827,Right Hand Grab,StirSpoonPie_C_2147482382
277.653625,Left Hand Grab,PieBowl_C_2147482375
282.766846,Right Hand Released,StirSpoonPie_C_2147482382
282.811279,Left Hand Released,PieBowl_C_2147482375
287.784698,Right Hand Grab,PieBowl_C_2147482375
289.20282,Right Hand Released,PieBowl_C_2147482375
290.157196,Right Hand Grab,Knife_C_1
291.026947,Right Hand Released,Knife_C_1
293.097137,Right Hand Grab,StirSpoonPie_C_2147482382
298.078461,Right Hand Released,StirSpoonPie_C_2147482382
307.569366,Right Hand Grab,PillsberryDoughGirl_C_2147482336
312.305023,Right Hand Grab,ApplePieCookbook_C_0
315.257019,Right Hand Grab,NewMeasuringCup_C_2147482389
316.053192,Right Hand Released,NewMeasuringCup_C_2147482389
316.25412,Right Hand Grab,PieBowl_C_2147482375
316.275787,Left Hand Grab,PieBowl_C_2147482375
317.299377,Left Hand Released,PieBowl_C_2147482375
320.483704,Right Hand Released,PieBowl_C_2147482375
322.505402,Right Hand Grab,ButterHolder_C_2147482386
323.612244,Right Hand Released,ButterHolder_C_2147482386
324.009247,Right Hand Grab,PillsberryDoughBoy_C_2147482337
327.896759,Right Hand Grab,ApplePieCookbook_C_0
334.12149,Right Hand Grab,oven_C_1
336.273163,Right Hand Grab,None
337.477142,Right Hand Grab,PiePan_C_2147482380
341.557373,Right Hand Released,PiePan_C_2147482380
343.120422,Right Hand Grab,None
344.035309,Right Hand Grab,None
344.679199,Right Hand Grab,None
345.280121,Right Hand Grab,None
347.207092,Right Hand Grab,oven_C_1
358.492767,Right Hand Grab,oven_C_1
359.960876,Right Hand Grab,None
361.008209,Right Hand Grab,PiePan_C_2147482380
364.757965,Right Hand Released,PiePan_C_2147482380
