Session Time,Action Type,Interacted Object
40.55513,Right Hand Grab,ApplePieCookbook_C_0
52.393337,Right Hand Grab,ApplePieCookbook_C_0
64.114876,Left Hand Grab,SugarJar_C_2147482384
65.311211,Left Hand Released,SugarJar_C_2147482384
66.661186,Left Hand Grab,NewMeasuringCup_C_2147482389
74.032539,Left Hand Released,NewMeasuringCup_C_2147482389
76.458061,Right Hand Grab,WaterPitcher_C_2147482383
85.942383,Right Hand Released,WaterPitcher_C_2147482383
96.910492,Left Hand Grab,StaticMeshActor_31
100.002861,Left Hand Released,StaticMeshActor_31
101.206329,Left Hand Grab,ButterHolder_C_2147482386
102.242561,Left Hand Released,ButterHolder_C_2147482386
103.073532,Left Hand Grab,Butter_C_2147482385
104.639,Left Hand Released,Butter_C_2147482385
106.30883,Left Hand Grab,Butter_C_2147482377
107.869019,Left Hand Released,Butter_C_2147482377
118.63765,Right Hand Grab,StaticMeshActor_31
119.800316,Right Hand Released,StaticMeshActor_31
123.611458,Right Hand Grab,Apple_C_2147482406
124.521988,Right Hand Released,Apple_C_2147482406
125.259392,Right Hand Grab,Apple_C_2147482374
126.174225,Right Hand Released,Apple_C_2147482374
126.792793,Right Hand Grab,Apple_C_2147482373
128.241776,Right Hand Released,Apple_C_2147482373
129.266876,Right Hand Grab,Apple_C_2147482373
130.314774,Right Hand Released,Apple_C_2147482373
131.244507,Right Hand Grab,Apple_C_2147482409
132.381409,Right Hand Released,Apple_C_2147482409
134.373398,Right Hand Grab,StaticMeshActor_84
135.775604,Right Hand Released,StaticMeshActor_84
138.049683,Right Hand Grab,Knife_C_1
139.824905,Chopped,Apple_C_2147482374
140.646652,Chopped,Apple_C_2147482409
141.06871,Right Hand Released,Knife_C_1
142.534424,Right Hand Grab,Knife_C_1
143.181473,Chopped,Apple_C_2147482373
144.437042,Chopped,Apple_Half2_C_2147482365
145.468384,Chopped,Apple_Half_C_2147482368
147.141006,Right Hand Released,Knife_C_1
147.75264,Right Hand Grab,None
149.623047,Right Hand Grab,Knife_C_1
150.245102,Chopped,Apple_Half_C_2147482370
151.665192,Right Hand Released,Knife_C_1
156.027283,Right Hand Grab,None
157.164169,Right Hand Grab,PieBowl_C_2147482375
158.361282,Right Hand Released,PieBowl_C_2147482375
159.430679,Right Hand Grab,Knife_C_1
159.564209,Chopped,Apple_Half2_C_2147482367
160.660294,Chopped,Apple_C_2147482406
161.760635,Chopped,Apple_Half2_C_2147482369
162.65213,Chopped,Apple_Slice4_C_2147482355
163.20813,Chopped,Apple_Slice_C_2147482358
163.981079,Chopped,Apple_Slice4_C_2147482351
164.644012,Right Hand Released,Knife_C_1
165.817902,Right Hand Grab,Apple_Slice_C_2147482358
166.78215,Right Hand Released,Apple_Slice_C_2147482358
167.650955,Right Hand Grab,StaticMeshActor_23
168.018265,Left Hand Grab,PieBowl_C_2147482375
169.421463,Right Hand Released,StaticMeshActor_23
169.555557,Left Hand Released,PieBowl_C_2147482375
176.582413,Right Hand Grab,None
177.515488,Right Hand Grab,Apple_Half2_C_2147482353
179.819,Right Hand Released,Apple_Half2_C_2147482353
180.453201,Right Hand Grab,Apple_Half2_C_2147482353
182.019897,Right Hand Released,Apple_Half2_C_2147482353
183.5513,Right Hand Grab,Apple_Slice_C_2147482362
184.486298,Right Hand Released,Apple_Slice_C_2147482362
185.220947,Right Hand Grab,Apple_Slice2_C_2147482361
186.187073,Right Hand Released,Apple_Slice2_C_2147482361
186.852982,Right Hand Grab,Apple_Slice2_C_2147482357
189.986847,Right Hand Released,Apple_Slice2_C_2147482357
190.917145,Right Hand Grab,Apple_Slice3_C_2147482356
192.153183,Right Hand Released,Apple_Slice3_C_2147482356
193.281952,Right Hand Grab,StaticMeshActor_23
194.85498,Right Hand Released,StaticMeshActor_23
195.655899,Right Hand Grab,StaticMeshActor_23
197.621185,Right Hand Released,StaticMeshActor_23
198.554443,Right Hand Grab,StirSpoonPie_C_2147482382
199.357269,Right Hand Released,StirSpoonPie_C_2147482382
200.020233,Right Hand Grab,Apple_Slice4_C_2147482355
201.58342,Right Hand Released,Apple_Slice4_C_2147482355
206.243973,Left Hand Grab,PieBowl_C_2147482375
207.379288,Left Hand Released,PieBowl_C_2147482375
209.975983,Left Hand Grab,PieBowl_C_2147482375
210.54306,Left Hand Released,PieBowl_C_2147482375
213.274567,Left Hand Grab,PieBowl_C_2147482375
214.676437,Left Hand Released,PieBowl_C_2147482375
215.83934,Left Hand Grab,Knife_C_1
218.363663,Chopped,Apple_Slice4_C_2147482363
219.566971,Left Hand Released,Knife_C_1
220.302811,Left Hand Grab,Knife_C_1
220.603485,Left Hand Released,Knife_C_1
222.570694,Right Hand Grab,Knife_C_1
223.071671,Chopped,Apple_Slice4_C_2147482363
224.103088,Chopped,Apple_Slice3_C_2147482364
225.106049,Chopped,Apple_Slice3_C_2147482364
226.039154,Chopped,Apple_Slice4_C_2147482363
226.505676,Right Hand Released,Knife_C_1
227.738266,Right Hand Grab,Knife_C_1
227.805466,Chopped,Apple_Half2_C_2147482353
228.809402,Chopped,Apple_Half_C_2147482354
229.713455,Chopped,Apple_Slice4_C_2147482363
230.81369,Chopped,Apple_Slice4_C_2147482363
231.51329,Chopped,Apple_Slice3_C_2147482364
231.715317,Right Hand Released,Knife_C_1
232.847534,Right Hand Grab,Apple_Slice4_C_2147482363
233.74617,Right Hand Released,Apple_Slice4_C_2147482363
234.246094,Right Hand Grab,Knife_C_1
235.74884,Right Hand Released,Knife_C_1
236.712738,Right Hand Grab,PieBowl_C_2147482375
238.309113,Right Hand Released,PieBowl_C_2147482375
244.572083,Right Hand Grab,Knife_C_1
245.574677,Chopped,Apple_Slice2_C_2147482343
246.472473,Chopped,Apple_Half_C_2147482366
247.544693,Right Hand Released,Knife_C_1
248.508591,Right Hand Grab,Apple_Slice2_C_2147482343
249.375641,Right Hand Released,Apple_Slice2_C_2147482343
249.844086,Right Hand Grab,Apple_Slice4_C_2147482345
250.875656,Right Hand Released,Apple_Slice4_C_2147482345
256.088379,Right Hand Grab,None
257.128113,Right Hand Grab,None
258.286926,Right Hand Grab,ApplePieCookbook_C_0
262.197998,Right Hand Grab,CinnyShakerGrabable_C_2147482387
268.059662,Right Hand Released,CinnyShakerGrabable_C_2147482387
286.706146,Right Hand Grab,None
288.290833,Right Hand Grab,None
297.223358,Left Hand Grab,SaucePot_C_2147482388
311.472656,Left Hand Released,SaucePot_C_2147482388
316.56839,Right Hand Grab,ApplePieCookbook_C_0
319.615021,Right Hand Grab,StaticMeshActor_23
326.375061,Right Hand Released,StaticMeshActor_23
327.201202,Right Hand Grab,StirSpoonPie_C_2147482382
334.259277,Left Hand Grab,PieBowl_C_2147482375
335.196045,Left Hand Released,PieBowl_C_2147482375
335.932281,Right Hand Released,StirSpoonPie_C_2147482382
338.539551,Right Hand Grab,StirSpoonPie_C_2147482382
342.614227,Right Hand Released,StirSpoonPie_C_2147482382
347.879211,Right Hand Grab,PillsberryDoughGirl_C_2147482335
348.512451,Right Hand Released,PillsberryDoughGirl_C_2147482335
351.481659,Right Hand Grab,PillsberryDoughBoy_C_2147482336
355.182495,Right Hand Released,PillsberryDoughBoy_C_2147482336
359.58902,Right Hand Grab,PillsberryDoughBoy_C_2147482336
361.137054,Right Hand Released,PillsberryDoughBoy_C_2147482336
365.965546,Right Hand Grab,ApplePieCookbook_C_0
368.389771,Right Hand Grab,PieBowl_C_2147482375
371.54126,Right Hand Released,PieBowl_C_2147482375
372.154358,Right Hand Grab,PillsberryDoughGirl_C_2147482335
373.306183,Right Hand Released,PillsberryDoughGirl_C_2147482335
375.017181,Right Hand Grab,ApplePieCookbook_C_0
376.55368,Right Hand Grab,PiePan_C_2147482380
390.053223,Right Hand Released,PiePan_C_2147482380
391.433258,Right Hand Grab,oven_C_1
393.402374,Right Hand Grab,PiePan_C_2147482380
403.098694,Right Hand Released,PiePan_C_2147482380
404.138489,Right Hand Grab,PiePan_C_2147482380
405.090393,Right Hand Released,PiePan_C_2147482380
408.188385,Right Hand Grab,None
411.19162,Right Hand Grab,oven_C_1
423.76297,Right Hand Grab,oven_C_1
425.402985,Right Hand Grab,None
426.628235,Right Hand Grab,PiePan_C_2147482380
431.697723,Right Hand Released,PiePan_C_2147482380
436.11142,Right Hand Grab,oven_C_1
439.2034,Right Hand Grab,None
439.784851,Right Hand Grab,ApplePieCookbook_C_0
442.02887,Right Hand Grab,PiePan_C_2147482380
442.362579,Right Hand Released,PiePan_C_2147482380
442.429199,Left Hand Grab,PiePan_C_2147482380
442.629425,Left Hand Released,PiePan_C_2147482380
445.049652,Right Hand Grab,Knife_C_1
447.184937,Right Hand Released,Knife_C_1
452.140472,Right Hand Grab,Exit_C_0
