Session Time,Action Type,Interacted Object
285.454407,Left Hand Grab,None
287.335297,Left Hand Grab,None
288.423981,Left Hand Grab,None
290.644379,Left Hand Grab,StaticMeshActor_23
291.447998,Left Hand Released,StaticMeshActor_23
337.734772,Right Hand Grab,ApplePieCookbook_C_0
362.735718,Right Hand Grab,None
367.672394,Right Hand Grab,ApplePieCookbook_C_0
380.438171,Left Hand Grab,NewMeasuringCup_C_2147482373
383.902435,Left Hand Released,NewMeasuringCup_C_2147482373
385.509369,Left Hand Grab,SugarJar_C_2147482368
387.991272,Left Hand Released,SugarJar_C_2147482368
389.86438,Left Hand Grab,NewMeasuringCup_C_2147482373
396.340942,Left Hand Released,NewMeasuringCup_C_2147482373
401.112274,Left Hand Grab,NewMeasuringCup_C_2147482373
404.188995,Left Hand Released,NewMeasuringCup_C_2147482373
406.071686,Left Hand Grab,ApplePieCookbook_C_0
407.178101,Left Hand Grab,ApplePieCookbook_C_0
407.656372,Left Hand Grab,ApplePieCookbook_C_0
408.904938,Left Hand Grab,ApplePieCookbook_C_0
409.88559,Left Hand Grab,ApplePieCookbook_C_0
411.0224,Left Hand Grab,ApplePieCookbook_C_0
412.224792,Left Hand Grab,SaucePot_C_2147482372
413.759216,Left Hand Released,SaucePot_C_2147482372
414.95929,Left Hand Grab,ApplePieCookbook_C_0
416.313721,Left Hand Grab,ApplePieCookbook_C_0
418.291901,Right Hand Grab,ApplePieCookbook_C_0
419.002991,Right Hand Grab,ApplePieCookbook_C_0
419.958466,Right Hand Grab,ApplePieCookbook_C_0
420.981445,Right Hand Grab,ApplePieCookbook_C_0
421.869812,Right Hand Grab,ApplePieCookbook_C_0
422.600922,Right Hand Grab,NewMeasuringCup_C_2147482373
424.222717,Right Hand Released,NewMeasuringCup_C_2147482373
428.234619,Left Hand Grab,None
429.812805,Left Hand Grab,ApplePieCookbook_C_0
432.346619,Left Hand Grab,ApplePieCookbook_C_0
433.798553,Left Hand Grab,ApplePieCookbook_C_0
434.40741,Left Hand Grab,ApplePieCookbook_C_0
435.248871,Left Hand Grab,ApplePieCookbook_C_0
443.947083,Right Hand Grab,WaterPitcher_C_2147482367
454.074615,Right Hand Released,WaterPitcher_C_2147482367
455.461029,Left Hand Grab,SaucePot_C_2147482372
456.178192,Left Hand Released,SaucePot_C_2147482372
464.009247,Left Hand Grab,ButterHolder_C_2147482370
465.635803,Left Hand Released,ButterHolder_C_2147482370
466.525055,Left Hand Grab,Butter_C_2147482369
468.148315,Left Hand Released,Butter_C_2147482369
469.458679,Left Hand Grab,Butter_C_2147482355
470.678619,Left Hand Released,Butter_C_2147482355
473.059204,Right Hand Grab,PieBowl_C_2147482353
474.592987,Right Hand Released,PieBowl_C_2147482353
475.481293,Right Hand Grab,None
477.303619,Right Hand Grab,None
478.147736,Right Hand Grab,NewMeasuringCup_C_2147482373
478.968353,Right Hand Released,NewMeasuringCup_C_2147482373
479.303528,Right Hand Grab,NewMeasuringCup_C_2147482373
479.813599,Right Hand Released,NewMeasuringCup_C_2147482373
480.8367,Left Hand Grab,PieBowl_C_2147482353
481.213898,Right Hand Grab,NewMeasuringCup_C_2147482373
481.791412,Right Hand Released,NewMeasuringCup_C_2147482373
481.813812,Left Hand Released,PieBowl_C_2147482353
482.946777,Right Hand Grab,None
487.999207,Right Hand Grab,PieBowl_C_2147482353
490.092072,Right Hand Released,PieBowl_C_2147482353
491.402008,Right Hand Grab,None
492.458221,Right Hand Grab,Apple_C_2147482393
493.717743,Right Hand Released,Apple_C_2147482393
495.74762,Right Hand Grab,StaticMeshActor_84
496.316742,Right Hand Released,StaticMeshActor_84
497.359253,Right Hand Grab,Knife_C_1
499.778351,Chopped,Apple_C_2147482393
501.905365,Chopped,Apple_Half_C_2147482349
502.776703,Chopped,Apple_Slice2_C_2147482346
503.68985,Chopped,Apple_Slice_C_2147482347
505.09375,Chopped,Apple_Half2_C_2147482348
505.939728,Right Hand Released,Knife_C_1
507.23175,Right Hand Grab,Knife_C_1
507.409851,Right Hand Released,Knife_C_1
510.631683,Right Hand Grab,Apple_C_2147482352
511.807983,Right Hand Released,Apple_C_2147482352
519.81842,Right Hand Grab,StaticMeshActor_84
521.10022,Right Hand Released,StaticMeshActor_84
521.850342,Right Hand Grab,None
523.808594,Right Hand Grab,None
524.834412,Right Hand Grab,None
531.579346,Right Hand Grab,oven_C_1
538.64856,Right Hand Grab,None
540.092346,Right Hand Grab,oven_C_1
548.400269,Right Hand Grab,WaterPitcher_C_2147482367
550.526367,Right Hand Released,WaterPitcher_C_2147482367
565.07605,Left Hand Grab,SaucePot_C_2147482372
567.144104,Left Hand Released,SaucePot_C_2147482372
568.12439,Right Hand Grab,PiePan_C_2147482364
571.078674,Right Hand Released,PiePan_C_2147482364
581.295715,Left Hand Grab,SugarJar_C_2147482368
583.623901,Left Hand Released,SugarJar_C_2147482368
586.806885,Left Hand Grab,StaticMeshActor_31
587.80957,Left Hand Released,StaticMeshActor_31
611.808777,Right Hand Grab,WaterPitcher_C_2147482367
615.033447,Right Hand Released,WaterPitcher_C_2147482367
616.203552,Right Hand Grab,WaterPitcher_C_2147482367
619.777649,Right Hand Released,WaterPitcher_C_2147482367
624.0495,Right Hand Grab,StaticMeshActor_84
625.675659,Right Hand Released,StaticMeshActor_84
627.635742,Right Hand Grab,PieBowl_C_2147482353
630.291138,Right Hand Released,PieBowl_C_2147482353
631.958252,Right Hand Grab,Apple_C_2147482352
633.340881,Right Hand Released,Apple_C_2147482352
634.954895,Left Hand Grab,StaticMeshActor_31
635.967163,Right Hand Grab,None
637.015015,Right Hand Grab,None
638.710083,Right Hand Grab,Knife_C_1
639.625732,Right Hand Released,Knife_C_1
640.114746,Right Hand Grab,Knife_C_1
640.738037,Right Hand Released,Knife_C_1
641.581421,Left Hand Released,StaticMeshActor_31
645.618042,Right Hand Grab,Knife_C_1
647.138367,Left Hand Grab,Apple_C_2147482389
648.148438,Left Hand Released,Apple_C_2147482389
648.717529,Chopped,Apple_C_2147482389
649.583862,Chopped,Apple_Half2_C_2147482334
650.254944,Chopped,Apple_Half2_C_2147482334
650.876648,Chopped,Apple_Half_C_2147482335
652.861877,Left Hand Grab,Apple_Slice_C_2147482331
653.975281,Left Hand Released,Apple_Slice_C_2147482331
655.053223,Left Hand Grab,Apple_Slice2_C_2147482330
655.889648,Left Hand Released,Apple_Slice2_C_2147482330
656.9198,Left Hand Grab,Apple_Slice4_C_2147482332
657.899109,Left Hand Released,Apple_Slice4_C_2147482332
664.150208,Left Hand Grab,None
665.042297,Left Hand Grab,Apple_Slice3_C_2147482333
666.397339,Left Hand Released,Apple_Slice3_C_2147482333
667.505127,Left Hand Grab,Apple_C_2147482336
668.452026,Left Hand Released,Apple_C_2147482336
669.474548,Chopped,Apple_C_2147482336
670.432312,Chopped,Apple_Half2_C_2147482325
671.303345,Chopped,Apple_Half2_C_2147482325
672.147888,Chopped,Apple_Slice4_C_2147482323
678.461487,Right Hand Released,Knife_C_1
680.364136,Left Hand Grab,PieBowl_C_2147482353
687.670532,Left Hand Released,PieBowl_C_2147482353
689.590454,Right Hand Grab,ApplePieCookbook_C_0
697.299988,Right Hand Grab,None
698.172791,Right Hand Grab,CinnyShakerGrabable_C_2147482371
703.339539,Right Hand Released,CinnyShakerGrabable_C_2147482371
710.87793,Left Hand Grab,SaucePot_C_2147482372
720.942871,Left Hand Released,SaucePot_C_2147482372
723.053589,Right Hand Grab,ApplePieCookbook_C_0
729.432251,Right Hand Grab,StaticMeshActor_84
730.078003,Right Hand Released,StaticMeshActor_84
730.525452,Right Hand Grab,StirSpoonPie_C_2147482366
735.800537,Left Hand Grab,StaticMeshActor_31
737.525452,Left Hand Released,StaticMeshActor_31
756.129822,Right Hand Released,StirSpoonPie_C_2147482366
757.3703,Right Hand Grab,StirSpoonPie_C_2147482366
766.732727,Left Hand Grab,ApplePieCookbook_C_0
772.246826,Left Hand Grab,None
772.934509,Left Hand Grab,None
773.513733,Left Hand Grab,None
774.215515,Left Hand Grab,ApplePieCookbook_C_0
783.764099,Right Hand Released,StirSpoonPie_C_2147482366
784.453125,Left Hand Grab,PieBowl_C_2147482353
785.664734,Left Hand Released,PieBowl_C_2147482353
786.035706,Right Hand Grab,StirSpoonPie_C_2147482366
791.935669,Right Hand Released,StirSpoonPie_C_2147482366
792.77356,Right Hand Grab,Apple_Slice4_C_2147482323
793.737305,Right Hand Released,Apple_Slice4_C_2147482323
794.32843,Right Hand Grab,Apple_Half_C_2147482326
795.039612,Right Hand Released,Apple_Half_C_2147482326
795.617249,Right Hand Grab,Apple_Slice3_C_2147482324
796.259277,Right Hand Released,Apple_Slice3_C_2147482324
801.265137,Right Hand Grab,StirSpoonPie_C_2147482366
804.110901,Left Hand Grab,PieBowl_C_2147482353
807.51709,Left Hand Released,PieBowl_C_2147482353
808.542297,Right Hand Released,StirSpoonPie_C_2147482366
819.294922,Left Hand Grab,PillsberryDoughGirl_C_2147482315
830.411926,Left Hand Grab,ApplePieCookbook_C_0
833.254211,Right Hand Grab,PieBowl_C_2147482353
836.399902,Right Hand Released,PieBowl_C_2147482353
842.101746,Left Hand Grab,PillsberryDoughBoy_C_2147482316
845.590576,Right Hand Grab,ApplePieCookbook_C_0
849.180054,Right Hand Grab,oven_C_1
851.176147,Right Hand Grab,PiePan_C_2147482364
857.188477,Right Hand Released,PiePan_C_2147482364
858.185913,Right Hand Grab,PiePan_C_2147482364
859.232666,Right Hand Released,PiePan_C_2147482364
860.383606,Right Hand Grab,None
861.085022,Right Hand Grab,None
862.302185,Right Hand Grab,oven_C_1
865.305847,Right Hand Grab,None
866.050842,Right Hand Grab,ApplePieCookbook_C_0
875.650208,Right Hand Grab,oven_C_1
877.033386,Right Hand Grab,None
878.119141,Right Hand Grab,PiePan_C_2147482364
882.326477,Left Hand Grab,oven_C_1
885.269226,Left Hand Grab,PieBowl_C_2147482353
886.919067,Right Hand Released,PiePan_C_2147482364
888.560242,Left Hand Released,PieBowl_C_2147482353
894.290344,Right Hand Grab,Exit_C_0
