Session Time,Action Type,Interacted Object
7.583424,Right Hand Grab,ApplePieCookbook_C_0
19.554117,Right Hand Grab,NewMeasuringCup_C_2147482377
21.771404,Left Hand Grab,SugarJar_C_2147482372
22.812439,Right Hand Released,NewMeasuringCup_C_2147482377
23.434345,Right Hand Grab,None
24.59621,Right Hand Grab,None
25.33069,Left Hand Released,SugarJar_C_2147482372
26.259014,Left Hand Grab,None
26.281521,Right Hand Grab,NewMeasuringCup_C_2147482377
30.393005,Right Hand Released,NewMeasuringCup_C_2147482377
38.530552,Right Hand Grab,None
39.82275,Right Hand Grab,None
40.690914,Right Hand Grab,None
41.824482,Right Hand Grab,ApplePieCookbook_C_0
47.486237,Right Hand Grab,NewMeasuringCup_C_2147482377
49.77803,Right Hand Released,NewMeasuringCup_C_2147482377
52.451881,Right Hand Grab,None
58.446964,Right Hand Grab,WaterPitcher_C_2147482371
66.643898,Right Hand Released,WaterPitcher_C_2147482371
74.425758,Right Hand Grab,None
86.198082,Right Hand Grab,StaticMeshActor_31
89.095695,Right Hand Released,StaticMeshActor_31
92.0578,Right Hand Grab,ButterHolder_C_2147482374
94.154175,Right Hand Released,ButterHolder_C_2147482374
94.816605,Right Hand Grab,Butter_C_2147482373
96.385872,Right Hand Released,Butter_C_2147482373
102.30378,Right Hand Grab,Butter_C_2147482365
104.018906,Right Hand Released,Butter_C_2147482365
104.385399,Right Hand Grab,ApplePieCookbook_C_0
105.355804,Right Hand Grab,StaticMeshActor_31
106.793556,Right Hand Released,StaticMeshActor_31
108.02887,Right Hand Grab,Butter_C_2147482364
110.23027,Right Hand Released,Butter_C_2147482364
111.882164,Right Hand Grab,Butter_C_2147482363
119.301979,Right Hand Grab,None
120.408791,Right Hand Grab,None
122.442436,Right Hand Grab,None
124.02401,Left Hand Grab,None
127.838684,Right Hand Grab,ApplePieCookbook_C_0
135.529266,Left Hand Grab,PieBowl_C_2147482360
135.529266,Right Hand Grab,None
136.927002,Left Hand Released,PieBowl_C_2147482360
141.60141,Right Hand Grab,None
143.483063,Right Hand Grab,Apple_C_2147482396
147.348663,Right Hand Released,Apple_C_2147482396
148.119247,Left Hand Grab,PieBowl_C_2147482360
149.585815,Left Hand Released,PieBowl_C_2147482360
154.65741,Right Hand Grab,Apple_C_2147482397
156.017227,Right Hand Released,Apple_C_2147482397
158.208572,Right Hand Grab,PieBowl_C_2147482360
158.968094,Right Hand Released,PieBowl_C_2147482360
161.111221,Right Hand Grab,PieBowl_C_2147482360
163.251328,Right Hand Released,PieBowl_C_2147482360
163.987335,Left Hand Grab,None
164.019913,Right Hand Grab,PieBowl_C_2147482360
164.221054,Right Hand Released,PieBowl_C_2147482360
168.088257,Right Hand Grab,Apple_C_2147482358
170.243057,Right Hand Released,Apple_C_2147482358
171.748276,Right Hand Grab,Knife_C_1
173.163223,Chopped,Apple_C_2147482358
173.982025,Right Hand Released,Knife_C_1
175.747955,Right Hand Grab,Knife_C_1
177.09729,Right Hand Released,Knife_C_1
179.021393,Right Hand Grab,Apple_C_2147482357
180.570724,Right Hand Released,Apple_C_2147482357
181.606415,Right Hand Grab,StaticMeshActor_23
182.976501,Right Hand Released,StaticMeshActor_23
184.014145,Right Hand Grab,StaticMeshActor_84
184.951721,Right Hand Released,StaticMeshActor_84
185.919678,Right Hand Grab,StaticMeshActor_84
186.589279,Right Hand Released,StaticMeshActor_84
187.922043,Right Hand Grab,StaticMeshActor_84
188.756256,Right Hand Released,StaticMeshActor_84
189.366913,Right Hand Grab,StaticMeshActor_84
190.558502,Right Hand Released,StaticMeshActor_84
192.544144,Right Hand Grab,Knife_C_1
193.951294,Chopped,Apple_C_2147482357
194.681732,Right Hand Released,Knife_C_1
196.414291,Right Hand Grab,Knife_C_1
197.646591,Chopped,Apple_Half_C_2147482349
198.312836,Right Hand Released,Knife_C_1
199.243805,Right Hand Grab,Knife_C_1
200.777863,Chopped,Apple_Slice2_C_2147482346
201.480515,Chopped,Apple_Half2_C_2147482353
202.746078,Chopped,Apple_Slice2_C_2147482346
203.511887,Right Hand Released,Knife_C_1
205.578842,Right Hand Grab,Knife_C_1
207.743713,Chopped,Apple_Half_C_2147482354
209.01152,Right Hand Released,Knife_C_1
211.377975,Right Hand Grab,Apple_Slice_C_2147482347
212.244431,Right Hand Released,Apple_Slice_C_2147482347
212.973404,Right Hand Grab,Knife_C_1
215.074188,Chopped,Apple_Slice2_C_2147482346
215.641342,Chopped,Apple_Half2_C_2147482348
217.773819,Chopped,Apple_Slice4_C_2147482344
218.576569,Chopped,Apple_Slice4_C_2147482344
218.944931,Right Hand Released,Knife_C_1
224.182617,Right Hand Grab,None
226.073349,Right Hand Grab,Apple_C_2147482352
228.212952,Right Hand Released,Apple_C_2147482352
229.903931,Right Hand Grab,Knife_C_1
230.037292,Chopped,Apple_Slice4_C_2147482344
231.301575,Chopped,Apple_C_2147482352
232.800003,Chopped,Apple_Half2_C_2147482337
233.332611,Right Hand Released,Knife_C_1
233.604019,Right Hand Grab,Knife_C_1
233.937744,Chopped,Apple_Slice3_C_2147482336
234.866531,Right Hand Released,Knife_C_1
236.198914,Right Hand Grab,Knife_C_1
237.472702,Chopped,Apple_Half_C_2147482338
239.733688,Right Hand Released,Knife_C_1
242.13974,Right Hand Grab,Apple_C_2147482359
243.973282,Right Hand Released,Apple_C_2147482359
245.168533,Right Hand Grab,Knife_C_1
246.571136,Chopped,Apple_C_2147482359
248.306091,Chopped,Apple_Half_C_2147482331
250.306961,Chopped,Apple_Half2_C_2147482330
250.941116,Right Hand Released,Knife_C_1
252.639389,Right Hand Grab,Knife_C_1
254.903992,Right Hand Released,Knife_C_1
256.548004,Right Hand Grab,Apple_Slice_C_2147482329
257.700256,Right Hand Released,Apple_Slice_C_2147482329
258.396332,Right Hand Grab,Apple_Slice3_C_2147482327
259.79953,Right Hand Released,Apple_Slice3_C_2147482327
260.831635,Right Hand Grab,Apple_Slice_C_2147482343
262.064453,Right Hand Released,Apple_Slice_C_2147482343
263.200989,Left Hand Grab,None
263.234955,Right Hand Grab,Apple_Slice2_C_2147482328
264.89624,Right Hand Released,Apple_Slice2_C_2147482328
265.834839,Left Hand Grab,Apple_Slice_C_2147482334
265.834839,Right Hand Grab,StaticMeshActor_31
267.528687,Right Hand Released,StaticMeshActor_31
267.995941,Left Hand Released,Apple_Slice_C_2147482334
271.224396,Left Hand Grab,Apple_Slice2_C_2147482333
271.358124,Right Hand Grab,Apple_Slice4_C_2147482344
271.456818,Left Hand Released,Apple_Slice2_C_2147482333
271.490295,Right Hand Released,Apple_Slice4_C_2147482344
271.957184,Right Hand Grab,Apple_Slice4_C_2147482344
272.860138,Right Hand Released,Apple_Slice4_C_2147482344
273.631226,Right Hand Grab,Apple_Slice2_C_2147482342
274.429932,Right Hand Released,Apple_Slice2_C_2147482342
275.029327,Right Hand Grab,Apple_Slice3_C_2147482345
275.763885,Right Hand Released,Apple_Slice3_C_2147482345
276.397888,Right Hand Grab,Apple_Slice3_C_2147482336
277.264801,Right Hand Released,Apple_Slice3_C_2147482336
277.864258,Right Hand Grab,Apple_Slice4_C_2147482335
278.69809,Right Hand Released,Apple_Slice4_C_2147482335
279.498199,Right Hand Grab,Apple_Slice2_C_2147482346
280.395294,Right Hand Released,Apple_Slice2_C_2147482346
280.79483,Left Hand Grab,Apple_Slice3_C_2147482341
281.861816,Left Hand Released,Apple_Slice3_C_2147482341
282.631744,Right Hand Grab,Apple_Slice4_C_2147482340
283.526581,Right Hand Released,Apple_Slice4_C_2147482340
289.389404,Right Hand Grab,Apple_C_2147482339
290.789368,Right Hand Released,Apple_C_2147482339
292.910919,Right Hand Grab,Knife_C_1
294.008789,Chopped,Apple_C_2147482339
295.419128,Chopped,Apple_Half_C_2147482320
295.852539,Right Hand Released,Knife_C_1
297.121002,Left Hand Grab,Apple_Slice2_C_2147482317
297.121002,Right Hand Grab,Apple_Slice_C_2147482318
298.728333,Left Hand Released,Apple_Slice2_C_2147482317
298.761627,Right Hand Released,Apple_Slice_C_2147482318
299.461792,Right Hand Grab,Apple_Half2_C_2147482319
299.495544,Left Hand Grab,Apple_Half2_C_2147482319
300.726379,Left Hand Released,Apple_Half2_C_2147482319
300.759552,Right Hand Released,Apple_Half2_C_2147482319
302.987915,Right Hand Grab,None
305.768585,Right Hand Grab,Apple_C_2147482395
307.464478,Right Hand Released,Apple_C_2147482395
308.793793,Right Hand Grab,StirSpoonPie_C_2147482370
309.764191,Right Hand Released,StirSpoonPie_C_2147482370
310.983368,Right Hand Grab,StirSpoonPie_C_2147482370
312.312866,Right Hand Released,StirSpoonPie_C_2147482370
313.004333,Right Hand Grab,StirSpoonPie_C_2147482370
313.607208,Right Hand Released,StirSpoonPie_C_2147482370
314.140381,Right Hand Grab,StaticMeshActor_23
315.299866,Right Hand Released,StaticMeshActor_23
316.233582,Right Hand Grab,Knife_C_1
318.139526,Chopped,Apple_C_2147482395
319.587189,Chopped,Apple_Half2_C_2147482314
320.655945,Right Hand Released,Knife_C_1
322.45813,Right Hand Grab,None
327.158142,Right Hand Grab,StaticMeshActor_23
328.198547,Right Hand Released,StaticMeshActor_23
328.730835,Right Hand Grab,StaticMeshActor_23
329.396271,Right Hand Released,StaticMeshActor_23
331.171906,Right Hand Grab,Knife_C_1
333.403351,Chopped,Apple_Half_C_2147482315
334.019928,Chopped,Apple_Slice4_C_2147482312
335.281921,Right Hand Released,Knife_C_1
337.188293,Left Hand Grab,Apple_Slice4_C_2147482312
337.188293,Right Hand Grab,Apple_Slice_C_2147482311
338.494415,Right Hand Released,Apple_Slice_C_2147482311
338.561829,Left Hand Released,Apple_Slice4_C_2147482312
339.427002,Left Hand Grab,PieBowl_C_2147482360
339.527161,Right Hand Grab,Apple_Slice2_C_2147482310
341.861237,Right Hand Released,Apple_Slice2_C_2147482310
342.028748,Left Hand Released,PieBowl_C_2147482360
343.795013,Right Hand Grab,Apple_Slice3_C_2147482313
349.300995,Right Hand Released,Apple_Slice3_C_2147482313
353.787598,Right Hand Grab,None
355.280487,Right Hand Grab,ApplePieCookbook_C_0
366.112183,Right Hand Grab,CinnyShakerGrabable_C_2147482375
370.163635,Right Hand Released,CinnyShakerGrabable_C_2147482375
382.585419,Left Hand Grab,SaucePot_C_2147482376
387.219116,Left Hand Released,SaucePot_C_2147482376
390.849854,Right Hand Grab,None
391.91922,Right Hand Grab,ApplePieCookbook_C_0
399.228577,Right Hand Grab,StaticMeshActor_31
402.155975,Right Hand Released,StaticMeshActor_31
405.358032,Right Hand Grab,WaterPitcher_C_2147482371
406.651276,Right Hand Released,WaterPitcher_C_2147482371
407.874237,Right Hand Grab,WaterPitcher_C_2147482371
408.628784,Right Hand Released,WaterPitcher_C_2147482371
409.20575,Right Hand Grab,None
409.872467,Right Hand Grab,Apple_Slice2_C_2147482328
410.36084,Right Hand Released,Apple_Slice2_C_2147482328
411.183746,Right Hand Grab,Apple_Slice2_C_2147482328
412.070099,Right Hand Released,Apple_Slice2_C_2147482328
414.202332,Right Hand Grab,StirSpoonPie_C_2147482370
417.817993,Right Hand Released,StirSpoonPie_C_2147482370
419.346649,Left Hand Grab,PieBowl_C_2147482360
420.686951,Right Hand Grab,StirSpoonPie_C_2147482370
433.785217,Left Hand Released,PieBowl_C_2147482360
433.818054,Right Hand Released,StirSpoonPie_C_2147482370
442.088531,Left Hand Grab,None
442.255127,Right Hand Grab,PillsberryDoughGirl_C_2147482302
449.471802,Right Hand Grab,ApplePieCookbook_C_0
455.396515,Left Hand Grab,PieBowl_C_2147482360
455.396515,Right Hand Grab,StirSpoonPie_C_2147482370
457.738312,Left Hand Released,PieBowl_C_2147482360
459.004333,Right Hand Released,StirSpoonPie_C_2147482370
468.091827,Right Hand Grab,PillsberryDoughBoy_C_2147482303
468.137543,Left Hand Grab,PillsberryDoughBoy_C_2147482303
471.802734,Right Hand Grab,ApplePieCookbook_C_0
480.166595,Right Hand Grab,oven_C_1
482.865417,Right Hand Grab,PiePan_C_2147482368
483.133179,Left Hand Grab,SaucePot_C_2147482376
487.237701,Left Hand Released,SaucePot_C_2147482376
489.984131,Right Hand Released,PiePan_C_2147482368
491.865356,Right Hand Grab,None
493.196472,Right Hand Grab,None
493.994843,Right Hand Grab,None
495.797241,Right Hand Grab,oven_C_1
509.753693,Right Hand Grab,ApplePieCookbook_C_0
512.286743,Right Hand Grab,oven_C_1
513.889038,Left Hand Grab,PiePan_C_2147482368
513.889038,Right Hand Grab,PiePan_C_2147482368
518.503296,Left Hand Released,PiePan_C_2147482368
519.124634,Right Hand Released,PiePan_C_2147482368
520.195251,Left Hand Grab,PiePan_C_2147482368
520.262085,Right Hand Grab,None
521.265198,Left Hand Released,PiePan_C_2147482368
