Session Time,Action Type,Interacted Object
7.245441,Right Hand Grab,ApplePieCookbook_C_0
25.26935,Right Hand Grab,ApplePieCookbook_C_0
31.97776,Right Hand Grab,SugarJar_C_2147482372
34.503105,Right Hand Released,SugarJar_C_2147482372
38.653286,Right Hand Grab,WaterPitcher_C_2147482371
39.76828,Right Hand Released,WaterPitcher_C_2147482371
52.550171,Right Hand Grab,StaticMeshActor_31
54.60202,Right Hand Released,StaticMeshActor_31
55.757069,Right Hand Grab,NewMeasuringCup_C_2147482377
63.234276,Right Hand Released,NewMeasuringCup_C_2147482377
91.419289,Right Hand Grab,NewMeasuringCup_C_2147482377
113.65052,Right Hand Released,NewMeasuringCup_C_2147482377
119.434814,Right Hand Grab,WaterPitcher_C_2147482371
131.890823,Right Hand Released,WaterPitcher_C_2147482371
132.380447,Right Hand Grab,StaticMeshActor_84
133.964294,Right Hand Released,StaticMeshActor_84
134.631775,Right Hand Grab,WaterPitcher_C_2147482371
135.92775,Right Hand Released,WaterPitcher_C_2147482371
136.994736,Right Hand Grab,WaterPitcher_C_2147482371
139.573959,Right Hand Released,WaterPitcher_C_2147482371
152.842087,Right Hand Grab,StaticMeshActor_31
153.672058,Right Hand Released,StaticMeshActor_31
154.708618,Right Hand Grab,SugarJar_C_2147482372
157.742722,Right Hand Released,SugarJar_C_2147482372
159.471466,Right Hand Grab,ButterHolder_C_2147482374
160.879486,Right Hand Released,ButterHolder_C_2147482374
162.077911,Right Hand Grab,ButterHolder_C_2147482374
163.080627,Right Hand Released,ButterHolder_C_2147482374
164.343597,Right Hand Grab,Butter_C_2147482373
166.635452,Right Hand Released,Butter_C_2147482373
168.302063,Right Hand Grab,ButterHolder_C_2147482374
169.135712,Right Hand Released,ButterHolder_C_2147482374
170.340256,Right Hand Grab,Butter_C_2147482363
176.595673,Right Hand Grab,PieBowl_C_2147482361
177.37767,Right Hand Released,PieBowl_C_2147482361
178.223969,Right Hand Grab,StaticMeshActor_31
179.30925,Right Hand Released,StaticMeshActor_31
182.801041,Right Hand Grab,Apple_C_2147482395
184.222809,Right Hand Released,Apple_C_2147482395
188.266754,Right Hand Grab,StaticMeshActor_23
188.869949,Right Hand Released,StaticMeshActor_23
189.852127,Right Hand Grab,PieBowl_C_2147482361
191.631149,Right Hand Released,PieBowl_C_2147482361
195.205765,Right Hand Grab,Knife_C_1
199.676422,Chopped,Apple_C_2147482395
201.209351,Chopped,Apple_Half2_C_2147482358
202.139038,Chopped,Apple_Half_C_2147482359
203.303482,Right Hand Released,Knife_C_1
205.126785,Right Hand Grab,Apple_Slice2_C_2147482354
206.10289,Right Hand Released,Apple_Slice2_C_2147482354
206.702728,Right Hand Grab,Apple_Slice4_C_2147482356
207.098404,Right Hand Released,Apple_Slice4_C_2147482356
207.431946,Right Hand Grab,Apple_Slice_C_2147482355
208.601913,Right Hand Released,Apple_Slice_C_2147482355
211.160431,Right Hand Grab,Apple_Slice3_C_2147482357
212.160294,Right Hand Released,Apple_Slice3_C_2147482357
215.896606,Right Hand Grab,Apple_Slice_C_2147482355
217.929276,Right Hand Released,Apple_Slice_C_2147482355
219.928436,Right Hand Grab,None
226.684814,Right Hand Grab,Apple_C_2147482360
228.729355,Right Hand Released,Apple_C_2147482360
230.408157,Right Hand Grab,StaticMeshActor_23
231.295593,Right Hand Released,StaticMeshActor_23
231.987442,Right Hand Grab,Knife_C_1
232.97197,Chopped,Apple_C_2147482360
233.872467,Chopped,Apple_Half_C_2147482352
235.138168,Right Hand Released,Knife_C_1
236.538864,Right Hand Grab,Apple_Half_C_2147482352
237.006683,Right Hand Released,Apple_Half_C_2147482352
240.210556,Right Hand Grab,WaterPitcher_C_2147482371
242.202301,Right Hand Released,WaterPitcher_C_2147482371
243.383621,Right Hand Grab,WaterPitcher_C_2147482371
244.566162,Right Hand Released,WaterPitcher_C_2147482371
245.453018,Right Hand Grab,StaticMeshActor_23
246.160721,Right Hand Released,StaticMeshActor_23
246.894745,Right Hand Grab,Knife_C_1
248.274811,Chopped,Apple_Half2_C_2147482351
249.565247,Chopped,Apple_Slice4_C_2147482347
251.192139,Right Hand Released,Knife_C_1
253.058868,Right Hand Grab,Apple_Slice4_C_2147482347
254.355026,Right Hand Released,Apple_Slice4_C_2147482347
256.595337,Right Hand Grab,CinnyShakerGrabable_C_2147482375
257.687012,Right Hand Released,CinnyShakerGrabable_C_2147482375
258.689362,Right Hand Grab,StaticMeshActor_23
259.600311,Right Hand Released,StaticMeshActor_23
261.755554,Right Hand Grab,Apple_Slice4_C_2147482347
262.819611,Right Hand Released,Apple_Slice4_C_2147482347
263.988007,Right Hand Grab,Apple_Slice3_C_2147482348
265.551788,Right Hand Released,Apple_Slice3_C_2147482348
269.086731,Right Hand Grab,Knife_C_1
270.329254,Chopped,Apple_Half_C_2147482352
271.949677,Chopped,Apple_Slice2_C_2147482345
273.653381,Right Hand Released,Knife_C_1
274.63385,Right Hand Grab,Apple_Slice_C_2147482346
275.752167,Right Hand Released,Apple_Slice_C_2147482346
276.681213,Right Hand Grab,Apple_Slice2_C_2147482345
277.718109,Right Hand Released,Apple_Slice2_C_2147482345
286.518768,Right Hand Grab,Apple_C_2147482394
288.485382,Right Hand Released,Apple_C_2147482394
290.048431,Right Hand Grab,Knife_C_1
291.285004,Chopped,Apple_C_2147482394
292.281799,Chopped,Apple_Half2_C_2147482340
294.412994,Chopped,Apple_Half_C_2147482341
295.509003,Chopped,Apple_Half2_C_2147482340
296.938843,Right Hand Released,Knife_C_1
298.302002,Right Hand Grab,Apple_Slice_C_2147482339
299.436279,Right Hand Released,Apple_Slice_C_2147482339
300.436707,Right Hand Grab,Apple_Slice2_C_2147482338
301.399139,Right Hand Released,Apple_Slice2_C_2147482338
302.940033,Right Hand Grab,PieBowl_C_2147482361
304.701904,Right Hand Released,PieBowl_C_2147482361
306.766876,Right Hand Grab,Apple_Slice3_C_2147482337
307.929871,Right Hand Released,Apple_Slice3_C_2147482337
309.270142,Right Hand Grab,Apple_Slice4_C_2147482336
310.269897,Right Hand Released,Apple_Slice4_C_2147482336
311.303162,Right Hand Grab,Apple_C_2147482342
312.845398,Right Hand Released,Apple_C_2147482342
314.632233,Right Hand Grab,WaterPitcher_C_2147482371
315.902008,Right Hand Released,WaterPitcher_C_2147482371
317.020081,Right Hand Grab,Knife_C_1
318.417236,Chopped,Apple_C_2147482342
319.36795,Chopped,Apple_Half2_C_2147482331
321.066254,Chopped,Apple_Half_C_2147482332
322.029633,Chopped,Apple_Half2_C_2147482331
324.162506,Right Hand Released,Knife_C_1
325.994781,Right Hand Grab,Apple_Slice_C_2147482330
326.999512,Right Hand Released,Apple_Slice_C_2147482330
327.79895,Right Hand Grab,Apple_Slice2_C_2147482329
328.66156,Right Hand Released,Apple_Slice2_C_2147482329
329.531036,Left Hand Grab,Apple_Slice3_C_2147482328
329.564758,Right Hand Grab,Apple_Slice3_C_2147482328
330.694458,Right Hand Released,Apple_Slice3_C_2147482328
330.727539,Left Hand Released,Apple_Slice3_C_2147482328
331.697815,Left Hand Grab,Apple_Slice4_C_2147482327
332.964722,Left Hand Released,Apple_Slice4_C_2147482327
338.931274,Right Hand Grab,Apple_C_2147482335
340.453796,Right Hand Released,Apple_C_2147482335
341.784576,Right Hand Grab,StirSpoonPie_C_2147482370
343.588684,Right Hand Released,StirSpoonPie_C_2147482370
345.670593,Right Hand Grab,Knife_C_1
347.337769,Chopped,Apple_C_2147482335
350.209534,Chopped,Apple_Half2_C_2147482322
353.178772,Chopped,Apple_Slice3_C_2147482321
354.111816,Chopped,Apple_Slice3_C_2147482321
355.415375,Right Hand Released,Knife_C_1
356.774841,Right Hand Grab,Apple_Slice3_C_2147482321
357.615723,Right Hand Released,Apple_Slice3_C_2147482321
361.147308,Right Hand Grab,UnecessaryPomegranate_C_2147482378
361.303711,Right Hand Released,UnecessaryPomegranate_C_2147482378
364.336212,Right Hand Grab,ApplePieCookbook_C_0
371.349335,Right Hand Grab,CinnyShakerGrabable_C_2147482375
376.945251,Right Hand Released,CinnyShakerGrabable_C_2147482375
383.348969,Left Hand Grab,SaucePot_C_2147482376
383.716766,Right Hand Grab,SaucePot_C_2147482376
390.402588,Right Hand Released,SaucePot_C_2147482376
390.435211,Left Hand Released,SaucePot_C_2147482376
391.306427,Left Hand Grab,SaucePot_C_2147482376
391.306427,Right Hand Grab,SaucePot_C_2147482376
392.388489,Right Hand Released,SaucePot_C_2147482376
392.388489,Left Hand Released,SaucePot_C_2147482376
392.699066,Left Hand Grab,SaucePot_C_2147482376
392.810425,Right Hand Grab,SaucePot_C_2147482376
393.302551,Left Hand Released,SaucePot_C_2147482376
393.324646,Right Hand Released,SaucePot_C_2147482376
396.949036,Right Hand Grab,ApplePieCookbook_C_0
409.916962,Right Hand Grab,StaticMeshActor_23
410.736084,Right Hand Released,StaticMeshActor_23
411.428345,Right Hand Grab,StirSpoonPie_C_2147482370
415.951385,Left Hand Grab,PieBowl_C_2147482361
422.310669,Right Hand Released,StirSpoonPie_C_2147482370
423.134949,Right Hand Grab,StirSpoonPie_C_2147482370
433.910309,Right Hand Released,StirSpoonPie_C_2147482370
434.944214,Right Hand Grab,PieBowl_C_2147482361
435.845154,Right Hand Released,PieBowl_C_2147482361
435.878235,Left Hand Released,PieBowl_C_2147482361
448.490265,Right Hand Grab,PillsberryDoughGirl_C_2147482316
454.723267,Right Hand Grab,ApplePieCookbook_C_0
458.774414,Right Hand Grab,PieBowl_C_2147482361
462.484772,Right Hand Released,PieBowl_C_2147482361
468.275635,Right Hand Grab,PieBowl_C_2147482361
469.247101,Right Hand Released,PieBowl_C_2147482361
469.746002,Left Hand Grab,PillsberryDoughBoy_C_2147482317
469.813354,Right Hand Grab,PillsberryDoughBoy_C_2147482317
471.813599,Right Hand Released,PillsberryDoughBoy_C_2147482317
471.857941,Left Hand Released,PillsberryDoughBoy_C_2147482317
474.196472,Right Hand Grab,ApplePieCookbook_C_0
477.970581,Right Hand Grab,oven_C_1
481.328552,Right Hand Grab,PiePan_C_2147482368
484.481995,Right Hand Released,PiePan_C_2147482368
485.815948,Right Hand Grab,oven_C_1
500.532257,Right Hand Grab,oven_C_1
503.221344,Right Hand Grab,PieBowl_C_2147482361
504.066132,Right Hand Released,PieBowl_C_2147482361
505.087524,Right Hand Grab,None
506.333618,Right Hand Grab,PiePan_C_2147482368
509.664246,Right Hand Released,PiePan_C_2147482368
512.122192,Right Hand Grab,oven_C_1
514.703308,Right Hand Grab,ApplePieCookbook_C_0
