Session Time,Action Type,Interacted Object
6.583894,Right Hand Grab,ApplePieCookbook_C_0
6.607076,Left Hand Grab,None
13.935595,Right Hand Grab,ApplePieCookbook_C_0
18.129238,Right Hand Grab,SugarJar_C_2147482372
19.743647,Right Hand Released,SugarJar_C_2147482372
21.4925,Right Hand Grab,StaticMeshActor_31
22.361538,Right Hand Released,StaticMeshActor_31
23.431129,Left Hand Grab,None
27.999983,Left Hand Grab,None
30.506466,Left Hand Grab,NewMeasuringCup_C_2147482377
36.699577,Left Hand Released,NewMeasuringCup_C_2147482377
38.547382,Left Hand Grab,NewMeasuringCup_C_2147482377
40.561794,Left Hand Released,NewMeasuringCup_C_2147482377
44.47995,Left Hand Grab,NewMeasuringCup_C_2147482377
45.875084,Left Hand Released,NewMeasuringCup_C_2147482377
52.262424,Right Hand Grab,WaterPitcher_C_2147482371
67.319534,Right Hand Released,WaterPitcher_C_2147482371
68.185562,Right Hand Grab,None
69.053551,Right Hand Grab,WaterPitcher_C_2147482371
74.496552,Right Hand Released,WaterPitcher_C_2147482371
86.677139,Right Hand Grab,StaticMeshActor_31
87.573524,Right Hand Released,StaticMeshActor_31
89.042625,Right Hand Grab,StaticMeshActor_31
89.780647,Right Hand Released,StaticMeshActor_31
91.24382,Left Hand Grab,ButterHolder_C_2147482374
93.766609,Left Hand Released,ButterHolder_C_2147482374
95.705589,Left Hand Grab,Butter_C_2147482373
101.017242,Left Hand Grab,Butter_C_2147482365
106.579872,Right Hand Grab,SugarJar_C_2147482372
107.71228,Right Hand Released,SugarJar_C_2147482372
115.028145,Right Hand Grab,Apple_C_2147482394
120.608749,Right Hand Released,Apple_C_2147482394
122.631248,Right Hand Grab,StirSpoonPie_C_2147482370
123.546066,Right Hand Released,StirSpoonPie_C_2147482370
124.416191,Right Hand Grab,StirSpoonPie_C_2147482370
124.94973,Right Hand Released,StirSpoonPie_C_2147482370
125.908791,Right Hand Grab,Knife_C_1
128.503448,Chopped,Apple_C_2147482394
129.081604,Chopped,Apple_Half_C_2147482361
135.867371,Chopped,Apple_Half_C_2147482361
137.230469,Chopped,Apple_Half2_C_2147482360
140.367432,Right Hand Released,Knife_C_1
141.863419,Right Hand Grab,Apple_Slice4_C_2147482356
143.071335,Right Hand Released,Apple_Slice4_C_2147482356
143.667801,Right Hand Grab,Apple_Slice3_C_2147482357
144.772476,Right Hand Released,Apple_Slice3_C_2147482357
145.539871,Right Hand Grab,Apple_Slice2_C_2147482358
146.17395,Right Hand Released,Apple_Slice2_C_2147482358
146.740768,Right Hand Grab,Apple_Slice2_C_2147482358
147.140503,Right Hand Released,Apple_Slice2_C_2147482358
148.575729,Right Hand Grab,Knife_C_1
149.941437,Right Hand Released,Knife_C_1
151.254211,Right Hand Grab,Apple_Slice_C_2147482359
152.601929,Right Hand Released,Apple_Slice_C_2147482359
153.935394,Right Hand Grab,Knife_C_1
154.168732,Left Hand Grab,Apple_Slice2_C_2147482358
155.406479,Left Hand Released,Apple_Slice2_C_2147482358
155.472794,Right Hand Released,Knife_C_1
158.005341,Right Hand Grab,Apple_C_2147482395
159.828354,Right Hand Released,Apple_C_2147482395
161.886536,Right Hand Grab,Apple_C_2147482362
163.311829,Right Hand Released,Apple_C_2147482362
164.760605,Right Hand Grab,Knife_C_1
165.771606,Chopped,Apple_C_2147482395
167.327042,Chopped,Apple_Half_C_2147482351
168.789612,Right Hand Released,Knife_C_1
170.396133,Left Hand Grab,Apple_C_2147482362
170.46344,Right Hand Grab,Apple_C_2147482362
171.533157,Right Hand Released,Apple_C_2147482362
171.533157,Left Hand Released,Apple_C_2147482362
172.870392,Left Hand Grab,Apple_Slice2_C_2147482348
172.936615,Right Hand Grab,Knife_C_1
173.905228,Right Hand Released,Knife_C_1
173.905228,Left Hand Released,Apple_Slice2_C_2147482348
174.971481,Right Hand Grab,Knife_C_1
175.6035,Right Hand Released,Knife_C_1
178.169159,Right Hand Grab,Apple_C_2147482362
178.803101,Right Hand Released,Apple_C_2147482362
180.437805,Right Hand Grab,Knife_C_1
180.670654,Left Hand Grab,Knife_C_1
181.537918,Chopped,Apple_Half2_C_2147482350
182.503387,Left Hand Released,Knife_C_1
182.537292,Right Hand Released,Knife_C_1
183.701279,Left Hand Grab,Apple_Slice4_C_2147482346
183.701279,Right Hand Grab,Knife_C_1
184.668671,Chopped,Apple_Slice_C_2147482349
184.935181,Left Hand Released,Apple_Slice4_C_2147482346
185.002411,Right Hand Released,Knife_C_1
186.031357,Right Hand Grab,Knife_C_1
186.264648,Left Hand Grab,Knife_C_1
187.06752,Chopped,Apple_Slice_C_2147482349
188.000626,Left Hand Released,Knife_C_1
188.890533,Right Hand Released,Knife_C_1
190.422119,Left Hand Grab,Apple_Slice3_C_2147482347
190.562424,Right Hand Grab,Apple_Slice3_C_2147482347
191.696014,Left Hand Released,Apple_Slice3_C_2147482347
191.728821,Right Hand Released,Apple_Slice3_C_2147482347
192.724792,Left Hand Grab,PieBowl_C_2147482363
192.857956,Right Hand Grab,Apple_Slice_C_2147482349
194.095047,Left Hand Released,PieBowl_C_2147482363
195.898346,Right Hand Released,Apple_Slice_C_2147482349
197.328918,Right Hand Grab,Apple_C_2147482362
198.599945,Right Hand Released,Apple_C_2147482362
200.302032,Right Hand Grab,Knife_C_1
201.447922,Chopped,Apple_C_2147482362
202.59433,Chopped,Apple_Half_C_2147482345
203.99054,Right Hand Released,Knife_C_1
205.659164,Right Hand Grab,Apple_Slice_C_2147482343
206.562454,Right Hand Released,Apple_Slice_C_2147482343
207.527313,Right Hand Grab,Apple_Slice2_C_2147482342
210.829407,Right Hand Released,Apple_Slice2_C_2147482342
212.162842,Right Hand Grab,Apple_Slice2_C_2147482342
213.661591,Right Hand Released,Apple_Slice2_C_2147482342
214.89238,Left Hand Grab,PieBowl_C_2147482363
214.925629,Right Hand Grab,PieBowl_C_2147482363
216.292633,Right Hand Released,PieBowl_C_2147482363
216.292633,Left Hand Released,PieBowl_C_2147482363
217.191574,Right Hand Grab,Apple_Half2_C_2147482344
218.461609,Right Hand Released,Apple_Half2_C_2147482344
220.750076,Right Hand Grab,Apple_C_2147482352
222.264496,Right Hand Released,Apple_C_2147482352
223.690613,Right Hand Grab,Knife_C_1
224.659546,Chopped,Apple_C_2147482352
225.774445,Chopped,Apple_Half_C_2147482338
227.125854,Right Hand Released,Knife_C_1
228.291809,Right Hand Grab,Apple_Slice2_C_2147482335
228.491699,Left Hand Grab,Apple_Slice2_C_2147482335
229.35965,Left Hand Released,Apple_Slice2_C_2147482335
229.526108,Right Hand Released,Apple_Slice2_C_2147482335
230.62616,Right Hand Grab,Apple_Half2_C_2147482337
232.991669,Right Hand Released,Apple_Half2_C_2147482337
233.993622,Right Hand Grab,Knife_C_1
235.393005,Chopped,Apple_Half2_C_2147482337
236.554779,Right Hand Released,Knife_C_1
237.559036,Left Hand Grab,Apple_Slice3_C_2147482334
237.658798,Right Hand Grab,Apple_Slice3_C_2147482334
238.692108,Left Hand Released,Apple_Slice3_C_2147482334
240.689362,Right Hand Released,Apple_Slice3_C_2147482334
241.820511,Right Hand Grab,Knife_C_1
243.084778,Right Hand Released,Knife_C_1
244.79248,Right Hand Grab,Apple_Slice_C_2147482336
245.793625,Right Hand Released,Apple_Slice_C_2147482336
246.722809,Right Hand Grab,Apple_Slice4_C_2147482333
247.72084,Right Hand Released,Apple_Slice4_C_2147482333
250.281601,Right Hand Grab,Apple_C_2147482341
251.839035,Right Hand Released,Apple_C_2147482341
255.652008,Right Hand Grab,Knife_C_1
256.655701,Chopped,Apple_C_2147482341
257.873474,Chopped,Apple_Half2_C_2147482330
258.948395,Chopped,Apple_Half_C_2147482331
259.544403,Right Hand Released,Knife_C_1
261.937592,Right Hand Grab,Knife_C_1
262.98584,Right Hand Released,Knife_C_1
264.233398,Right Hand Grab,Knife_C_1
265.171265,Right Hand Released,Knife_C_1
266.588654,Right Hand Grab,Apple_Slice4_C_2147482328
267.484436,Right Hand Released,Apple_Slice4_C_2147482328
268.380768,Right Hand Grab,Apple_Slice3_C_2147482329
269.213531,Right Hand Released,Apple_Slice3_C_2147482329
270.118225,Right Hand Grab,Apple_Slice2_C_2147482326
270.980804,Right Hand Released,Apple_Slice2_C_2147482326
271.751007,Right Hand Grab,Apple_Slice_C_2147482327
272.483856,Right Hand Released,Apple_Slice_C_2147482327
277.893463,Right Hand Grab,ApplePieCookbook_C_0
285.780548,Right Hand Grab,StaticMeshActor_84
286.939423,Right Hand Released,StaticMeshActor_84
288.364655,Right Hand Grab,StaticMeshActor_84
289.562408,Right Hand Released,StaticMeshActor_84
291.162903,Right Hand Grab,StaticMeshActor_84
292.00946,Right Hand Released,StaticMeshActor_84
292.628174,Right Hand Grab,CinnyShakerGrabable_C_2147482375
297.073547,Right Hand Released,CinnyShakerGrabable_C_2147482375
298.673492,Right Hand Grab,CinnyShakerGrabable_C_2147482375
304.034241,Right Hand Released,CinnyShakerGrabable_C_2147482375
304.837097,Right Hand Grab,CinnyShakerGrabable_C_2147482375
305.619904,Right Hand Released,CinnyShakerGrabable_C_2147482375
315.246002,Right Hand Grab,SaucePot_C_2147482376
321.372528,Right Hand Released,SaucePot_C_2147482376
324.090271,Right Hand Grab,ApplePieCookbook_C_0
332.585815,Right Hand Grab,StaticMeshActor_23
333.786194,Right Hand Released,StaticMeshActor_23
334.540344,Right Hand Grab,StirSpoonPie_C_2147482370
343.993286,Right Hand Released,StirSpoonPie_C_2147482370
345.29953,Right Hand Grab,None
347.269775,Left Hand Grab,StaticMeshActor_31
347.304718,Right Hand Grab,PieBowl_C_2147482363
349.662994,Right Hand Released,PieBowl_C_2147482363
349.911499,Left Hand Released,StaticMeshActor_31
352.23288,Right Hand Grab,PieBowl_C_2147482363
353.785675,Right Hand Released,PieBowl_C_2147482363
354.958893,Right Hand Grab,PieBowl_C_2147482363
356.098694,Right Hand Released,PieBowl_C_2147482363
358.55246,Right Hand Grab,PieBowl_C_2147482363
360.892395,Right Hand Released,PieBowl_C_2147482363
363.188812,Right Hand Grab,StirSpoonPie_C_2147482370
368.585541,Left Hand Grab,PieBowl_C_2147482363
374.427246,Right Hand Released,StirSpoonPie_C_2147482370
374.470337,Left Hand Released,PieBowl_C_2147482363
382.881927,Right Hand Grab,PieBowl_C_2147482363
384.343018,Right Hand Released,PieBowl_C_2147482363
387.354492,Right Hand Grab,StaticMeshActor_31
389.218353,Right Hand Released,StaticMeshActor_31
390.358002,Right Hand Grab,PieBowl_C_2147482363
391.794861,Right Hand Released,PieBowl_C_2147482363
394.232086,Right Hand Grab,PieBowl_C_2147482363
395.344696,Right Hand Released,PieBowl_C_2147482363
396.572906,Right Hand Grab,StirSpoonPie_C_2147482370
397.358948,Right Hand Released,StirSpoonPie_C_2147482370
399.021637,Right Hand Grab,StirSpoonPie_C_2147482370
408.289032,Right Hand Released,StirSpoonPie_C_2147482370
409.936279,Right Hand Grab,PieBowl_C_2147482363
411.23938,Right Hand Released,PieBowl_C_2147482363
466.354919,Right Hand Grab,StaticMeshActor_23
467.667236,Right Hand Released,StaticMeshActor_23
468.867126,Right Hand Grab,StirSpoonPie_C_2147482370
482.83139,Right Hand Released,StirSpoonPie_C_2147482370
496.923157,Right Hand Grab,PieBowl_C_2147482363
496.989777,Left Hand Grab,StaticMeshActor_31
498.630981,Right Hand Released,PieBowl_C_2147482363
498.630981,Left Hand Released,StaticMeshActor_31
500.503784,Right Hand Grab,PillsberryDoughGirl_C_2147482314
500.537933,Left Hand Grab,PillsberryDoughGirl_C_2147482314
510.254303,Right Hand Grab,None
511.818207,Left Hand Grab,ApplePieCookbook_C_0
511.884247,Right Hand Grab,ApplePieCookbook_C_0
518.968994,Left Hand Grab,ApplePieCookbook_C_0
526.608948,Left Hand Grab,PieBowl_C_2147482363
526.630798,Right Hand Grab,PieBowl_C_2147482363
528.623718,Left Hand Released,PieBowl_C_2147482363
528.934204,Left Hand Grab,None
529.382568,Right Hand Released,PieBowl_C_2147482363
534.540039,Right Hand Grab,PillsberryDoughBoy_C_2147482315
534.607178,Left Hand Grab,StaticMeshActor_31
536.136292,Left Hand Released,StaticMeshActor_31
538.962646,Right Hand Grab,ApplePieCookbook_C_0
545.027527,Right Hand Grab,oven_C_1
549.715515,Left Hand Grab,SugarJar_C_2147482372
549.738281,Right Hand Grab,PiePan_C_2147482368
555.858032,Left Hand Released,SugarJar_C_2147482372
555.901978,Right Hand Released,PiePan_C_2147482368
557.797913,Right Hand Grab,oven_C_1
578.508179,Right Hand Grab,oven_C_1
580.977356,Left Hand Grab,None
581.133545,Right Hand Grab,PiePan_C_2147482368
584.921387,Right Hand Released,PiePan_C_2147482368
587.376892,Right Hand Grab,oven_C_1
600.08374,Right Hand Grab,ApplePieCookbook_C_0
