Session Time,Action Type,Interacted Object
12.71202,Right Hand Grab,ApplePieCookbook_C_0
49.60223,Left Hand Grab,None
51.764648,Left Hand Grab,ApplePieCookbook_C_0
59.627254,Left Hand Grab,NewMeasuringCup_C_2147482377
62.200829,Left Hand Released,NewMeasuringCup_C_2147482377
63.535778,Left Hand Grab,SugarJar_C_2147482372
64.928711,Left Hand Released,SugarJar_C_2147482372
66.977882,Left Hand Grab,NewMeasuringCup_C_2147482377
77.270096,Left Hand Released,NewMeasuringCup_C_2147482377
78.199684,Left Hand Grab,StaticMeshActor_31
79.757683,Left Hand Released,StaticMeshActor_31
80.586235,Right Hand Grab,SugarJar_C_2147482372
81.689453,Right Hand Released,SugarJar_C_2147482372
82.957108,Left Hand Grab,StaticMeshActor_31
84.322113,Left Hand Released,StaticMeshActor_31
84.991257,Left Hand Grab,NewMeasuringCup_C_2147482377
86.526787,Left Hand Released,NewMeasuringCup_C_2147482377
88.996941,Left Hand Grab,SugarJar_C_2147482372
90.7127,Left Hand Released,SugarJar_C_2147482372
94.164261,Right Hand Grab,WaterPitcher_C_2147482371
101.535889,Right Hand Released,WaterPitcher_C_2147482371
101.917847,Right Hand Grab,WaterPitcher_C_2147482371
102.985741,Right Hand Released,WaterPitcher_C_2147482371
104.580566,Right Hand Grab,WaterPitcher_C_2147482371
105.316704,Right Hand Released,WaterPitcher_C_2147482371
112.766747,Left Hand Grab,StaticMeshActor_31
114.038055,Left Hand Released,StaticMeshActor_31
114.6381,Left Hand Grab,NewMeasuringCup_C_2147482377
116.674255,Left Hand Released,NewMeasuringCup_C_2147482377
117.606766,Left Hand Grab,StaticMeshActor_31
118.306953,Left Hand Released,StaticMeshActor_31
118.606865,Left Hand Grab,StaticMeshActor_31
119.373093,Left Hand Released,StaticMeshActor_31
120.005363,Right Hand Grab,ButterHolder_C_2147482374
121.335426,Right Hand Released,ButterHolder_C_2147482374
122.872459,Right Hand Grab,StaticMeshActor_31
125.472359,Right Hand Released,StaticMeshActor_31
127.10894,Right Hand Grab,Butter_C_2147482373
128.673187,Right Hand Released,Butter_C_2147482373
130.067383,Right Hand Grab,Butter_C_2147482363
133.941055,Right Hand Grab,PieBowl_C_2147482361
135.37677,Right Hand Released,PieBowl_C_2147482361
141.106247,Right Hand Grab,None
142.39917,Right Hand Grab,Apple_C_2147482397
145.205154,Right Hand Released,Apple_C_2147482397
147.06424,Right Hand Grab,StirSpoonPie_C_2147482370
147.932831,Right Hand Released,StirSpoonPie_C_2147482370
148.842804,Right Hand Grab,StaticMeshActor_84
149.755432,Right Hand Released,StaticMeshActor_84
150.442505,Right Hand Grab,CinnyShakerGrabable_C_2147482375
151.444,Right Hand Released,CinnyShakerGrabable_C_2147482375
152.067047,Right Hand Grab,StirSpoonPie_C_2147482370
152.866837,Right Hand Released,StirSpoonPie_C_2147482370
153.706604,Right Hand Grab,Knife_C_1
156.232437,Left Hand Grab,Knife_C_1
156.962448,Right Hand Released,Knife_C_1
157.394669,Chopped,Apple_C_2147482397
157.932404,Chopped,Apple_Half_C_2147482359
159.436691,Chopped,Apple_Half2_C_2147482358
160.501968,Chopped,Apple_Half_C_2147482359
160.536835,Left Hand Released,Knife_C_1
163.933563,Right Hand Grab,Apple_Slice2_C_2147482354
164.867493,Right Hand Released,Apple_Slice2_C_2147482354
165.796005,Right Hand Grab,Apple_Slice_C_2147482355
167.898148,Right Hand Released,Apple_Slice_C_2147482355
169.633926,Right Hand Grab,Apple_Slice_C_2147482355
170.530411,Right Hand Released,Apple_Slice_C_2147482355
171.432098,Right Hand Grab,Apple_Slice2_C_2147482354
172.432541,Right Hand Released,Apple_Slice2_C_2147482354
174.168182,Left Hand Grab,PieBowl_C_2147482361
175.067551,Left Hand Released,PieBowl_C_2147482361
175.634338,Left Hand Grab,PieBowl_C_2147482361
176.702789,Left Hand Released,PieBowl_C_2147482361
177.437103,Left Hand Grab,PieBowl_C_2147482361
178.43515,Left Hand Released,PieBowl_C_2147482361
182.801697,Left Hand Grab,Apple_Slice3_C_2147482357
184.665146,Left Hand Released,Apple_Slice3_C_2147482357
187.228607,Left Hand Grab,Knife_C_1
188.696365,Left Hand Released,Knife_C_1
190.031998,Left Hand Grab,Apple_Slice4_C_2147482356
195.230453,Left Hand Grab,StaticMeshActor_31
196.529816,Left Hand Released,StaticMeshActor_31
197.89859,Left Hand Grab,StaticMeshActor_31
198.79863,Left Hand Released,StaticMeshActor_31
205.338181,Right Hand Grab,Apple_C_2147482360
207.626083,Right Hand Released,Apple_C_2147482360
208.455093,Right Hand Grab,Knife_C_1
208.889236,Chopped,Apple_C_2147482360
209.625793,Chopped,Apple_Half2_C_2147482349
210.692215,Chopped,Apple_Half2_C_2147482349
211.921265,Chopped,Apple_Slice4_C_2147482347
213.191284,Right Hand Released,Knife_C_1
214.757828,Right Hand Grab,Knife_C_1
215.526077,Chopped,Apple_Half_C_2147482350
216.792404,Right Hand Released,Knife_C_1
218.159622,Right Hand Grab,Knife_C_1
218.926346,Left Hand Grab,Apple_Slice2_C_2147482345
219.593262,Right Hand Released,Knife_C_1
220.85939,Left Hand Released,Apple_Slice2_C_2147482345
223.434921,Left Hand Grab,Apple_Slice_C_2147482346
228.83403,Left Hand Grab,Apple_Slice4_C_2147482347
230.060577,Left Hand Released,Apple_Slice4_C_2147482347
234.370789,Right Hand Grab,NewMeasuringCup_C_2147482377
236.468628,Right Hand Released,NewMeasuringCup_C_2147482377
238.635895,Left Hand Grab,Apple_Slice3_C_2147482348
240.699493,Left Hand Released,Apple_Slice3_C_2147482348
242.833527,Left Hand Grab,Knife_C_1
244.5327,Left Hand Released,Knife_C_1
247.56778,Right Hand Grab,Apple_C_2147482351
249.699051,Right Hand Released,Apple_C_2147482351
250.761734,Right Hand Grab,Knife_C_1
251.524811,Chopped,Apple_C_2147482351
252.628235,Chopped,Apple_Half2_C_2147482338
254.696701,Chopped,Apple_Half_C_2147482339
255.729431,Chopped,Apple_Slice3_C_2147482337
255.99559,Right Hand Released,Knife_C_1
257.093781,Left Hand Grab,Apple_Slice2_C_2147482334
257.093781,Right Hand Grab,Apple_Slice2_C_2147482334
258.427094,Left Hand Released,Apple_Slice2_C_2147482334
258.894348,Left Hand Grab,Apple_Slice_C_2147482335
260.560486,Left Hand Released,Apple_Slice_C_2147482335
261.695465,Right Hand Released,Apple_Slice2_C_2147482334
262.129883,Right Hand Grab,Apple_Slice2_C_2147482334
264.862823,Left Hand Grab,StaticMeshActor_31
265.095154,Left Hand Released,StaticMeshActor_31
265.395447,Left Hand Grab,StaticMeshActor_31
267.363953,Right Hand Released,Apple_Slice2_C_2147482334
268.42865,Right Hand Grab,StaticMeshActor_31
269.595551,Left Hand Released,StaticMeshActor_31
272.796112,Right Hand Released,StaticMeshActor_31
274.728943,Right Hand Grab,Knife_C_1
276.060059,Right Hand Released,Knife_C_1
276.693268,Right Hand Grab,CinnyShakerGrabable_C_2147482375
277.488953,Right Hand Released,CinnyShakerGrabable_C_2147482375
278.592926,Left Hand Grab,None
279.894592,Left Hand Grab,oven_C_1
282.296936,Left Hand Grab,oven_C_1
285.367371,Right Hand Grab,CinnyShakerGrabable_C_2147482375
288.627869,Right Hand Released,CinnyShakerGrabable_C_2147482375
288.926727,Right Hand Grab,CinnyShakerGrabable_C_2147482375
290.398346,Right Hand Released,CinnyShakerGrabable_C_2147482375
295.232635,Right Hand Grab,Apple_Slice3_C_2147482337
296.399506,Right Hand Released,Apple_Slice3_C_2147482337
298.097168,Right Hand Grab,Apple_Slice4_C_2147482336
299.333405,Right Hand Released,Apple_Slice4_C_2147482336
302.498535,Right Hand Grab,Apple_C_2147482340
303.813507,Right Hand Released,Apple_C_2147482340
305.560486,Right Hand Grab,Knife_C_1
306.786865,Left Hand Grab,CinnyShakerGrabable_C_2147482375
308.167938,Chopped,Apple_C_2147482340
308.734741,Left Hand Released,CinnyShakerGrabable_C_2147482375
308.934357,Right Hand Released,Knife_C_1
309.737701,Right Hand Grab,Knife_C_1
310.572144,Chopped,Apple_Half_C_2147482330
311.9729,Chopped,Apple_Half2_C_2147482329
313.306427,Right Hand Released,Knife_C_1
315.407593,Left Hand Grab,Apple_Slice2_C_2147482325
316.707306,Left Hand Released,Apple_Slice2_C_2147482325
317.941864,Left Hand Grab,Apple_Slice3_C_2147482324
319.476227,Left Hand Released,Apple_Slice3_C_2147482324
320.80661,Left Hand Grab,CinnyShakerGrabable_C_2147482375
321.704376,Left Hand Released,CinnyShakerGrabable_C_2147482375
322.772095,Left Hand Grab,Apple_Slice_C_2147482326
323.872986,Left Hand Released,Apple_Slice_C_2147482326
324.907867,Left Hand Grab,Apple_Slice4_C_2147482323
325.874573,Left Hand Released,Apple_Slice4_C_2147482323
328.485352,Right Hand Grab,None
329.887146,Right Hand Grab,Apple_C_2147482331
331.801941,Right Hand Released,Apple_C_2147482331
332.537781,Right Hand Grab,Knife_C_1
333.268219,Chopped,Apple_C_2147482331
334.505676,Chopped,Apple_Half2_C_2147482320
335.671112,Right Hand Released,Knife_C_1
337.633209,Right Hand Grab,Apple_Half_C_2147482321
338.967438,Right Hand Released,Apple_Half_C_2147482321
340.882233,Right Hand Grab,Apple_Slice3_C_2147482319
342.602051,Right Hand Released,Apple_Slice3_C_2147482319
344.189667,Right Hand Grab,Apple_Slice4_C_2147482318
346.556915,Right Hand Released,Apple_Slice4_C_2147482318
349.126251,Left Hand Grab,Apple_Slice_C_2147482355
350.445129,Left Hand Released,Apple_Slice_C_2147482355
351.803162,Left Hand Grab,PiePan_C_2147482368
353.089539,Left Hand Released,PiePan_C_2147482368
354.529663,Left Hand Grab,Apple_Slice3_C_2147482348
355.800446,Left Hand Released,Apple_Slice3_C_2147482348
359.625,Right Hand Grab,None
361.23111,Right Hand Grab,Apple_C_2147482322
362.978058,Right Hand Released,Apple_C_2147482322
363.562469,Right Hand Grab,Knife_C_1
364.359253,Chopped,Apple_C_2147482322
365.329498,Chopped,Apple_Half2_C_2147482315
365.995483,Chopped,Apple_Half2_C_2147482315
366.660706,Chopped,Apple_Slice4_C_2147482313
368.064758,Right Hand Released,Knife_C_1
369.129272,Left Hand Grab,Apple_Half_C_2147482316
370.561798,Left Hand Released,Apple_Half_C_2147482316
371.028137,Left Hand Grab,Apple_Slice4_C_2147482313
372.328796,Left Hand Released,Apple_Slice4_C_2147482313
373.565613,Left Hand Grab,Apple_Slice3_C_2147482314
375.258118,Left Hand Released,Apple_Slice3_C_2147482314
379.594391,Right Hand Grab,None
381.463989,Right Hand Grab,None
384.862396,Right Hand Grab,ApplePieCookbook_C_0
394.175995,Left Hand Grab,Butter_C_2147482362
395.108398,Left Hand Released,Butter_C_2147482362
395.908234,Left Hand Grab,Butter_C_2147482362
396.478485,Left Hand Released,Butter_C_2147482362
396.612183,Left Hand Grab,None
398.312958,Right Hand Grab,CinnyShakerGrabable_C_2147482375
403.306519,Right Hand Released,CinnyShakerGrabable_C_2147482375
404.10199,Right Hand Grab,PieBowl_C_2147482361
405.73938,Right Hand Released,PieBowl_C_2147482361
418.372681,Left Hand Grab,SaucePot_C_2147482376
426.720917,Left Hand Released,SaucePot_C_2147482376
427.916779,Left Hand Grab,ButterHolder_C_2147482374
428.651215,Left Hand Released,ButterHolder_C_2147482374
429.27243,Left Hand Grab,SaucePot_C_2147482376
430.518463,Left Hand Released,SaucePot_C_2147482376
436.338898,Right Hand Grab,None
437.933929,Right Hand Grab,None
439.384979,Right Hand Grab,None
441.939148,Right Hand Grab,None
446.24765,Left Hand Grab,None
447.670227,Left Hand Grab,ApplePieCookbook_C_0
458.687775,Right Hand Grab,StirSpoonPie_C_2147482370
467.268402,Right Hand Released,StirSpoonPie_C_2147482370
468.512573,Right Hand Grab,StirSpoonPie_C_2147482370
470.336182,Right Hand Released,StirSpoonPie_C_2147482370
472.117401,Left Hand Grab,StirSpoonPie_C_2147482370
473.046753,Left Hand Released,StirSpoonPie_C_2147482370
478.437744,Left Hand Grab,StirSpoonPie_C_2147482370
482.01767,Right Hand Grab,PieBowl_C_2147482361
483.329376,Left Hand Released,StirSpoonPie_C_2147482370
483.462708,Right Hand Released,PieBowl_C_2147482361
484.262024,Left Hand Grab,StirSpoonPie_C_2147482370
485.682587,Left Hand Released,StirSpoonPie_C_2147482370
506.971222,Left Hand Grab,PillsberryDoughGirl_C_2147482304
515.054199,Right Hand Grab,ApplePieCookbook_C_0
522.064392,Right Hand Grab,PieBowl_C_2147482361
527.462891,Right Hand Released,PieBowl_C_2147482361
533.612,Left Hand Grab,PillsberryDoughBoy_C_2147482305
538.931396,Right Hand Grab,None
540.730713,Right Hand Grab,ApplePieCookbook_C_0
546.639221,Left Hand Grab,None
547.681824,Left Hand Grab,PiePan_C_2147482368
549.431946,Right Hand Grab,oven_C_1
552.253601,Left Hand Released,PiePan_C_2147482368
553.684631,Right Hand Grab,oven_C_1
565.767334,Right Hand Grab,None
600.124939,Left Hand Grab,None
601.256226,Left Hand Grab,None
602.103699,Left Hand Grab,Butter_C_2147482362
602.419617,Left Hand Released,Butter_C_2147482362
603.622864,Left Hand Grab,Butter_C_2147482362
604.334473,Left Hand Released,Butter_C_2147482362
617.402161,Right Hand Grab,oven_C_1
620.962219,Right Hand Grab,PiePan_C_2147482368
624.21875,Right Hand Released,PiePan_C_2147482368
626.49646,Right Hand Grab,None
628.007996,Right Hand Grab,oven_C_1
633.77124,Left Hand Grab,PiePan_C_2147482368
633.995605,Left Hand Released,PiePan_C_2147482368
638.284546,Right Hand Grab,None
644.114563,Right Hand Grab,None
644.78009,Right Hand Grab,None
645.29071,Right Hand Grab,ApplePieCookbook_C_0
