Session Time,Action Type,Interacted Object
14.572898,Right Hand Grab,ApplePieCookbook_C_0
104.47731,Right Hand Grab,ApplePieCookbook_C_0
149.524216,Left Hand Grab,NewMeasuringCup_C_2147482377
153.007812,Right Hand Grab,SugarJar_C_2147482372
154.847458,Right Hand Released,SugarJar_C_2147482372
163.29422,Left Hand Released,NewMeasuringCup_C_2147482377
165.167206,Left Hand Grab,NewMeasuringCup_C_2147482377
184.330093,Right Hand Grab,WaterPitcher_C_2147482371
187.353928,Right Hand Released,WaterPitcher_C_2147482371
188.597244,Left Hand Released,NewMeasuringCup_C_2147482377
188.953262,Left Hand Grab,None
189.684387,Right Hand Grab,WaterPitcher_C_2147482371
190.395142,Left Hand Grab,NewMeasuringCup_C_2147482377
212.670258,Right Hand Released,WaterPitcher_C_2147482371
216.096832,Left Hand Released,NewMeasuringCup_C_2147482377
219.550781,Left Hand Grab,None
220.45047,Left Hand Grab,NewMeasuringCup_C_2147482377
222.250244,Left Hand Released,NewMeasuringCup_C_2147482377
230.112625,Left Hand Grab,None
235.996948,Left Hand Grab,StaticMeshActor_31
237.540909,Left Hand Released,StaticMeshActor_31
238.136948,Left Hand Grab,NewMeasuringCup_C_2147482377
240.972641,Left Hand Released,NewMeasuringCup_C_2147482377
243.073257,Left Hand Grab,ButterHolder_C_2147482374
247.933975,Left Hand Released,ButterHolder_C_2147482374
248.601669,Left Hand Grab,SaucePot_C_2147482376
250.296783,Left Hand Released,SaucePot_C_2147482376
251.097885,Left Hand Grab,SaucePot_C_2147482376
253.266281,Left Hand Released,SaucePot_C_2147482376
255.965698,Right Hand Grab,StaticMeshActor_31
257.051056,Right Hand Released,StaticMeshActor_31
257.820892,Right Hand Grab,Butter_C_2147482373
261.224701,Right Hand Released,Butter_C_2147482373
262.761169,Right Hand Grab,Butter_C_2147482360
306.578674,Right Hand Grab,StirSpoonPie_C_2147482370
307.652649,Right Hand Released,StirSpoonPie_C_2147482370
308.341522,Right Hand Grab,Knife_C_1
310.788513,Left Hand Grab,None
312.168518,Left Hand Grab,Apple_C_2147482393
316.346893,Chopped,Apple_C_2147482393
325.513916,Left Hand Grab,PieBowl_C_2147482356
327.548004,Left Hand Released,PieBowl_C_2147482356
328.966858,Left Hand Grab,Apple_C_2147482351
330.458252,Chopped,Apple_C_2147482351
331.750854,Chopped,Apple_Half_C_2147482347
332.784454,Chopped,Apple_Half2_C_2147482346
333.484131,Right Hand Released,Knife_C_1
335.720032,Right Hand Grab,Knife_C_1
337.254059,Left Hand Grab,Apple_C_2147482348
341.447144,Chopped,Apple_C_2147482348
342.144196,Right Hand Released,Knife_C_1
342.980042,Right Hand Grab,Knife_C_1
344.115112,Chopped,Apple_Half2_C_2147482339
345.045105,Chopped,Apple_Half_C_2147482340
345.816376,Chopped,Apple_Slice3_C_2147482338
346.449249,Chopped,Apple_Slice2_C_2147482335
348.010986,Left Hand Grab,Apple_C_2147482341
349.182007,Left Hand Released,Apple_C_2147482341
349.385193,Chopped,Apple_C_2147482341
350.243652,Chopped,Apple_Half2_C_2147482332
351.374023,Left Hand Grab,Apple_C_2147482334
352.713074,Left Hand Released,Apple_C_2147482334
353.020142,Chopped,Apple_C_2147482334
353.639954,Chopped,Apple_Half2_C_2147482329
354.305756,Chopped,Apple_Half2_C_2147482329
356.603485,Chopped,Apple_Half_C_2147482330
357.964386,Chopped,Apple_Half2_C_2147482332
358.794434,Chopped,Apple_Slice3_C_2147482324
360.808258,Right Hand Released,Knife_C_1
361.697723,Left Hand Grab,PieBowl_C_2147482356
362.588257,Left Hand Released,PieBowl_C_2147482356
362.992279,Left Hand Grab,None
364.461884,Left Hand Grab,Apple_Slice2_C_2147482325
364.489838,Right Hand Grab,Apple_Half_C_2147482333
365.43631,Left Hand Released,Apple_Slice2_C_2147482325
365.469879,Right Hand Released,Apple_Half_C_2147482333
366.632141,Left Hand Grab,Apple_Slice_C_2147482326
366.632141,Right Hand Grab,Apple_Slice_C_2147482345
367.635376,Left Hand Released,Apple_Slice_C_2147482326
367.702271,Right Hand Released,Apple_Slice_C_2147482345
369.576721,Left Hand Grab,Apple_Slice3_C_2147482328
369.661407,Right Hand Grab,Apple_Slice2_C_2147482344
370.430908,Left Hand Released,Apple_Slice3_C_2147482328
370.498413,Right Hand Released,Apple_Slice2_C_2147482344
371.428772,Left Hand Grab,StaticMeshActor_31
371.462677,Right Hand Grab,Apple_Slice3_C_2147482343
372.590363,Right Hand Released,Apple_Slice3_C_2147482343
372.982697,Left Hand Released,StaticMeshActor_31
373.361206,Left Hand Grab,PieBowl_C_2147482356
373.42691,Right Hand Grab,PieBowl_C_2147482356
375.165222,Left Hand Released,PieBowl_C_2147482356
375.189117,Right Hand Released,PieBowl_C_2147482356
377.3862,Left Hand Grab,Apple_Slice4_C_2147482327
377.419128,Right Hand Grab,StaticMeshActor_31
378.455566,Right Hand Released,StaticMeshActor_31
378.956116,Left Hand Released,Apple_Slice4_C_2147482327
379.223053,Left Hand Grab,Apple_Slice4_C_2147482327
379.256195,Right Hand Grab,StaticMeshActor_31
380.485962,Left Hand Released,Apple_Slice4_C_2147482327
381.550781,Right Hand Released,StaticMeshActor_31
382.782928,Right Hand Grab,Apple_Slice4_C_2147482327
383.778351,Right Hand Released,Apple_Slice4_C_2147482327
384.011841,Left Hand Grab,Apple_Slice4_C_2147482337
384.815338,Left Hand Released,Apple_Slice4_C_2147482337
385.348633,Left Hand Grab,Apple_Slice3_C_2147482338
386.11853,Left Hand Released,Apple_Slice3_C_2147482338
386.820129,Left Hand Grab,None
387.518402,Right Hand Grab,StaticMeshActor_84
388.917114,Right Hand Released,StaticMeshActor_84
389.617035,Left Hand Grab,PieBowl_C_2147482356
391.683563,Left Hand Released,PieBowl_C_2147482356
392.917511,Right Hand Grab,PieBowl_C_2147482356
393.851227,Right Hand Released,PieBowl_C_2147482356
394.885071,Right Hand Grab,Apple_Slice3_C_2147482324
395.916016,Right Hand Released,Apple_Slice3_C_2147482324
396.515564,Left Hand Grab,Apple_Slice4_C_2147482342
397.846375,Left Hand Released,Apple_Slice4_C_2147482342
398.546326,Right Hand Grab,Apple_Slice4_C_2147482323
400.413971,Right Hand Released,Apple_Slice4_C_2147482323
401.678375,Right Hand Grab,StirSpoonPie_C_2147482370
402.283051,Right Hand Released,StirSpoonPie_C_2147482370
402.997406,Right Hand Grab,Apple_Slice2_C_2147482335
404.320435,Right Hand Released,Apple_Slice2_C_2147482335
406.380219,Left Hand Grab,Apple_C_2147482331
407.857483,Right Hand Grab,StaticMeshActor_23
408.679565,Right Hand Released,StaticMeshActor_23
409.233673,Right Hand Grab,Knife_C_1
409.907623,Chopped,Apple_C_2147482331
410.606842,Chopped,Apple_Half2_C_2147482318
411.03653,Right Hand Released,Knife_C_1
411.702576,Left Hand Grab,Apple_Half_C_2147482319
412.174011,Right Hand Grab,Knife_C_1
412.855133,Chopped,Apple_Half2_C_2147482318
413.414612,Chopped,Apple_Half_C_2147482319
413.939575,Right Hand Released,Knife_C_1
414.406616,Left Hand Grab,Apple_Slice_C_2147482315
415.469604,Left Hand Released,Apple_Slice_C_2147482315
416.138855,Left Hand Grab,Apple_Slice2_C_2147482314
417.039276,Left Hand Released,Apple_Slice2_C_2147482314
418.668945,Right Hand Grab,CinnyShakerGrabable_C_2147482375
419.505188,Right Hand Released,CinnyShakerGrabable_C_2147482375
420.201416,Right Hand Grab,Apple_Slice4_C_2147482316
421.663391,Right Hand Released,Apple_Slice4_C_2147482316
422.625763,Right Hand Grab,Knife_C_1
423.224091,Right Hand Released,Knife_C_1
425.891541,Right Hand Grab,PieBowl_C_2147482356
429.116913,Left Hand Grab,SaucePot_C_2147482376
430.247192,Left Hand Released,SaucePot_C_2147482376
432.484314,Right Hand Released,PieBowl_C_2147482356
437.504669,Right Hand Grab,None
443.480957,Right Hand Grab,ApplePieCookbook_C_0
448.684631,Right Hand Grab,WaterPitcher_C_2147482371
449.625397,Right Hand Released,WaterPitcher_C_2147482371
450.296631,Right Hand Grab,CinnyShakerGrabable_C_2147482375
456.487183,Right Hand Released,CinnyShakerGrabable_C_2147482375
465.966461,Left Hand Grab,SaucePot_C_2147482376
473.020813,Left Hand Released,SaucePot_C_2147482376
475.849762,Right Hand Grab,None
477.910187,Right Hand Grab,ApplePieCookbook_C_0
485.691376,Right Hand Grab,StaticMeshActor_23
486.49469,Right Hand Released,StaticMeshActor_23
487.343231,Right Hand Grab,StirSpoonPie_C_2147482370
502.364532,Right Hand Released,StirSpoonPie_C_2147482370
503.10141,Right Hand Grab,StirSpoonPie_C_2147482370
506.937988,Left Hand Grab,None
508.045135,Left Hand Grab,PieBowl_C_2147482356
515.909058,Right Hand Released,StirSpoonPie_C_2147482370
516.261658,Left Hand Released,PieBowl_C_2147482356
516.484131,Left Hand Grab,PieBowl_C_2147482356
518.490784,Left Hand Released,PieBowl_C_2147482356
529.460266,Right Hand Grab,StirSpoonPie_C_2147482370
530.66333,Right Hand Released,StirSpoonPie_C_2147482370
530.9776,Left Hand Grab,StaticMeshActor_84
531.661743,Left Hand Released,StaticMeshActor_84
532.733032,Right Hand Grab,PillsberryDoughBoy_C_2147482309
535.032776,Right Hand Released,PillsberryDoughBoy_C_2147482309
542.714111,Right Hand Grab,ApplePieCookbook_C_0
548.56134,Left Hand Grab,PillsberryDoughGirl_C_2147482308
549.325867,Left Hand Released,PillsberryDoughGirl_C_2147482308
549.692383,Left Hand Grab,PillsberryDoughGirl_C_2147482308
550.494934,Left Hand Released,PillsberryDoughGirl_C_2147482308
551.265564,Left Hand Grab,StaticMeshActor_84
551.798401,Left Hand Released,StaticMeshActor_84
552.435181,Left Hand Grab,PillsberryDoughGirl_C_2147482308
557.79895,Right Hand Grab,StirSpoonPie_C_2147482370
558.696045,Right Hand Released,StirSpoonPie_C_2147482370
559.721497,Right Hand Grab,StaticMeshActor_84
561.125427,Right Hand Released,StaticMeshActor_84
562.072693,Right Hand Grab,PieBowl_C_2147482356
564.060974,Left Hand Released,PillsberryDoughGirl_C_2147482308
566.18219,Left Hand Grab,None
567.520203,Left Hand Grab,Apple_Slice3_C_2147482317
568.632019,Left Hand Released,Apple_Slice3_C_2147482317
571.763062,Right Hand Released,PieBowl_C_2147482356
575.465759,Left Hand Grab,None
576.523499,Left Hand Grab,PillsberryDoughGirl_C_2147482308
578.137512,Left Hand Released,PillsberryDoughGirl_C_2147482308
580.166931,Right Hand Grab,ApplePieCookbook_C_0
584.753418,Left Hand Grab,None
586.031372,Left Hand Grab,PiePan_C_2147482368
591.686523,Right Hand Grab,oven_C_1
594.142151,Left Hand Released,PiePan_C_2147482368
595.456116,Right Hand Grab,oven_C_1
619.139038,Right Hand Grab,oven_C_1
621.256653,Right Hand Grab,PiePan_C_2147482368
626.726501,Right Hand Released,PiePan_C_2147482368
628.85199,Right Hand Grab,None
630.526306,Right Hand Grab,oven_C_1
