Session Time,Action Type,Interacted Object
26.889717,Right Hand Grab,ApplePieCookbook_C_0
41.441101,Right Hand Grab,None
44.472,Right Hand Grab,ApplePieCookbook_C_0
64.582657,Left Hand Grab,NewMeasuringCup_C_2147482389
67.4067,Right Hand Grab,SugarJar_C_2147482384
68.583374,Right Hand Released,SugarJar_C_2147482384
79.229881,Left Hand Released,NewMeasuringCup_C_2147482389
79.963455,Right Hand Grab,NewMeasuringCup_C_2147482389
81.957085,Right Hand Released,NewMeasuringCup_C_2147482389
83.13707,Left Hand Grab,None
84.449486,Left Hand Grab,NewMeasuringCup_C_2147482389
95.589836,Left Hand Released,NewMeasuringCup_C_2147482389
103.963181,Right Hand Grab,SugarJar_C_2147482384
106.277359,Right Hand Released,SugarJar_C_2147482384
108.18663,Right Hand Grab,StaticMeshActor_31
108.220467,Left Hand Grab,StaticMeshActor_31
109.116829,Left Hand Released,StaticMeshActor_31
109.417038,Right Hand Released,StaticMeshActor_31
110.113434,Right Hand Grab,ButterHolder_C_2147482386
113.026939,Right Hand Released,ButterHolder_C_2147482386
114.615044,Right Hand Grab,Butter_C_2147482385
116.222893,Right Hand Released,Butter_C_2147482385
118.833595,Right Hand Grab,Butter_C_2147482385
120.336769,Right Hand Released,Butter_C_2147482385
122.003746,Right Hand Grab,Butter_C_2147482377
123.333031,Right Hand Released,Butter_C_2147482377
132.579529,Right Hand Grab,WaterPitcher_C_2147482383
139.345398,Right Hand Released,WaterPitcher_C_2147482383
145.473679,Right Hand Grab,PieBowl_C_2147482375
145.574402,Left Hand Grab,StaticMeshActor_31
146.973984,Right Hand Released,PieBowl_C_2147482375
146.973984,Left Hand Released,StaticMeshActor_31
149.788498,Right Hand Grab,Apple_C_2147482409
151.343887,Right Hand Released,Apple_C_2147482409
153.103012,Right Hand Grab,Apple_C_2147482372
154.584686,Right Hand Released,Apple_C_2147482372
156.161346,Right Hand Grab,Knife_C_1
157.16391,Chopped,Apple_C_2147482372
158.03186,Chopped,Apple_Half2_C_2147482369
158.862289,Chopped,Apple_Half2_C_2147482369
159.662308,Chopped,Apple_Half_C_2147482370
160.566055,Chopped,Apple_C_2147482409
161.436005,Chopped,Apple_Half_C_2147482364
162.272736,Chopped,Apple_Half_C_2147482364
163.23616,Chopped,Apple_Slice_C_2147482362
164.271973,Right Hand Released,Knife_C_1
165.3741,Right Hand Grab,Apple_Slice_C_2147482366
165.574844,Left Hand Grab,Apple_Slice2_C_2147482361
166.27504,Right Hand Released,Apple_Slice_C_2147482366
166.27504,Left Hand Released,Apple_Slice2_C_2147482361
168.807175,Left Hand Grab,Apple_Slice2_C_2147482361
168.807175,Right Hand Grab,Apple_Slice_C_2147482362
170.102753,Left Hand Released,Apple_Slice2_C_2147482361
170.136337,Right Hand Released,Apple_Slice_C_2147482362
171.006668,Right Hand Grab,Apple_Half2_C_2147482363
171.0401,Left Hand Grab,Apple_Half2_C_2147482363
173.33905,Right Hand Released,Apple_Half2_C_2147482363
173.371826,Left Hand Released,Apple_Half2_C_2147482363
174.267853,Left Hand Grab,Apple_Slice2_C_2147482365
174.301224,Right Hand Grab,Apple_Slice3_C_2147482368
175.304779,Right Hand Released,Apple_Slice3_C_2147482368
175.304779,Left Hand Released,Apple_Slice2_C_2147482365
176.205093,Right Hand Grab,Apple_Slice4_C_2147482367
176.271179,Left Hand Grab,Apple_Slice_C_2147482366
177.6073,Right Hand Released,Apple_Slice4_C_2147482367
177.6073,Left Hand Released,Apple_Slice_C_2147482366
178.89563,Right Hand Grab,Knife_C_1
179.870026,Chopped,Apple_Half2_C_2147482363
181.698837,Right Hand Released,Knife_C_1
182.735764,Right Hand Grab,Apple_Slice4_C_2147482359
182.769165,Left Hand Grab,None
183.568741,Left Hand Grab,NewMeasuringCup_C_2147482389
184.570374,Left Hand Released,NewMeasuringCup_C_2147482389
185.268356,Left Hand Grab,Apple_Slice3_C_2147482360
188.903763,Right Hand Released,Apple_Slice4_C_2147482359
188.903763,Left Hand Released,Apple_Slice3_C_2147482360
194.81102,Right Hand Grab,ApplePieCookbook_C_0
200.724289,Right Hand Grab,CinnyShakerGrabable_C_2147482387
205.327515,Right Hand Released,CinnyShakerGrabable_C_2147482387
217.751999,Right Hand Grab,SaucePot_C_2147482388
224.522873,Right Hand Released,SaucePot_C_2147482388
226.640945,Right Hand Grab,ApplePieCookbook_C_0
233.132156,Right Hand Grab,Knife_C_1
234.42514,Right Hand Released,Knife_C_1
235.42627,Right Hand Grab,StaticMeshActor_23
236.849899,Right Hand Released,StaticMeshActor_23
237.671448,Right Hand Grab,StaticMeshActor_23
239.625778,Right Hand Released,StaticMeshActor_23
240.869644,Right Hand Grab,StirSpoonPie_C_2147482382
280.215759,Left Hand Grab,PieBowl_C_2147482375
286.388916,Left Hand Released,PieBowl_C_2147482375
286.522736,Right Hand Released,StirSpoonPie_C_2147482382
288.655334,Left Hand Grab,ApplePieCookbook_C_0
292.637085,Left Hand Grab,None
294.621155,Left Hand Grab,ApplePieCookbook_C_0
303.191101,Right Hand Grab,Apple_C_2147482371
304.815308,Right Hand Released,Apple_C_2147482371
306.162872,Right Hand Grab,Knife_C_1
307.567017,Chopped,Apple_C_2147482371
308.518433,Chopped,Apple_Half2_C_2147482348
309.514526,Chopped,Apple_Half_C_2147482349
310.665588,Chopped,Apple_Half2_C_2147482348
312.128174,Right Hand Released,Knife_C_1
313.065369,Left Hand Grab,Apple_Slice2_C_2147482346
313.087219,Right Hand Grab,Apple_Slice2_C_2147482346
313.930389,Left Hand Released,Apple_Slice2_C_2147482346
313.979431,Right Hand Released,Apple_Slice2_C_2147482346
314.863251,Left Hand Grab,Apple_Slice3_C_2147482345
314.863251,Right Hand Grab,Apple_Slice4_C_2147482344
315.704376,Left Hand Released,Apple_Slice3_C_2147482345
315.73822,Right Hand Released,Apple_Slice4_C_2147482344
316.538879,Right Hand Grab,Apple_Slice_C_2147482347
316.572174,Left Hand Grab,None
317.476196,Right Hand Released,Apple_Slice_C_2147482347
318.712097,Right Hand Grab,Apple_C_2147482350
321.003326,Right Hand Released,Apple_C_2147482350
322.066284,Right Hand Grab,Knife_C_1
323.378113,Chopped,Apple_C_2147482350
324.329071,Chopped,Apple_Half_C_2147482342
325.017059,Chopped,Apple_Half2_C_2147482341
325.883301,Chopped,Apple_Half_C_2147482342
327.454437,Right Hand Released,Knife_C_1
328.422424,Right Hand Grab,Apple_Slice_C_2147482338
328.48941,Left Hand Grab,PieBowl_C_2147482375
329.732269,Left Hand Released,PieBowl_C_2147482375
331.565338,Left Hand Grab,Apple_Slice4_C_2147482339
332.768829,Left Hand Released,Apple_Slice4_C_2147482339
332.83551,Right Hand Released,Apple_Slice_C_2147482338
333.672882,Right Hand Grab,Apple_Slice2_C_2147482337
333.773102,Left Hand Grab,Apple_Slice2_C_2147482337
334.776337,Left Hand Released,Apple_Slice2_C_2147482337
334.842651,Right Hand Released,Apple_Slice2_C_2147482337
335.612,Right Hand Grab,Apple_Slice3_C_2147482340
336.613312,Right Hand Released,Apple_Slice3_C_2147482340
337.379425,Right Hand Grab,PieBowl_C_2147482375
337.412292,Left Hand Grab,PieBowl_C_2147482375
338.745605,Left Hand Released,PieBowl_C_2147482375
338.946503,Right Hand Released,PieBowl_C_2147482375
340.868774,Right Hand Grab,None
341.598846,Right Hand Grab,ApplePieCookbook_C_0
342.335693,Right Hand Grab,ApplePieCookbook_C_0
344.054749,Right Hand Grab,StirSpoonPie_C_2147482382
346.957123,Right Hand Released,StirSpoonPie_C_2147482382
348.285095,Right Hand Grab,StirSpoonPie_C_2147482382
349.767731,Right Hand Released,StirSpoonPie_C_2147482382
357.864227,Right Hand Grab,PieBowl_C_2147482375
359.711121,Right Hand Released,PieBowl_C_2147482375
360.876984,Right Hand Grab,PillsberryDoughBoy_C_2147482336
367.039673,Right Hand Grab,None
368.065704,Right Hand Grab,ApplePieCookbook_C_0
372.744019,Right Hand Grab,PieBowl_C_2147482375
377.977356,Right Hand Released,PieBowl_C_2147482375
380.730804,Right Hand Grab,PillsberryDoughGirl_C_2147482335
384.419373,Right Hand Grab,None
386.508636,Right Hand Grab,ApplePieCookbook_C_0
390.527435,Right Hand Grab,oven_C_1
396.153473,Right Hand Grab,PiePan_C_2147482380
399.54718,Right Hand Released,PiePan_C_2147482380
400.860565,Right Hand Grab,None
402.258514,Right Hand Grab,None
403.30542,Right Hand Grab,oven_C_1
422.75174,Right Hand Grab,oven_C_1
425.106415,Right Hand Grab,None
426.441772,Right Hand Grab,PiePan_C_2147482380
429.518158,Right Hand Released,PiePan_C_2147482380
430.80307,Right Hand Grab,oven_C_1
434.500153,Right Hand Grab,ApplePieCookbook_C_0
438.550507,Right Hand Grab,Knife_C_1
441.433899,Right Hand Released,Knife_C_1
446.593903,Right Hand Grab,Exit_C_0
