Session Time,Action Type,Interacted Object
133.19397,Right Hand Grab,StaticMeshActor_84
136.790375,Right Hand Released,StaticMeshActor_84
155.651657,Right Hand Grab,None
157.429382,Right Hand Grab,ApplePieCookbook_C_0
172.081207,Right Hand Grab,None
174.834259,Right Hand Grab,ApplePieCookbook_C_0
184.623062,Right Hand Grab,SugarJar_C_2147482380
187.144943,Right Hand Released,SugarJar_C_2147482380
196.861649,Right Hand Grab,StaticMeshActor_31
197.614349,Right Hand Released,StaticMeshActor_31
198.432037,Left Hand Grab,NewMeasuringCup_C_2147482385
212.156342,Left Hand Released,NewMeasuringCup_C_2147482385
213.643158,Left Hand Grab,NewMeasuringCup_C_2147482385
214.968231,Left Hand Released,NewMeasuringCup_C_2147482385
216.372665,Left Hand Grab,NewMeasuringCup_C_2147482385
220.405777,Left Hand Released,NewMeasuringCup_C_2147482385
237.856491,Left Hand Grab,SugarJar_C_2147482380
239.289902,Left Hand Released,SugarJar_C_2147482380
240.093887,Left Hand Grab,NewMeasuringCup_C_2147482385
241.063553,Left Hand Released,NewMeasuringCup_C_2147482385
241.764404,Left Hand Grab,SugarJar_C_2147482380
243.201355,Left Hand Released,SugarJar_C_2147482380
244.767136,Left Hand Grab,NewMeasuringCup_C_2147482385
246.300385,Left Hand Released,NewMeasuringCup_C_2147482385
247.864319,Left Hand Grab,ButterHolder_C_2147482382
249.796875,Left Hand Released,ButterHolder_C_2147482382
251.811325,Left Hand Grab,Butter_C_2147482381
258.127258,Left Hand Grab,Butter_C_2147482371
267.630859,Left Hand Grab,SugarJar_C_2147482380
270.1539,Left Hand Released,SugarJar_C_2147482380
272.675232,Right Hand Grab,WaterPitcher_C_2147482379
283.908997,Right Hand Released,WaterPitcher_C_2147482379
293.27121,Right Hand Grab,Apple_C_2147482405
301.549255,Right Hand Released,Apple_C_2147482405
304.166962,Right Hand Grab,Knife_C_1
307.33078,Chopped,Apple_C_2147482405
307.842285,Left Hand Grab,Apple_Half_C_2147482361
308.177521,Chopped,Apple_Half2_C_2147482360
310.126312,Chopped,Apple_Half2_C_2147482360
313.904938,Right Hand Released,Knife_C_1
314.04245,Left Hand Released,Apple_Half_C_2147482361
316.524506,Right Hand Grab,Apple_Slice3_C_2147482359
320.490295,Right Hand Released,Apple_Slice3_C_2147482359
321.492706,Right Hand Grab,Apple_Half_C_2147482361
322.491364,Right Hand Released,Apple_Half_C_2147482361
323.62439,Right Hand Grab,Apple_Slice4_C_2147482358
325.426819,Right Hand Released,Apple_Slice4_C_2147482358
327.552795,Right Hand Grab,StaticMeshActor_23
328.901764,Right Hand Released,StaticMeshActor_23
329.636993,Right Hand Grab,StirSpoonPie_C_2147482378
330.974762,Right Hand Released,StirSpoonPie_C_2147482378
331.667999,Right Hand Grab,WaterPitcher_C_2147482379
332.446228,Right Hand Released,WaterPitcher_C_2147482379
333.092133,Right Hand Grab,Knife_C_1
335.9953,Chopped,Apple_Half_C_2147482361
337.437012,Right Hand Released,Knife_C_1
339.949524,Right Hand Grab,Knife_C_1
342.397064,Right Hand Released,Knife_C_1
344.061768,Right Hand Grab,Knife_C_1
345.369171,Right Hand Released,Knife_C_1
346.677063,Right Hand Grab,Apple_Slice2_C_2147482356
348.147034,Right Hand Released,Apple_Slice2_C_2147482356
349.20932,Right Hand Grab,Apple_Slice_C_2147482357
350.446167,Right Hand Released,Apple_Slice_C_2147482357
354.617035,Right Hand Grab,Apple_C_2147482362
356.557678,Right Hand Released,Apple_C_2147482362
357.625183,Right Hand Grab,Knife_C_1
358.465088,Chopped,Apple_C_2147482362
359.949921,Chopped,Apple_Half2_C_2147482351
360.503723,Chopped,Apple_Slice3_C_2147482350
361.257904,Chopped,Apple_Half_C_2147482352
362.48349,Chopped,Apple_Slice4_C_2147482349
362.688629,Right Hand Released,Knife_C_1
363.765839,Right Hand Grab,Knife_C_1
365.96463,Right Hand Released,Knife_C_1
367.950958,Left Hand Grab,Apple_Slice3_C_2147482350
369.699097,Left Hand Released,Apple_Slice3_C_2147482350
370.135132,Right Hand Grab,Apple_Slice_C_2147482348
371.301697,Right Hand Released,Apple_Slice_C_2147482348
372.869019,Left Hand Grab,Apple_Slice2_C_2147482347
374.239777,Left Hand Released,Apple_Slice2_C_2147482347
374.573608,Right Hand Grab,Apple_Slice4_C_2147482349
376.038635,Right Hand Released,Apple_Slice4_C_2147482349
379.015961,Right Hand Grab,Apple_C_2147482353
380.393707,Right Hand Released,Apple_C_2147482353
381.067322,Right Hand Grab,Knife_C_1
381.933685,Right Hand Released,Knife_C_1
382.192902,Right Hand Grab,Knife_C_1
384.791992,Right Hand Released,Knife_C_1
385.883453,Right Hand Grab,Knife_C_1
386.77533,Chopped,Apple_C_2147482353
387.819397,Chopped,Apple_Half_C_2147482345
388.714264,Chopped,Apple_Half2_C_2147482344
390.211304,Right Hand Released,Knife_C_1
392.063324,Right Hand Grab,Apple_Slice2_C_2147482342
392.45871,Left Hand Grab,Apple_Slice2_C_2147482342
393.832581,Left Hand Released,Apple_Slice2_C_2147482342
393.932709,Right Hand Released,Apple_Slice2_C_2147482342
394.86618,Right Hand Grab,Knife_C_1
395.000153,Left Hand Grab,Apple_Slice3_C_2147482341
397.268677,Right Hand Released,Knife_C_1
398.330139,Left Hand Released,Apple_Slice3_C_2147482341
398.76358,Right Hand Grab,Apple_Slice_C_2147482343
400.036041,Right Hand Released,Apple_Slice_C_2147482343
401.341919,Right Hand Grab,Apple_Slice4_C_2147482340
402.809906,Right Hand Released,Apple_Slice4_C_2147482340
404.836945,Right Hand Grab,Apple_C_2147482402
406.844818,Right Hand Released,Apple_C_2147482402
407.906952,Right Hand Grab,Knife_C_1
408.774963,Chopped,Apple_C_2147482402
409.571442,Chopped,Apple_Half2_C_2147482335
410.322388,Chopped,Apple_Half2_C_2147482335
411.034332,Chopped,Apple_Half_C_2147482336
412.805847,Right Hand Released,Knife_C_1
414.480103,Right Hand Grab,Apple_Slice_C_2147482332
414.502502,Left Hand Grab,Apple_Slice3_C_2147482334
416.161438,Right Hand Released,Apple_Slice_C_2147482332
416.195007,Left Hand Released,Apple_Slice3_C_2147482334
417.291626,Right Hand Grab,Apple_Slice4_C_2147482333
417.358124,Left Hand Grab,Apple_Slice_C_2147482332
419.027863,Left Hand Released,Apple_Slice_C_2147482332
419.061523,Right Hand Released,Apple_Slice4_C_2147482333
420.090271,Right Hand Grab,Apple_Slice2_C_2147482331
421.861298,Right Hand Released,Apple_Slice2_C_2147482331
424.427216,Right Hand Grab,Apple_C_2147482337
426.143768,Right Hand Released,Apple_C_2147482337
427.189545,Right Hand Grab,WaterPitcher_C_2147482379
427.94455,Right Hand Released,WaterPitcher_C_2147482379
428.370422,Right Hand Grab,WaterPitcher_C_2147482379
429.081207,Right Hand Released,WaterPitcher_C_2147482379
429.551453,Right Hand Grab,Knife_C_1
430.710571,Right Hand Released,Knife_C_1
431.936554,Right Hand Grab,WaterPitcher_C_2147482379
434.720184,Right Hand Released,WaterPitcher_C_2147482379
436.874146,Right Hand Grab,Knife_C_1
438.13623,Chopped,Apple_C_2147482337
439.206665,Chopped,Apple_Half_C_2147482329
440.094574,Chopped,Apple_Slice_C_2147482327
441.050415,Chopped,Apple_Slice2_C_2147482326
441.813263,Chopped,Apple_Slice2_C_2147482326
442.475159,Chopped,Apple_Slice2_C_2147482326
443.075348,Chopped,Apple_Slice_C_2147482327
444.227783,Right Hand Released,Knife_C_1
445.512848,Right Hand Grab,Knife_C_1
445.646912,Left Hand Grab,Apple_Half2_C_2147482328
448.570435,Right Hand Released,Knife_C_1
449.973846,Left Hand Released,Apple_Half2_C_2147482328
455.601379,Right Hand Grab,Apple_Slice2_C_2147482326
456.90564,Right Hand Released,Apple_Slice2_C_2147482326
457.775696,Right Hand Grab,Apple_Slice_C_2147482327
458.911987,Right Hand Released,Apple_Slice_C_2147482327
459.809235,Right Hand Grab,PieBowl_C_2147482367
461.941742,Right Hand Released,PieBowl_C_2147482367
465.622131,Right Hand Grab,StaticMeshActor_23
466.599609,Right Hand Released,StaticMeshActor_23
473.971069,Right Hand Grab,ApplePieCookbook_C_0
479.608002,Right Hand Grab,StaticMeshActor_23
480.697601,Right Hand Released,StaticMeshActor_23
481.368225,Right Hand Grab,CinnyShakerGrabable_C_2147482383
488.161896,Right Hand Released,CinnyShakerGrabable_C_2147482383
489.592163,Right Hand Grab,CinnyShakerGrabable_C_2147482383
496.91748,Right Hand Released,CinnyShakerGrabable_C_2147482383
504.639496,Left Hand Grab,SaucePot_C_2147482384
510.504944,Left Hand Released,SaucePot_C_2147482384
515.466919,Right Hand Grab,None
516.751953,Right Hand Grab,None
518.377258,Right Hand Grab,ApplePieCookbook_C_0
522.890991,Right Hand Grab,Knife_C_1
524.064819,Right Hand Released,Knife_C_1
524.755371,Right Hand Grab,Knife_C_1
525.731628,Right Hand Released,Knife_C_1
526.487915,Right Hand Grab,StirSpoonPie_C_2147482378
532.909851,Left Hand Grab,StaticMeshActor_31
533.927734,Left Hand Released,StaticMeshActor_31
534.43512,Right Hand Released,StirSpoonPie_C_2147482378
535.794189,Right Hand Grab,StirSpoonPie_C_2147482378
536.885193,Right Hand Released,StirSpoonPie_C_2147482378
538.40155,Right Hand Grab,StirSpoonPie_C_2147482378
551.539124,Left Hand Grab,StaticMeshActor_31
552.205322,Left Hand Released,StaticMeshActor_31
553.372986,Left Hand Grab,StaticMeshActor_31
554.006042,Left Hand Released,StaticMeshActor_31
556.098083,Right Hand Released,StirSpoonPie_C_2147482378
557.879517,Left Hand Grab,PieBowl_C_2147482367
559.851868,Right Hand Grab,StirSpoonPie_C_2147482378
564.851318,Left Hand Released,PieBowl_C_2147482367
565.151367,Right Hand Released,StirSpoonPie_C_2147482378
573.41095,Right Hand Grab,PillsberryDoughBoy_C_2147482319
573.547791,Left Hand Grab,PillsberryDoughBoy_C_2147482319
576.049561,Left Hand Released,PillsberryDoughBoy_C_2147482319
576.083008,Right Hand Released,PillsberryDoughBoy_C_2147482319
586.606812,Right Hand Grab,PillsberryDoughBoy_C_2147482319
593.488892,Right Hand Grab,ApplePieCookbook_C_0
596.321655,Right Hand Grab,PieBowl_C_2147482367
596.426086,Left Hand Grab,PieBowl_C_2147482367
600.206543,Left Hand Released,PieBowl_C_2147482367
600.805542,Right Hand Released,PieBowl_C_2147482367
601.961243,Right Hand Grab,PieBowl_C_2147482367
604.647705,Right Hand Released,PieBowl_C_2147482367
607.699707,Right Hand Grab,PillsberryDoughGirl_C_2147482318
612.155151,Right Hand Grab,ApplePieCookbook_C_0
619.428284,Right Hand Grab,PiePan_C_2147482376
619.473755,Left Hand Grab,PiePan_C_2147482376
627.845459,Left Hand Released,PiePan_C_2147482376
627.868103,Right Hand Released,PiePan_C_2147482376
629.646057,Right Hand Grab,oven_C_1
631.601501,Left Hand Grab,NewMeasuringCup_C_2147482385
631.601501,Right Hand Grab,PiePan_C_2147482376
635.437439,Right Hand Released,PiePan_C_2147482376
636.733093,Left Hand Released,NewMeasuringCup_C_2147482385
637.781677,Right Hand Grab,oven_C_1
652.870117,Right Hand Grab,oven_C_1
668.335083,Right Hand Grab,None
675.089233,Right Hand Grab,oven_C_1
680.355835,Right Hand Grab,oven_C_1
693.838135,Right Hand Grab,oven_C_1
717.639465,Right Hand Grab,oven_C_1
721.571228,Left Hand Grab,None
725.542297,Right Hand Grab,oven_C_1
735.833191,Right Hand Grab,None
737.036438,Right Hand Grab,ApplePieCookbook_C_0
746.168762,Right Hand Grab,Exit_C_0
