Session Time,Action Type,Interacted Object
67.00943,Right Hand Grab,ApplePieCookbook_C_0
118.43924,Right Hand Grab,ApplePieCookbook_C_0
129.7267,Right Hand Grab,SugarJar_C_2147482384
131.296265,Right Hand Released,SugarJar_C_2147482384
131.959274,Right Hand Grab,SugarJar_C_2147482384
132.026062,Left Hand Grab,None
133.951294,Left Hand Grab,None
134.396255,Right Hand Released,SugarJar_C_2147482384
134.970139,Right Hand Grab,SugarJar_C_2147482384
135.01416,Left Hand Grab,None
135.680725,Right Hand Released,SugarJar_C_2147482384
136.020462,Right Hand Grab,SugarJar_C_2147482384
136.705811,Right Hand Released,SugarJar_C_2147482384
142.709641,Right Hand Grab,WaterPitcher_C_2147482383
143.373596,Right Hand Released,WaterPitcher_C_2147482383
146.440292,Right Hand Grab,StaticMeshActor_31
148.918793,Right Hand Released,StaticMeshActor_31
149.935822,Right Hand Grab,NewMeasuringCup_C_2147482389
168.559586,Right Hand Released,NewMeasuringCup_C_2147482389
175.735229,Right Hand Grab,SugarJar_C_2147482384
177.915359,Right Hand Released,SugarJar_C_2147482384
178.90274,Right Hand Grab,ButterHolder_C_2147482386
180.827454,Right Hand Released,ButterHolder_C_2147482386
181.742264,Right Hand Grab,ButterHolder_C_2147482386
182.02774,Right Hand Released,ButterHolder_C_2147482386
185.930054,Right Hand Grab,StaticMeshActor_31
186.959137,Right Hand Released,StaticMeshActor_31
187.459091,Right Hand Grab,Butter_C_2147482385
189.132339,Right Hand Released,Butter_C_2147482385
190.002777,Right Hand Grab,Butter_C_2147482375
192.595612,Right Hand Grab,ButterHolder_C_2147482386
194.033905,Right Hand Released,ButterHolder_C_2147482386
199.563538,Right Hand Grab,BeefStewCookbook_C_0
206.141602,Right Hand Grab,None
206.896759,Right Hand Grab,None
207.478073,Right Hand Grab,ApplePieCookbook_C_0
209.877258,Right Hand Grab,WaterPitcher_C_2147482309
221.018692,Right Hand Released,WaterPitcher_C_2147482309
224.180038,Right Hand Grab,ApplePieCookbook_C_0
224.647003,Right Hand Grab,ApplePieCookbook_C_0
225.314224,Right Hand Grab,None
225.8479,Right Hand Grab,ApplePieCookbook_C_0
229.832336,Right Hand Grab,None
230.631668,Right Hand Grab,Apple_C_2147482321
232.109222,Right Hand Released,Apple_C_2147482321
233.17189,Right Hand Grab,Apple_C_2147482306
235.242828,Right Hand Released,Apple_C_2147482306
236.040573,Right Hand Grab,Apple_C_2147482306
236.373657,Right Hand Released,Apple_C_2147482306
237.776581,Right Hand Grab,Apple_C_2147482303
239.446884,Right Hand Released,Apple_C_2147482303
240.575912,Right Hand Grab,Apple_C_2147482325
243.985794,Right Hand Released,Apple_C_2147482325
245.769608,Right Hand Grab,Knife_C_1
248.064651,Chopped,Apple_C_2147482303
248.664886,Chopped,Apple_Half_C_2147482300
249.402298,Chopped,Apple_Half2_C_2147482299
250.200546,Chopped,Apple_C_2147482306
251.2957,Chopped,Apple_Half_C_2147482296
251.89566,Chopped,Apple_Slice4_C_2147482297
252.500168,Chopped,Apple_Slice2_C_2147482293
253.135025,Chopped,Apple_Slice_C_2147482294
253.90062,Chopped,Apple_Half2_C_2147482295
255.366089,Chopped,Apple_Slice3_C_2147482298
256.094635,Chopped,Apple_C_2147482325
257.23053,Chopped,Apple_C_2147482321
258.263885,Chopped,Apple_Half2_C_2147482287
259.033447,Chopped,Apple_Half_C_2147482290
260.12912,Chopped,Apple_Slice_C_2147482284
260.662781,Chopped,Apple_Half_C_2147482300
261.761841,Chopped,Apple_Slice_C_2147482294
262.896118,Left Hand Grab,Apple_Half2_C_2147482289
263.395538,Chopped,Apple_Slice3_C_2147482298
264.527313,Chopped,Apple_Half2_C_2147482289
266.228851,Chopped,Apple_Slice2_C_2147482281
266.96228,Right Hand Released,Knife_C_1
268.497772,Left Hand Grab,Apple_Slice3_C_2147482280
268.497772,Right Hand Grab,Apple_Slice3_C_2147482280
271.159546,Left Hand Released,Apple_Slice3_C_2147482280
271.459717,Right Hand Released,Apple_Slice3_C_2147482280
277.529663,Right Hand Grab,SugarJar_C_2147482310
279.433197,Right Hand Released,SugarJar_C_2147482310
281.595856,Right Hand Grab,NewMeasuringCup_C_2147482315
290.432251,Right Hand Released,NewMeasuringCup_C_2147482315
311.026123,Right Hand Grab,NewMeasuringCup_C_2147482315
316.438507,Right Hand Released,NewMeasuringCup_C_2147482315
317.667969,Right Hand Grab,ButterHolder_C_2147482312
318.474426,Right Hand Released,ButterHolder_C_2147482312
319.096558,Right Hand Grab,Butter_C_2147482373
320.329498,Right Hand Released,Butter_C_2147482373
321.397064,Right Hand Grab,SugarJar_C_2147482310
322.392365,Right Hand Released,SugarJar_C_2147482310
323.630066,Right Hand Grab,ButterHolder_C_2147482312
325.796417,Right Hand Released,ButterHolder_C_2147482312
326.292084,Right Hand Grab,ButterHolder_C_2147482312
327.355804,Right Hand Released,ButterHolder_C_2147482312
328.197296,Right Hand Grab,Butter_C_2147482372
329.921417,Right Hand Released,Butter_C_2147482372
331.294678,Right Hand Grab,SugarJar_C_2147482310
333.594788,Right Hand Released,SugarJar_C_2147482310
338.257324,Right Hand Grab,Apple_Slice4_C_2147482297
339.42926,Right Hand Released,Apple_Slice4_C_2147482297
340.365387,Right Hand Grab,Apple_Slice_C_2147482282
341.065063,Right Hand Released,Apple_Slice_C_2147482282
341.602356,Right Hand Grab,StaticMeshActor_84
342.998199,Right Hand Released,StaticMeshActor_84
343.402344,Right Hand Grab,Apple_Slice4_C_2147482291
344.102264,Right Hand Released,Apple_Slice4_C_2147482291
344.572418,Right Hand Grab,Apple_Slice4_C_2147482291
345.472839,Right Hand Released,Apple_Slice4_C_2147482291
346.338745,Right Hand Grab,Apple_Slice3_C_2147482298
347.205505,Right Hand Released,Apple_Slice3_C_2147482298
347.938354,Right Hand Grab,Apple_Slice3_C_2147482292
348.734253,Right Hand Released,Apple_Slice3_C_2147482292
349.567627,Left Hand Grab,Apple_Slice2_C_2147482281
350.569946,Left Hand Released,Apple_Slice2_C_2147482281
351.035645,Left Hand Grab,Apple_Slice2_C_2147482293
352.03833,Left Hand Released,Apple_Slice2_C_2147482293
353.002808,Left Hand Grab,Apple_Slice3_C_2147482286
353.832733,Left Hand Released,Apple_Slice3_C_2147482286
354.731659,Left Hand Grab,NewMeasuringCup_C_2147482315
355.79361,Left Hand Released,NewMeasuringCup_C_2147482315
356.264648,Left Hand Grab,NewMeasuringCup_C_2147482315
358.263031,Left Hand Released,NewMeasuringCup_C_2147482315
359.360199,Left Hand Grab,NewMeasuringCup_C_2147482315
360.689972,Left Hand Released,NewMeasuringCup_C_2147482315
361.526489,Left Hand Grab,Apple_Slice2_C_2147482293
362.589966,Left Hand Released,Apple_Slice2_C_2147482293
363.217987,Right Hand Grab,NewMeasuringCup_C_2147482315
364.288422,Right Hand Released,NewMeasuringCup_C_2147482315
368.621613,Left Hand Grab,PieBowl_C_2147482270
368.621613,Right Hand Grab,PieBowl_C_2147482270
369.651276,Right Hand Released,PieBowl_C_2147482270
369.651276,Left Hand Released,PieBowl_C_2147482270
371.905396,Right Hand Grab,ApplePieCookbook_C_0
375.704498,Right Hand Grab,CinnyShakerGrabable_C_2147482313
379.685242,Right Hand Released,CinnyShakerGrabable_C_2147482313
386.417755,Left Hand Grab,SaucePot_C_2147482314
391.283447,Left Hand Released,SaucePot_C_2147482314
407.617035,Right Hand Grab,None
408.237762,Right Hand Grab,ApplePieCookbook_C_0
411.487305,Right Hand Grab,StirSpoonPie_C_2147482308
417.638245,Right Hand Released,StirSpoonPie_C_2147482308
418.634308,Right Hand Grab,PieBowl_C_2147482270
419.386444,Right Hand Released,PieBowl_C_2147482270
419.675232,Left Hand Grab,PillsberryDoughGirl_C_2147482266
419.697601,Right Hand Grab,PieBowl_C_2147482270
422.052155,Right Hand Released,PieBowl_C_2147482270
422.074921,Left Hand Released,PillsberryDoughGirl_C_2147482266
422.478699,Right Hand Grab,StirSpoonPie_C_2147482308
423.637939,Right Hand Released,StirSpoonPie_C_2147482308
424.722046,Right Hand Grab,PieBowl_C_2147482270
427.229797,Right Hand Released,PieBowl_C_2147482270
428.448883,Right Hand Grab,PillsberryDoughGirl_C_2147482266
429.823883,Right Hand Released,PillsberryDoughGirl_C_2147482266
434.15741,Right Hand Grab,PillsberryDoughGirl_C_2147482266
441.00473,Right Hand Grab,ApplePieCookbook_C_0
447.850586,Right Hand Grab,SaucePot_C_2147482314
449.068756,Right Hand Released,SaucePot_C_2147482314
450.093292,Right Hand Grab,PieBowl_C_2147482270
453.42749,Right Hand Released,PieBowl_C_2147482270
459.542542,Right Hand Grab,PillsberryDoughBoy_C_2147482267
463.362183,Right Hand Grab,None
464.139648,Right Hand Grab,ApplePieCookbook_C_0
480.76181,Left Hand Grab,None
480.807465,Right Hand Grab,PiePan_C_2147482307
486.571686,Right Hand Released,PiePan_C_2147482307
488.506805,Right Hand Grab,oven_C_1
491.461182,Left Hand Grab,SaucePot_C_2147482314
491.528778,Right Hand Grab,PiePan_C_2147482307
492.531342,Left Hand Released,SaucePot_C_2147482314
493.330963,Left Hand Grab,PiePan_C_2147482307
496.284363,Right Hand Released,PiePan_C_2147482307
496.441162,Left Hand Released,PiePan_C_2147482307
497.886902,Left Hand Grab,PiePan_C_2147482307
497.908447,Right Hand Grab,None
498.04187,Left Hand Released,PiePan_C_2147482307
498.685944,Right Hand Grab,PiePan_C_2147482307
499.197723,Right Hand Released,PiePan_C_2147482307
502.019287,Right Hand Grab,oven_C_1
503.149994,Right Hand Grab,None
504.12915,Right Hand Grab,None
509.462952,Right Hand Grab,None
545.237976,Right Hand Grab,oven_C_1
547.904724,Left Hand Grab,PiePan_C_2147482307
547.904724,Right Hand Grab,PiePan_C_2147482307
553.694397,Right Hand Released,PiePan_C_2147482307
553.738953,Left Hand Released,PiePan_C_2147482307
555.908203,Right Hand Grab,oven_C_1
559.329102,Right Hand Grab,ApplePieCookbook_C_0
566.149475,Right Hand Grab,Exit_C_0
