Session Time,Action Type,Interacted Object
17.005449,Right Hand Grab,None
17.027256,Left Hand Grab,ApplePieCookbook_C_0
22.684793,Right Hand Grab,None
23.640717,Right Hand Grab,None
25.013935,Right Hand Grab,None
26.148018,Right Hand Grab,ApplePieCookbook_C_0
28.855427,Right Hand Grab,SugarJar_C_2147482372
30.544991,Right Hand Released,SugarJar_C_2147482372
32.895542,Right Hand Grab,NewMeasuringCup_C_2147482377
39.126251,Right Hand Released,NewMeasuringCup_C_2147482377
41.684147,Right Hand Grab,ButterHolder_C_2147482374
43.24678,Right Hand Released,ButterHolder_C_2147482374
44.382965,Right Hand Grab,StaticMeshActor_31
45.379116,Right Hand Released,StaticMeshActor_31
46.308735,Right Hand Grab,Butter_C_2147482373
47.674923,Right Hand Released,Butter_C_2147482373
48.776588,Right Hand Grab,Butter_C_2147482367
50.0378,Right Hand Released,Butter_C_2147482367
55.658543,Right Hand Grab,WaterPitcher_C_2147482371
61.376469,Right Hand Released,WaterPitcher_C_2147482371
63.579407,Right Hand Grab,StaticMeshActor_31
65.142242,Right Hand Released,StaticMeshActor_31
67.301361,Right Hand Grab,PieBowl_C_2147482365
68.641228,Right Hand Released,PieBowl_C_2147482365
70.409721,Right Hand Grab,Apple_C_2147482397
72.034241,Right Hand Released,Apple_C_2147482397
73.382591,Right Hand Grab,Apple_C_2147482393
75.065414,Right Hand Released,Apple_C_2147482393
76.97039,Right Hand Grab,CinnyShakerGrabable_C_2147482375
77.900726,Right Hand Released,CinnyShakerGrabable_C_2147482375
78.588348,Right Hand Grab,Knife_C_1
80.676888,Chopped,Apple_C_2147482397
82.27253,Chopped,Apple_Half_C_2147482360
83.680397,Chopped,Apple_Half2_C_2147482359
84.445778,Chopped,Apple_Slice4_C_2147482355
84.47876,Right Hand Released,Knife_C_1
85.843987,Right Hand Grab,Apple_Slice3_C_2147482356
87.212082,Left Hand Grab,Apple_Slice_C_2147482358
89.175476,Right Hand Released,Apple_Slice3_C_2147482356
89.208115,Left Hand Released,Apple_Slice_C_2147482358
89.804619,Right Hand Grab,PieBowl_C_2147482365
89.870728,Left Hand Grab,PieBowl_C_2147482365
91.202568,Right Hand Released,PieBowl_C_2147482365
91.202568,Left Hand Released,PieBowl_C_2147482365
92.136253,Right Hand Grab,Apple_Slice2_C_2147482357
93.533623,Right Hand Released,Apple_Slice2_C_2147482357
94.103348,Right Hand Grab,PieBowl_C_2147482365
95.266464,Right Hand Released,PieBowl_C_2147482365
96.370636,Right Hand Grab,Apple_Slice3_C_2147482356
97.774918,Right Hand Released,Apple_Slice3_C_2147482356
98.637253,Right Hand Grab,Apple_Slice4_C_2147482355
100.20713,Right Hand Released,Apple_Slice4_C_2147482355
101.534874,Right Hand Grab,StaticMeshActor_84
102.53299,Right Hand Released,StaticMeshActor_84
103.731743,Right Hand Grab,Knife_C_1
104.966728,Chopped,Apple_C_2147482393
106.231705,Chopped,Apple_Half2_C_2147482353
107.233292,Chopped,Apple_Slice3_C_2147482352
109.600304,Right Hand Released,Knife_C_1
110.997093,Right Hand Grab,Apple_Slice4_C_2147482351
112.298676,Right Hand Released,Apple_Slice4_C_2147482351
113.558411,Right Hand Grab,Apple_Slice3_C_2147482352
114.890434,Right Hand Released,Apple_Slice3_C_2147482352
115.589485,Right Hand Grab,Knife_C_1
116.626335,Chopped,Apple_Half_C_2147482354
118.094154,Right Hand Released,Knife_C_1
119.357521,Right Hand Grab,Knife_C_1
120.591194,Right Hand Released,Knife_C_1
121.290543,Right Hand Grab,Apple_Slice2_C_2147482349
122.489761,Right Hand Released,Apple_Slice2_C_2147482349
123.256866,Right Hand Grab,Apple_Slice_C_2147482350
124.589767,Right Hand Released,Apple_Slice_C_2147482350
125.919708,Right Hand Grab,Apple_C_2147482396
126.520157,Right Hand Released,Apple_C_2147482396
126.634567,Right Hand Grab,None
127.457817,Right Hand Grab,Apple_C_2147482361
129.664185,Right Hand Released,Apple_C_2147482361
130.498291,Right Hand Grab,Knife_C_1
131.891068,Chopped,Apple_C_2147482361
133.556259,Chopped,Apple_Half_C_2147482347
134.090607,Chopped,Apple_Slice_C_2147482345
134.691574,Chopped,Apple_Half2_C_2147482346
136.192322,Right Hand Released,Knife_C_1
137.221985,Right Hand Grab,Apple_Slice4_C_2147482342
137.956894,Left Hand Grab,Apple_Slice2_C_2147482344
139.621109,Left Hand Released,Apple_Slice2_C_2147482344
139.686203,Right Hand Released,Apple_Slice4_C_2147482342
140.485855,Left Hand Grab,None
140.485855,Right Hand Grab,Apple_Slice_C_2147482345
141.750061,Left Hand Grab,Knife_C_1
142.678619,Left Hand Released,Knife_C_1
143.37796,Left Hand Grab,Apple_Slice_C_2147482345
144.909912,Right Hand Released,Apple_Slice_C_2147482345
144.909912,Left Hand Released,Apple_Slice_C_2147482345
145.839935,Right Hand Grab,Apple_Slice3_C_2147482343
147.007904,Right Hand Released,Apple_Slice3_C_2147482343
148.537323,Right Hand Grab,Apple_C_2147482348
150.349945,Right Hand Released,Apple_C_2147482348
151.664093,Left Hand Grab,Apple_C_2147482348
151.73056,Right Hand Grab,Apple_C_2147482348
152.398361,Right Hand Released,Apple_C_2147482348
152.464233,Left Hand Released,Apple_C_2147482348
153.593536,Right Hand Grab,Knife_C_1
154.197708,Chopped,Apple_C_2147482348
155.597244,Chopped,Apple_Half2_C_2147482337
156.898941,Chopped,Apple_Half_C_2147482338
158.399185,Right Hand Released,Knife_C_1
159.334274,Left Hand Grab,Apple_Slice_C_2147482334
159.366943,Right Hand Grab,Apple_Slice2_C_2147482333
160.929031,Right Hand Released,Apple_Slice2_C_2147482333
160.929031,Left Hand Released,Apple_Slice_C_2147482334
161.963562,Left Hand Grab,Apple_Slice4_C_2147482335
161.963562,Right Hand Grab,Apple_Slice3_C_2147482336
163.360977,Left Hand Released,Apple_Slice4_C_2147482335
163.429214,Right Hand Released,Apple_Slice3_C_2147482336
164.389954,Right Hand Grab,Apple_C_2147482339
166.060852,Right Hand Released,Apple_C_2147482339
166.725159,Right Hand Grab,Knife_C_1
166.991791,Chopped,Apple_C_2147482339
168.160019,Chopped,Apple_Half_C_2147482331
169.660065,Chopped,Apple_Slice2_C_2147482328
169.992081,Right Hand Released,Knife_C_1
171.097839,Right Hand Grab,Apple_Slice_C_2147482329
172.303177,Right Hand Released,Apple_Slice_C_2147482329
173.099716,Right Hand Grab,Apple_Slice2_C_2147482328
174.295456,Right Hand Released,Apple_Slice2_C_2147482328
175.257599,Right Hand Grab,Apple_Half2_C_2147482330
176.568161,Right Hand Released,Apple_Half2_C_2147482330
180.545746,Right Hand Grab,None
182.641769,Right Hand Grab,ApplePieCookbook_C_0
188.308701,Right Hand Grab,CinnyShakerGrabable_C_2147482375
200.267792,Right Hand Released,CinnyShakerGrabable_C_2147482375
206.566101,Right Hand Grab,SaucePot_C_2147482376
213.578552,Right Hand Released,SaucePot_C_2147482376
215.952347,Right Hand Grab,None
217.959274,Right Hand Grab,ApplePieCookbook_C_0
223.677246,Right Hand Grab,None
224.717636,Right Hand Grab,ButterHolder_C_2147482374
225.607224,Right Hand Released,ButterHolder_C_2147482374
226.357483,Right Hand Grab,StirSpoonPie_C_2147482370
230.28598,Left Hand Grab,PieBowl_C_2147482365
232.551804,Right Hand Released,StirSpoonPie_C_2147482370
233.753403,Right Hand Grab,StirSpoonPie_C_2147482370
246.249283,Left Hand Released,PieBowl_C_2147482365
246.282745,Right Hand Released,StirSpoonPie_C_2147482370
247.150131,Right Hand Grab,PieBowl_C_2147482365
247.383072,Left Hand Grab,PieBowl_C_2147482365
248.583298,Left Hand Released,PieBowl_C_2147482365
248.98349,Right Hand Released,PieBowl_C_2147482365
249.517639,Right Hand Grab,PieBowl_C_2147482365
250.285019,Left Hand Grab,PieBowl_C_2147482365
251.118256,Right Hand Released,PieBowl_C_2147482365
251.118256,Left Hand Released,PieBowl_C_2147482365
253.082306,Right Hand Grab,PieBowl_C_2147482365
253.148529,Left Hand Grab,PieBowl_C_2147482365
253.901901,Left Hand Released,PieBowl_C_2147482365
253.924149,Right Hand Released,PieBowl_C_2147482365
266.379913,Left Hand Grab,PillsberryDoughGirl_C_2147482324
266.447266,Right Hand Grab,PillsberryDoughGirl_C_2147482324
271.844879,Right Hand Grab,None
273.283722,Right Hand Grab,ApplePieCookbook_C_0
276.821198,Left Hand Grab,PieBowl_C_2147482365
276.843536,Right Hand Grab,PieBowl_C_2147482365
280.326843,Left Hand Released,PieBowl_C_2147482365
280.503998,Right Hand Released,PieBowl_C_2147482365
280.815094,Right Hand Grab,PieBowl_C_2147482365
281.21637,Right Hand Released,PieBowl_C_2147482365
281.415466,Right Hand Grab,PieBowl_C_2147482365
284.877777,Right Hand Released,PieBowl_C_2147482365
286.366089,Left Hand Grab,PillsberryDoughBoy_C_2147482325
286.366089,Right Hand Grab,PillsberryDoughBoy_C_2147482325
291.253876,Right Hand Grab,None
292.701233,Right Hand Grab,ApplePieCookbook_C_0
299.550964,Right Hand Grab,oven_C_1
305.016937,Left Hand Grab,SaucePot_C_2147482376
305.016937,Right Hand Grab,PiePan_C_2147482368
312.318726,Left Hand Released,SaucePot_C_2147482376
312.563812,Right Hand Released,PiePan_C_2147482368
312.829529,Right Hand Grab,PiePan_C_2147482368
316.988129,Right Hand Released,PiePan_C_2147482368
318.363068,Right Hand Grab,None
319.896881,Right Hand Grab,PiePan_C_2147482368
320.719696,Right Hand Released,PiePan_C_2147482368
321.808075,Right Hand Grab,oven_C_1
325.132568,Right Hand Grab,None
326.644073,Right Hand Grab,None
340.850067,Right Hand Grab,oven_C_1
342.926117,Right Hand Grab,None
344.260162,Right Hand Grab,PiePan_C_2147482368
350.235046,Right Hand Released,PiePan_C_2147482368
351.675995,Right Hand Grab,None
352.678284,Right Hand Grab,None
353.997498,Right Hand Grab,None
357.701263,Right Hand Grab,ApplePieCookbook_C_0
