Session Time,Action Type,Interacted Object
43.511257,Right Hand Grab,ApplePieCookbook_C_0
52.839195,Right Hand Grab,ApplePieCookbook_C_0
55.903423,Right Hand Grab,SugarJar_C_2147482384
58.977764,Right Hand Released,SugarJar_C_2147482384
60.070549,Right Hand Grab,NewMeasuringCup_C_2147482389
64.543839,Right Hand Released,NewMeasuringCup_C_2147482389
72.165924,Right Hand Grab,WaterPitcher_C_2147482383
77.800293,Right Hand Released,WaterPitcher_C_2147482383
81.300011,Right Hand Grab,StaticMeshActor_31
82.829514,Right Hand Released,StaticMeshActor_31
83.49752,Right Hand Grab,NewMeasuringCup_C_2147482389
84.562004,Right Hand Released,NewMeasuringCup_C_2147482389
85.191284,Right Hand Grab,ButterHolder_C_2147482386
86.455605,Right Hand Released,ButterHolder_C_2147482386
87.282944,Right Hand Grab,ButterHolder_C_2147482386
87.986931,Right Hand Released,ButterHolder_C_2147482386
89.78521,Right Hand Grab,Butter_C_2147482385
91.525169,Right Hand Released,Butter_C_2147482385
94.46418,Right Hand Grab,NewMeasuringCup_C_2147482389
95.794067,Right Hand Released,NewMeasuringCup_C_2147482389
96.623207,Right Hand Grab,Butter_C_2147482377
98.815109,Right Hand Released,Butter_C_2147482377
100.215263,Right Hand Grab,Butter_C_2147482376
107.322594,Right Hand Grab,None
108.45269,Right Hand Grab,StaticMeshActor_31
109.522697,Right Hand Released,StaticMeshActor_31
112.275002,Right Hand Grab,Apple_C_2147482409
114.019745,Right Hand Released,Apple_C_2147482409
116.447861,Left Hand Grab,Apple_C_2147482409
117.883575,Left Hand Released,Apple_C_2147482409
121.294128,Right Hand Grab,Knife_C_1
122.961105,Chopped,Apple_C_2147482409
124.122993,Chopped,Apple_Half_C_2147482372
125.158546,Chopped,Apple_Half2_C_2147482371
127.859161,Right Hand Released,Knife_C_1
130.021866,Right Hand Grab,Apple_Slice2_C_2147482369
131.083878,Right Hand Released,Apple_Slice2_C_2147482369
132.188187,Right Hand Grab,Apple_Slice3_C_2147482368
133.121948,Right Hand Released,Apple_Slice3_C_2147482368
134.122589,Right Hand Grab,Apple_Slice_C_2147482370
135.055695,Right Hand Released,Apple_Slice_C_2147482370
136.187668,Right Hand Grab,Apple_Slice4_C_2147482367
137.152802,Right Hand Released,Apple_Slice4_C_2147482367
139.883621,Right Hand Grab,Apple_C_2147482373
141.793747,Right Hand Released,Apple_C_2147482373
144.054947,Right Hand Grab,Knife_C_1
145.547577,Chopped,Apple_C_2147482373
146.455307,Chopped,Apple_Half2_C_2147482364
147.385132,Chopped,Apple_Half_C_2147482365
148.319214,Chopped,Apple_Half2_C_2147482364
150.484024,Right Hand Released,Knife_C_1
156.023605,Right Hand Grab,Apple_Slice2_C_2147482362
158.019348,Right Hand Released,Apple_Slice2_C_2147482362
159.251648,Right Hand Grab,PieBowl_C_2147482374
160.417099,Right Hand Released,PieBowl_C_2147482374
161.316208,Right Hand Grab,Apple_Slice_C_2147482363
162.019043,Right Hand Released,Apple_Slice_C_2147482363
163.51918,Right Hand Grab,Apple_Slice_C_2147482363
164.881653,Right Hand Released,Apple_Slice_C_2147482363
166.115601,Right Hand Grab,Apple_Slice4_C_2147482360
167.147873,Right Hand Released,Apple_Slice4_C_2147482360
168.317307,Right Hand Grab,Apple_Slice3_C_2147482361
169.416077,Right Hand Released,Apple_Slice3_C_2147482361
172.519653,Right Hand Grab,Apple_C_2147482406
174.454285,Right Hand Released,Apple_C_2147482406
176.312607,Right Hand Grab,Knife_C_1
177.893127,Chopped,Apple_C_2147482406
178.974121,Chopped,Apple_Half_C_2147482358
180.578171,Chopped,Apple_Half2_C_2147482357
182.705063,Right Hand Released,Knife_C_1
185.707977,Right Hand Grab,Apple_Slice2_C_2147482353
186.836227,Right Hand Released,Apple_Slice2_C_2147482353
187.738846,Right Hand Grab,Apple_Slice_C_2147482354
188.676178,Right Hand Released,Apple_Slice_C_2147482354
189.612747,Right Hand Grab,Apple_Slice3_C_2147482352
190.812332,Right Hand Released,Apple_Slice3_C_2147482352
191.809509,Right Hand Grab,Apple_Slice4_C_2147482351
192.847305,Right Hand Released,Apple_Slice4_C_2147482351
194.777725,Right Hand Grab,Apple_C_2147482366
196.874054,Right Hand Released,Apple_C_2147482366
199.24231,Right Hand Grab,Knife_C_1
200.53772,Chopped,Apple_C_2147482366
201.534561,Chopped,Apple_Half2_C_2147482346
202.471039,Chopped,Apple_Half2_C_2147482346
203.407303,Chopped,Apple_Slice3_C_2147482345
204.242523,Chopped,Apple_Slice3_C_2147482345
204.976044,Chopped,Apple_Slice3_C_2147482345
205.709534,Chopped,Apple_Slice4_C_2147482344
206.474899,Chopped,Apple_Slice3_C_2147482345
207.33847,Chopped,Apple_Slice3_C_2147482345
208.040909,Chopped,Apple_Slice4_C_2147482344
208.676407,Chopped,Apple_Half_C_2147482347
209.341553,Chopped,Apple_Slice_C_2147482343
211.264862,Right Hand Released,Knife_C_1
215.913452,Right Hand Grab,Apple_Slice2_C_2147482342
217.002853,Right Hand Released,Apple_Slice2_C_2147482342
217.735062,Right Hand Grab,Apple_Slice_C_2147482343
218.538742,Right Hand Released,Apple_Slice_C_2147482343
219.437775,Right Hand Grab,Apple_Slice3_C_2147482345
220.372269,Right Hand Released,Apple_Slice3_C_2147482345
221.339462,Right Hand Grab,Apple_Slice4_C_2147482344
222.405487,Right Hand Released,Apple_Slice4_C_2147482344
226.674561,Right Hand Grab,ApplePieCookbook_C_0
229.907349,Right Hand Grab,CinnyShakerGrabable_C_2147482387
234.605255,Right Hand Released,CinnyShakerGrabable_C_2147482387
238.5047,Right Hand Grab,SaucePot_C_2147482388
242.334671,Right Hand Released,SaucePot_C_2147482388
247.294006,Right Hand Grab,ApplePieCookbook_C_0
249.914429,Right Hand Grab,StirSpoonPie_C_2147482382
258.608002,Right Hand Released,StirSpoonPie_C_2147482382
265.029938,Right Hand Grab,PillsberryDoughGirl_C_2147482338
273.128723,Right Hand Grab,ApplePieCookbook_C_0
277.654022,Left Hand Grab,PieBowl_C_2147482374
277.766357,Right Hand Grab,PieBowl_C_2147482374
285.77301,Right Hand Released,PieBowl_C_2147482374
290.860626,Left Hand Released,PieBowl_C_2147482374
295.494293,Right Hand Grab,PillsberryDoughBoy_C_2147482339
303.950684,Right Hand Grab,ApplePieCookbook_C_0
311.918884,Right Hand Grab,oven_C_1
314.645416,Left Hand Grab,None
314.84549,Right Hand Grab,None
316.09433,Right Hand Grab,None
316.116852,Left Hand Grab,ApplePieCookbook_C_0
318.588013,Left Hand Grab,ApplePieCookbook_C_0
318.610107,Right Hand Grab,None
325.078491,Right Hand Grab,None
325.141113,Left Hand Grab,SaucePot_C_2147482388
326.696259,Left Hand Released,SaucePot_C_2147482388
327.588043,Left Hand Grab,SaucePot_C_2147482388
327.609802,Right Hand Grab,None
328.385803,Left Hand Released,SaucePot_C_2147482388
330.185516,Right Hand Grab,None
330.252472,Left Hand Grab,None
331.784698,Left Hand Grab,SaucePot_C_2147482388
332.784271,Left Hand Released,SaucePot_C_2147482388
333.36261,Right Hand Grab,None
333.406708,Left Hand Grab,SaucePot_C_2147482388
334.539185,Left Hand Released,SaucePot_C_2147482388
338.850494,Left Hand Grab,None
338.962891,Right Hand Grab,None
345.115692,Left Hand Grab,None
345.115692,Right Hand Grab,None
349.004242,Left Hand Grab,None
349.337128,Right Hand Grab,None
358.003906,Right Hand Grab,None
358.070068,Left Hand Grab,PiePan_C_2147482380
365.037567,Left Hand Released,PiePan_C_2147482380
368.796997,Right Hand Grab,oven_C_1
399.16507,Right Hand Grab,oven_C_1
402.559906,Right Hand Grab,PiePan_C_2147482380
403.852661,Right Hand Released,PiePan_C_2147482380
405.281738,Right Hand Grab,oven_C_1
418.491425,Right Hand Grab,oven_C_1
421.607971,Left Hand Grab,PiePan_C_2147482380
421.607971,Right Hand Grab,PiePan_C_2147482380
426.582397,Left Hand Released,PiePan_C_2147482380
426.651367,Right Hand Released,PiePan_C_2147482380
433.898376,Right Hand Grab,oven_C_1
441.045288,Right Hand Grab,Exit_C_0
