Session Time,Action Type,Interacted Object
19.339697,Right Hand Grab,None
20.253622,Left Hand Grab,None
34.985489,Left Hand Grab,StaticMeshActor_31
35.31892,Left Hand Released,StaticMeshActor_31
38.362747,Left Hand Grab,StaticMeshActor_31
39.14011,Left Hand Released,StaticMeshActor_31
39.806679,Left Hand Grab,StaticMeshActor_31
44.805378,Left Hand Released,StaticMeshActor_31
48.585842,Right Hand Grab,StaticMeshActor_84
51.806652,Right Hand Released,StaticMeshActor_84
104.714249,Right Hand Grab,ApplePieCookbook_C_0
163.251862,Left Hand Grab,SugarJar_C_2147482370
164.800217,Left Hand Released,SugarJar_C_2147482370
171.172028,Right Hand Grab,None
174.129044,Right Hand Grab,None
178.792343,Right Hand Grab,None
181.840057,Right Hand Grab,ApplePieCookbook_C_0
224.731934,Left Hand Grab,NewMeasuringCup_C_2147482375
232.223602,Left Hand Released,NewMeasuringCup_C_2147482375
240.805405,Right Hand Grab,WaterPitcher_C_2147482369
247.024704,Right Hand Released,WaterPitcher_C_2147482369
249.991745,Right Hand Grab,ApplePieCookbook_C_0
251.555222,Right Hand Grab,WaterPitcher_C_2147482369
263.789642,Right Hand Released,WaterPitcher_C_2147482369
267.836609,Right Hand Grab,None
271.023773,Left Hand Grab,ApplePieCookbook_C_0
293.268005,Left Hand Grab,ButterHolder_C_2147482372
295.304077,Left Hand Released,ButterHolder_C_2147482372
296.898529,Left Hand Grab,Butter_C_2147482371
305.894928,Left Hand Released,Butter_C_2147482371
309.138947,Left Hand Grab,Butter_C_2147482355
311.276764,Left Hand Released,Butter_C_2147482355
319.12738,Right Hand Grab,WaterPitcher_C_2147482369
329.414795,Right Hand Released,WaterPitcher_C_2147482369
332.1203,Right Hand Grab,WaterPitcher_C_2147482369
334.037384,Right Hand Released,WaterPitcher_C_2147482369
344.604828,Left Hand Grab,UnecessaryLime_C_2147482386
347.441376,Left Hand Released,UnecessaryLime_C_2147482386
349.038727,Left Hand Grab,Apple_C_2147482381
351.542175,Left Hand Released,Apple_C_2147482381
353.774109,Left Hand Grab,Apple_C_2147482349
353.774109,Right Hand Grab,Apple_C_2147482385
356.508179,Right Hand Released,Apple_C_2147482385
356.574493,Left Hand Released,Apple_C_2147482349
357.829468,Right Hand Grab,PieBowl_C_2147482351
360.74231,Right Hand Released,PieBowl_C_2147482351
362.566528,Right Hand Grab,PieBowl_C_2147482351
366.273376,Right Hand Released,PieBowl_C_2147482351
369.137238,Left Hand Grab,Apple_C_2147482348
369.137238,Right Hand Grab,Apple_C_2147482347
372.66922,Left Hand Released,Apple_C_2147482348
372.702606,Right Hand Released,Apple_C_2147482347
374.338684,Left Hand Grab,Apple_C_2147482345
376.667969,Left Hand Released,Apple_C_2147482345
379.562286,Right Hand Grab,Apple_C_2147482385
381.365936,Right Hand Released,Apple_C_2147482385
390.962524,Right Hand Grab,PieBowl_C_2147482351
392.665192,Right Hand Released,PieBowl_C_2147482351
394.064606,Right Hand Grab,None
395.831726,Right Hand Grab,PieBowl_C_2147482351
396.698273,Right Hand Released,PieBowl_C_2147482351
400.061584,Left Hand Grab,Apple_C_2147482344
403.233032,Left Hand Released,Apple_C_2147482344
404.917267,Right Hand Grab,Knife_C_1
405.893707,Chopped,Apple_C_2147482344
407.488922,Chopped,Apple_Half_C_2147482340
410.506805,Chopped,Apple_Slice_C_2147482338
411.855194,Right Hand Released,Knife_C_1
414.32132,Right Hand Grab,Knife_C_1
414.498749,Chopped,Apple_Slice2_C_2147482337
415.683533,Chopped,Apple_Half2_C_2147482339
417.557312,Right Hand Released,Knife_C_1
421.582092,Right Hand Grab,None
423.141968,Right Hand Grab,Apple_C_2147482341
429.492584,Right Hand Released,Apple_C_2147482341
431.861877,Right Hand Grab,Knife_C_1
433.362732,Chopped,Apple_C_2147482341
434.428619,Chopped,Apple_Half2_C_2147482330
435.358124,Chopped,Apple_Half_C_2147482331
437.123352,Right Hand Released,Knife_C_1
438.789948,Right Hand Grab,Apple_Slice_C_2147482338
440.16629,Right Hand Released,Apple_Slice_C_2147482338
441.362854,Right Hand Grab,Apple_Slice4_C_2147482335
442.65097,Right Hand Released,Apple_Slice4_C_2147482335
443.934082,Right Hand Grab,Apple_Slice4_C_2147482335
448.677124,Right Hand Released,Apple_Slice4_C_2147482335
451.25351,Right Hand Grab,PieBowl_C_2147482351
452.420441,Right Hand Released,PieBowl_C_2147482351
455.416046,Right Hand Grab,Apple_Slice4_C_2147482335
456.853577,Right Hand Released,Apple_Slice4_C_2147482335
458.452332,Right Hand Grab,Apple_Slice2_C_2147482337
459.723114,Right Hand Released,Apple_Slice2_C_2147482337
461.220428,Right Hand Grab,Apple_Slice_C_2147482338
462.376984,Right Hand Released,Apple_Slice_C_2147482338
463.68631,Right Hand Grab,Apple_Slice3_C_2147482336
464.985748,Right Hand Released,Apple_Slice3_C_2147482336
466.41687,Right Hand Grab,Apple_Slice_C_2147482327
467.454651,Right Hand Released,Apple_Slice_C_2147482327
468.385193,Right Hand Grab,Apple_Slice4_C_2147482328
469.32074,Right Hand Released,Apple_Slice4_C_2147482328
470.120575,Right Hand Grab,PieBowl_C_2147482351
472.92099,Right Hand Released,PieBowl_C_2147482351
474.521698,Right Hand Grab,Apple_Slice2_C_2147482326
475.721161,Right Hand Released,Apple_Slice2_C_2147482326
477.021423,Right Hand Grab,Apple_Slice3_C_2147482329
478.487457,Right Hand Released,Apple_Slice3_C_2147482329
482.015167,Right Hand Grab,Apple_C_2147482334
483.873718,Right Hand Released,Apple_C_2147482334
486.07959,Right Hand Grab,None
487.613525,Right Hand Grab,Apple_C_2147482321
489.813782,Right Hand Released,Apple_C_2147482321
491.547607,Right Hand Grab,Knife_C_1
492.981354,Chopped,Apple_C_2147482334
493.671173,Chopped,Apple_C_2147482321
494.311462,Chopped,Apple_Half2_C_2147482316
494.907745,Chopped,Apple_Half_C_2147482317
495.574127,Chopped,Apple_Slice_C_2147482315
496.245026,Chopped,Apple_Slice_C_2147482315
497.681183,Chopped,Apple_Slice2_C_2147482314
498.716064,Chopped,Apple_Slice2_C_2147482314
499.950256,Chopped,Apple_Half_C_2147482319
500.517975,Chopped,Apple_Slice2_C_2147482312
501.68042,Chopped,Apple_Half2_C_2147482318
502.847809,Chopped,Apple_Slice2_C_2147482314
504.147736,Chopped,Apple_Slice2_C_2147482314
504.614624,Right Hand Released,Knife_C_1
506.316467,Right Hand Grab,Knife_C_1
507.917755,Right Hand Released,Knife_C_1
535.019043,Right Hand Grab,Knife_C_1
537.108093,Chopped,Apple_Slice_C_2147482315
538.503113,Chopped,Apple_Slice2_C_2147482314
540.140198,Chopped,Apple_Slice_C_2147482315
540.707092,Chopped,Apple_Slice2_C_2147482314
541.240662,Chopped,Apple_Slice_C_2147482313
541.90802,Chopped,Apple_Slice_C_2147482315
547.505981,Chopped,Apple_Slice2_C_2147482314
548.102051,Chopped,Apple_Slice_C_2147482313
549.205322,Chopped,Apple_Slice_C_2147482315
550.039001,Chopped,Apple_Half2_C_2147482316
552.136047,Right Hand Released,Knife_C_1
553.705933,Right Hand Grab,Apple_Slice2_C_2147482314
555.336914,Right Hand Released,Apple_Slice2_C_2147482314
556.838623,Right Hand Grab,Apple_Slice_C_2147482315
558.306458,Right Hand Released,Apple_Slice_C_2147482315
559.472717,Right Hand Grab,Apple_Slice3_C_2147482311
561.136414,Right Hand Released,Apple_Slice3_C_2147482311
562.338013,Right Hand Grab,Apple_Slice2_C_2147482312
563.768433,Right Hand Released,Apple_Slice2_C_2147482312
564.80365,Right Hand Grab,Apple_Slice_C_2147482313
565.970947,Right Hand Released,Apple_Slice_C_2147482313
566.90332,Right Hand Grab,Apple_Slice4_C_2147482310
568.001953,Right Hand Released,Apple_Slice4_C_2147482310
568.900757,Right Hand Grab,Apple_Slice4_C_2147482306
569.934692,Right Hand Released,Apple_Slice4_C_2147482306
570.835632,Right Hand Grab,Apple_Slice3_C_2147482307
571.83606,Right Hand Released,Apple_Slice3_C_2147482307
578.467529,Right Hand Grab,None
579.551697,Right Hand Grab,None
580.654785,Right Hand Grab,ApplePieCookbook_C_0
591.143005,Right Hand Grab,CinnyShakerGrabable_C_2147482373
596.559448,Right Hand Released,CinnyShakerGrabable_C_2147482373
609.188538,Right Hand Grab,SaucePot_C_2147482374
619.453186,Right Hand Released,SaucePot_C_2147482374
622.717712,Right Hand Grab,None
624.880554,Right Hand Grab,ApplePieCookbook_C_0
641.117432,Right Hand Grab,StaticMeshActor_23
642.050842,Right Hand Released,StaticMeshActor_23
642.983398,Right Hand Grab,StirSpoonPie_C_2147482368
671.602417,Right Hand Released,StirSpoonPie_C_2147482368
683.293274,Right Hand Grab,PillsberryDoughGirl_C_2147482296
693.205872,Right Hand Grab,None
694.52002,Right Hand Grab,None
695.499695,Right Hand Grab,ApplePieCookbook_C_0
705.862183,Right Hand Grab,PieBowl_C_2147482351
709.822327,Right Hand Released,PieBowl_C_2147482351
713.599731,Right Hand Grab,PillsberryDoughBoy_C_2147482297
720.424377,Right Hand Grab,ApplePieCookbook_C_0
730.510681,Right Hand Grab,oven_C_1
735.819153,Right Hand Grab,None
739.529724,Right Hand Grab,PiePan_C_2147482366
746.997131,Right Hand Released,PiePan_C_2147482366
751.285645,Right Hand Grab,oven_C_1
847.269897,Right Hand Grab,None
850.892517,Right Hand Grab,None
852.246643,Right Hand Grab,None
853.115479,Right Hand Grab,ApplePieCookbook_C_0
863.633301,Right Hand Grab,oven_C_1
866.062622,Right Hand Grab,PiePan_C_2147482366
868.306274,Right Hand Released,PiePan_C_2147482366
869.306091,Right Hand Grab,PiePan_C_2147482366
870.0849,Right Hand Released,PiePan_C_2147482366
870.929504,Right Hand Grab,PiePan_C_2147482366
874.016052,Right Hand Released,PiePan_C_2147482366
874.9729,Left Hand Grab,PiePan_C_2147482366
881.950989,Left Hand Released,PiePan_C_2147482366
889.43512,Right Hand Grab,PieBowl_C_2147482351
890.548401,Right Hand Released,PieBowl_C_2147482351
891.526184,Right Hand Grab,PiePan_C_2147482366
906.611084,Right Hand Released,PiePan_C_2147482366
909.542542,Right Hand Grab,oven_C_1
923.828125,Right Hand Grab,oven_C_1
925.920044,Right Hand Grab,PiePan_C_2147482366
933.90686,Right Hand Released,PiePan_C_2147482366
941.35791,Right Hand Grab,oven_C_1
