Session Time,Action Type,Interacted Object
23.728117,Right Hand Grab,ApplePieCookbook_C_0
34.069511,Right Hand Grab,ApplePieCookbook_C_0
46.021538,Right Hand Grab,WaterPitcher_C_2147482383
55.342896,Right Hand Released,WaterPitcher_C_2147482383
59.194679,Left Hand Grab,NewMeasuringCup_C_2147482389
62.991528,Left Hand Released,NewMeasuringCup_C_2147482389
63.85984,Left Hand Grab,SugarJar_C_2147482384
65.687859,Left Hand Released,SugarJar_C_2147482384
69.226837,Right Hand Grab,StaticMeshActor_31
70.297714,Right Hand Released,StaticMeshActor_31
71.030785,Right Hand Grab,NewMeasuringCup_C_2147482389
74.43679,Right Hand Released,NewMeasuringCup_C_2147482389
75.301758,Right Hand Grab,NewMeasuringCup_C_2147482389
85.83287,Right Hand Released,NewMeasuringCup_C_2147482389
87.396744,Right Hand Grab,None
89.262543,Right Hand Grab,None
90.797623,Right Hand Grab,NewMeasuringCup_C_2147482389
91.660454,Right Hand Released,NewMeasuringCup_C_2147482389
93.030037,Left Hand Grab,NewMeasuringCup_C_2147482389
94.261391,Left Hand Released,NewMeasuringCup_C_2147482389
94.660591,Left Hand Grab,None
100.692047,Left Hand Grab,NewMeasuringCup_C_2147482389
112.55204,Left Hand Released,NewMeasuringCup_C_2147482389
119.592987,Left Hand Grab,NewMeasuringCup_C_2147482389
120.988441,Left Hand Released,NewMeasuringCup_C_2147482389
133.624481,Left Hand Grab,None
157.89888,Left Hand Grab,None
158.930893,Right Hand Grab,SugarJar_C_2147482384
160.879578,Right Hand Released,SugarJar_C_2147482384
165.299698,Left Hand Grab,SugarJar_C_2147482384
166.630005,Left Hand Released,SugarJar_C_2147482384
175.347641,Left Hand Grab,SugarJar_C_2147482384
177.44809,Left Hand Released,SugarJar_C_2147482384
179.747894,Left Hand Grab,NewMeasuringCup_C_2147482389
183.117203,Left Hand Released,NewMeasuringCup_C_2147482389
183.815414,Left Hand Grab,NewMeasuringCup_C_2147482389
184.848755,Left Hand Released,NewMeasuringCup_C_2147482389
185.116241,Left Hand Grab,NewMeasuringCup_C_2147482389
192.960098,Left Hand Released,NewMeasuringCup_C_2147482389
193.893036,Left Hand Grab,ButterHolder_C_2147482386
198.190414,Left Hand Released,ButterHolder_C_2147482386
199.352448,Left Hand Grab,Butter_C_2147482385
201.421326,Left Hand Released,Butter_C_2147482385
204.708542,Left Hand Grab,Butter_C_2147482373
214.045456,Right Hand Grab,Apple_C_2147482406
219.982437,Right Hand Released,Apple_C_2147482406
220.631531,Left Hand Grab,PieBowl_C_2147482371
220.664902,Right Hand Grab,PieBowl_C_2147482371
221.794662,Right Hand Released,PieBowl_C_2147482371
221.794662,Left Hand Released,PieBowl_C_2147482371
222.731812,Left Hand Grab,SugarJar_C_2147482384
222.731812,Right Hand Grab,SugarJar_C_2147482384
224.444214,Left Hand Released,SugarJar_C_2147482384
224.778687,Right Hand Released,SugarJar_C_2147482384
227.522034,Right Hand Grab,StirSpoonPie_C_2147482382
228.614639,Right Hand Released,StirSpoonPie_C_2147482382
229.906738,Right Hand Grab,Knife_C_1
231.128296,Chopped,Apple_C_2147482406
232.085968,Chopped,Apple_Half2_C_2147482366
232.891754,Chopped,Apple_Half2_C_2147482366
233.521973,Chopped,Apple_Slice3_C_2147482365
234.224731,Chopped,Apple_Slice4_C_2147482364
234.625,Right Hand Released,Knife_C_1
235.9944,Right Hand Grab,Apple_Slice4_C_2147482364
237.129654,Right Hand Released,Apple_Slice4_C_2147482364
238.096481,Right Hand Grab,Apple_Slice3_C_2147482365
239.026825,Right Hand Released,Apple_Slice3_C_2147482365
240.023026,Right Hand Grab,StaticMeshActor_84
241.389572,Right Hand Released,StaticMeshActor_84
242.089386,Right Hand Grab,Knife_C_1
242.760208,Chopped,Apple_Half_C_2147482367
243.729584,Right Hand Released,Knife_C_1
244.527222,Left Hand Grab,Knife_C_1
245.698761,Left Hand Released,Knife_C_1
245.963715,Right Hand Grab,Apple_Slice2_C_2147482362
247.600449,Right Hand Released,Apple_Slice2_C_2147482362
248.462601,Right Hand Grab,Apple_Slice_C_2147482363
249.830978,Right Hand Released,Apple_Slice_C_2147482363
253.127121,Right Hand Grab,Apple_C_2147482370
254.391083,Right Hand Released,Apple_C_2147482370
256.019012,Right Hand Grab,Knife_C_1
256.915009,Chopped,Apple_C_2147482370
258.389343,Chopped,Apple_Half2_C_2147482359
259.022278,Chopped,Apple_Slice4_C_2147482357
260.82196,Chopped,Apple_Slice3_C_2147482358
261.950684,Right Hand Released,Knife_C_1
263.117371,Right Hand Grab,Knife_C_1
263.918243,Chopped,Apple_Half_C_2147482360
265.284332,Right Hand Released,Knife_C_1
266.148499,Right Hand Grab,Apple_Slice2_C_2147482355
267.315369,Right Hand Released,Apple_Slice2_C_2147482355
268.41156,Right Hand Grab,Apple_Slice_C_2147482356
269.74527,Right Hand Released,Apple_Slice_C_2147482356
272.075897,Right Hand Grab,StaticMeshActor_84
274.113922,Right Hand Released,StaticMeshActor_84
275.344299,Right Hand Grab,PieBowl_C_2147482371
276.241455,Right Hand Released,PieBowl_C_2147482371
277.108398,Right Hand Grab,Apple_Slice4_C_2147482357
278.51181,Right Hand Released,Apple_Slice4_C_2147482357
281.799713,Right Hand Grab,StirSpoonPie_C_2147482382
282.926331,Right Hand Released,StirSpoonPie_C_2147482382
283.818909,Right Hand Grab,Apple_Slice3_C_2147482358
285.868927,Right Hand Released,Apple_Slice3_C_2147482358
293.238129,Left Hand Grab,PieBowl_C_2147482371
293.238129,Right Hand Grab,PieBowl_C_2147482371
295.470428,Left Hand Released,PieBowl_C_2147482371
295.503326,Right Hand Released,PieBowl_C_2147482371
298.994904,Right Hand Grab,ApplePieCookbook_C_0
304.69696,Right Hand Grab,CinnyShakerGrabable_C_2147482387
309.072968,Right Hand Released,CinnyShakerGrabable_C_2147482387
316.236786,Right Hand Grab,SaucePot_C_2147482388
320.909698,Right Hand Released,SaucePot_C_2147482388
323.139069,Right Hand Grab,ApplePieCookbook_C_0
331.369385,Right Hand Grab,StaticMeshActor_84
333.300995,Right Hand Released,StaticMeshActor_84
335.856506,Right Hand Grab,StirSpoonPie_C_2147482382
340.197449,Left Hand Grab,StirSpoonPie_C_2147482382
346.627075,Right Hand Released,StirSpoonPie_C_2147482382
346.760895,Left Hand Released,StirSpoonPie_C_2147482382
362.803558,Right Hand Grab,PieBowl_C_2147482371
363.777527,Right Hand Released,PieBowl_C_2147482371
364.088379,Left Hand Grab,PieBowl_C_2147482371
364.862091,Right Hand Grab,None
366.106079,Right Hand Grab,StirSpoonPie_C_2147482382
371.808136,Right Hand Released,StirSpoonPie_C_2147482382
372.834106,Right Hand Grab,StaticMeshActor_23
373.726227,Right Hand Released,StaticMeshActor_23
374.285065,Right Hand Grab,StaticMeshActor_84
385.301575,Left Hand Released,PieBowl_C_2147482371
385.9021,Left Hand Grab,PieBowl_C_2147482371
386.034576,Left Hand Released,PieBowl_C_2147482371
386.056702,Right Hand Released,StaticMeshActor_84
386.993835,Right Hand Grab,PieBowl_C_2147482371
387.237793,Left Hand Grab,PieBowl_C_2147482371
389.08255,Right Hand Released,PieBowl_C_2147482371
391.498688,Right Hand Grab,StaticMeshActor_84
392.608582,Right Hand Released,StaticMeshActor_84
393.700287,Right Hand Grab,PieBowl_C_2147482371
394.629395,Left Hand Released,PieBowl_C_2147482371
394.874542,Right Hand Released,PieBowl_C_2147482371
404.040741,Right Hand Grab,StaticMeshActor_118
412.45993,Right Hand Released,StaticMeshActor_118
