Session Time,Action Type,Interacted Object
79.732475,Right Hand Grab,None
82.488091,Right Hand Grab,ApplePieCookbook_C_0
106.92804,Right Hand Grab,SaucePot_C_2147482386
110.397346,Right Hand Released,SaucePot_C_2147482386
110.997711,Right Hand Grab,SaucePot_C_2147482386
112.462479,Right Hand Released,SaucePot_C_2147482386
115.707649,Right Hand Grab,None
118.441963,Right Hand Grab,ApplePieCookbook_C_0
127.6539,Right Hand Grab,StaticMeshActor_31
128.293427,Right Hand Released,StaticMeshActor_31
129.357544,Right Hand Grab,NewMeasuringCup_C_2147482387
130.759995,Right Hand Released,NewMeasuringCup_C_2147482387
132.180649,Right Hand Grab,SugarJar_C_2147482382
133.400894,Right Hand Released,SugarJar_C_2147482382
135.949936,Right Hand Grab,NewMeasuringCup_C_2147482387
144.602936,Right Hand Released,NewMeasuringCup_C_2147482387
146.588806,Right Hand Grab,NewMeasuringCup_C_2147482387
149.016769,Right Hand Released,NewMeasuringCup_C_2147482387
150.861511,Right Hand Grab,None
152.537231,Right Hand Grab,NewMeasuringCup_C_2147482387
153.311798,Right Hand Released,NewMeasuringCup_C_2147482387
154.178238,Right Hand Grab,None
155.210739,Right Hand Grab,WaterPitcher_C_2147482381
159.204239,Right Hand Released,WaterPitcher_C_2147482381
160.378067,Right Hand Grab,WaterPitcher_C_2147482381
160.611084,Right Hand Released,WaterPitcher_C_2147482381
161.043655,Right Hand Grab,WaterPitcher_C_2147482381
162.140137,Right Hand Released,WaterPitcher_C_2147482381
163.441895,Right Hand Grab,WaterPitcher_C_2147482381
164.637833,Right Hand Released,WaterPitcher_C_2147482381
165.874374,Right Hand Grab,NewMeasuringCup_C_2147482387
167.873596,Right Hand Released,NewMeasuringCup_C_2147482387
168.040222,Right Hand Grab,NewMeasuringCup_C_2147482387
168.840607,Right Hand Released,NewMeasuringCup_C_2147482387
169.605087,Right Hand Grab,WaterPitcher_C_2147482381
171.337753,Right Hand Released,WaterPitcher_C_2147482381
172.50441,Right Hand Grab,WaterPitcher_C_2147482381
173.87294,Right Hand Released,WaterPitcher_C_2147482381
174.376144,Right Hand Grab,WaterPitcher_C_2147482381
174.609314,Right Hand Released,WaterPitcher_C_2147482381
175.143951,Right Hand Grab,WaterPitcher_C_2147482381
179.113998,Right Hand Released,WaterPitcher_C_2147482381
181.114075,Right Hand Grab,None
182.218353,Right Hand Grab,WaterPitcher_C_2147482381
184.089874,Right Hand Released,WaterPitcher_C_2147482381
185.552856,Right Hand Grab,WaterPitcher_C_2147482381
190.696609,Right Hand Released,WaterPitcher_C_2147482381
192.533157,Right Hand Grab,StaticMeshActor_84
193.462555,Right Hand Released,StaticMeshActor_84
194.229233,Right Hand Grab,SaucePot_C_2147482386
194.959061,Right Hand Released,SaucePot_C_2147482386
195.158707,Right Hand Grab,SaucePot_C_2147482386
195.991318,Right Hand Released,SaucePot_C_2147482386
196.390305,Right Hand Grab,SaucePot_C_2147482386
197.223007,Right Hand Released,SaucePot_C_2147482386
197.685471,Right Hand Grab,SaucePot_C_2147482386
198.856216,Right Hand Released,SaucePot_C_2147482386
211.759979,Right Hand Grab,StaticMeshActor_31
213.096481,Right Hand Released,StaticMeshActor_31
213.767166,Right Hand Grab,ButterHolder_C_2147482384
214.332932,Right Hand Released,ButterHolder_C_2147482384
214.698883,Right Hand Grab,SaucePot_C_2147482386
215.332794,Right Hand Released,SaucePot_C_2147482386
216.136444,Right Hand Grab,SaucePot_C_2147482386
217.069305,Right Hand Released,SaucePot_C_2147482386
217.76532,Right Hand Grab,SaucePot_C_2147482386
218.476273,Right Hand Released,SaucePot_C_2147482386
218.96167,Right Hand Grab,Butter_C_2147482383
219.29512,Right Hand Released,Butter_C_2147482383
219.826172,Right Hand Grab,Butter_C_2147482383
221.291763,Right Hand Released,Butter_C_2147482383
224.388397,Right Hand Grab,Butter_C_2147482369
224.984741,Right Hand Released,Butter_C_2147482369
226.322037,Right Hand Grab,SaucePot_C_2147482386
231.597183,Right Hand Released,SaucePot_C_2147482386
232.198761,Right Hand Grab,Butter_C_2147482368
233.796921,Right Hand Released,Butter_C_2147482368
234.1633,Right Hand Grab,Butter_C_2147482368
235.131622,Right Hand Released,Butter_C_2147482368
235.930939,Right Hand Grab,Butter_C_2147482368
236.827362,Right Hand Released,Butter_C_2147482368
243.434738,Right Hand Grab,ButterHolder_C_2147482384
244.363861,Right Hand Released,ButterHolder_C_2147482384
245.499374,Right Hand Grab,Butter_C_2147482367
246.070679,Right Hand Released,Butter_C_2147482367
246.337219,Right Hand Grab,SaucePot_C_2147482386
247.766571,Right Hand Released,SaucePot_C_2147482386
248.032028,Right Hand Grab,SaucePot_C_2147482386
249.533188,Right Hand Released,SaucePot_C_2147482386
250.399796,Right Hand Grab,SaucePot_C_2147482386
251.598984,Right Hand Released,SaucePot_C_2147482386
253.096069,Right Hand Grab,SaucePot_C_2147482386
257.725159,Right Hand Released,SaucePot_C_2147482386
265.807648,Right Hand Grab,None
266.87796,Right Hand Grab,Apple_C_2147482407
268.54599,Right Hand Released,Apple_C_2147482407
270.312561,Right Hand Grab,Apple_C_2147482403
271.813385,Right Hand Released,Apple_C_2147482403
273.211243,Right Hand Grab,Apple_C_2147482406
274.545013,Right Hand Released,Apple_C_2147482406
275.707794,Right Hand Grab,Apple_C_2147482362
277.005066,Right Hand Released,Apple_C_2147482362
278.975037,Right Hand Grab,Knife_C_1
280.375,Right Hand Released,Knife_C_1
280.877777,Right Hand Grab,Knife_C_1
285.474762,Right Hand Released,Knife_C_1
286.675598,Right Hand Grab,Knife_C_1
287.339691,Right Hand Released,Knife_C_1
289.577759,Right Hand Grab,PieBowl_C_2147482366
291.006866,Right Hand Released,PieBowl_C_2147482366
291.841003,Right Hand Grab,PieBowl_C_2147482366
292.835541,Right Hand Released,PieBowl_C_2147482366
294.463989,Right Hand Grab,Knife_C_1
296.098663,Right Hand Released,Knife_C_1
297.163361,Right Hand Grab,Knife_C_1
306.627991,Right Hand Released,Knife_C_1
311.194641,Right Hand Grab,Knife_C_1
312.993286,Right Hand Released,Knife_C_1
314.360657,Right Hand Grab,PieBowl_C_2147482366
315.493866,Right Hand Released,PieBowl_C_2147482366
316.592163,Right Hand Grab,PieBowl_C_2147482366
317.492584,Right Hand Released,PieBowl_C_2147482366
320.833221,Right Hand Grab,Apple_C_2147482363
322.500885,Right Hand Released,Apple_C_2147482363
323.400665,Right Hand Grab,Knife_C_1
324.265137,Chopped,Apple_C_2147482363
325.734619,Chopped,Apple_Half2_C_2147482355
327.031525,Chopped,Apple_Half_C_2147482356
327.732056,Right Hand Released,Knife_C_1
328.866028,Right Hand Grab,Apple_Slice_C_2147482352
329.930176,Right Hand Released,Apple_Slice_C_2147482352
330.563782,Right Hand Grab,Apple_Slice2_C_2147482351
331.400391,Right Hand Released,Apple_Slice2_C_2147482351
332.230865,Right Hand Grab,Apple_Slice3_C_2147482354
332.967712,Right Hand Released,Apple_Slice3_C_2147482354
333.833618,Right Hand Grab,Apple_Slice4_C_2147482353
334.664551,Right Hand Released,Apple_Slice4_C_2147482353
339.898743,Right Hand Grab,Apple_C_2147482358
341.363037,Right Hand Released,Apple_C_2147482358
342.102234,Right Hand Grab,Knife_C_1
343.797729,Chopped,Apple_C_2147482358
344.765564,Chopped,Apple_Half2_C_2147482346
345.630219,Chopped,Apple_Half_C_2147482347
346.498108,Chopped,Apple_Slice2_C_2147482344
347.299774,Chopped,Apple_Half2_C_2147482346
348.032501,Right Hand Released,Knife_C_1
348.932343,Right Hand Grab,Apple_Slice2_C_2147482344
349.87027,Right Hand Released,Apple_Slice2_C_2147482344
350.572723,Right Hand Grab,Apple_Slice4_C_2147482342
351.405518,Right Hand Released,Apple_Slice4_C_2147482342
352.573029,Right Hand Grab,Apple_Slice_C_2147482345
353.439941,Right Hand Released,Apple_Slice_C_2147482345
354.341827,Right Hand Grab,Apple_Slice3_C_2147482343
355.272736,Right Hand Released,Apple_Slice3_C_2147482343
356.40509,Right Hand Grab,PieBowl_C_2147482366
359.373047,Right Hand Released,PieBowl_C_2147482366
370.93634,Right Hand Grab,PieBowl_C_2147482366
374.877716,Right Hand Released,PieBowl_C_2147482366
380.985107,Right Hand Grab,Apple_C_2147482350
382.915894,Right Hand Released,Apple_C_2147482350
385.677979,Right Hand Grab,PieBowl_C_2147482366
388.115601,Right Hand Released,PieBowl_C_2147482366
389.60968,Right Hand Grab,None
390.232208,Right Hand Grab,None
391.36734,Right Hand Grab,Knife_C_1
393.556732,Chopped,Apple_C_2147482350
394.585541,Chopped,Apple_Half_C_2147482338
395.152832,Chopped,Apple_Half2_C_2147482337
395.954926,Chopped,Apple_Half_C_2147482338
396.917755,Chopped,Apple_Slice2_C_2147482333
398.28476,Chopped,Apple_Slice2_C_2147482333
398.28476,Right Hand Released,Knife_C_1
399.652649,Right Hand Grab,Knife_C_1
399.919342,Chopped,Apple_Slice4_C_2147482335
401.281281,Right Hand Released,Knife_C_1
402.348358,Right Hand Grab,Apple_Slice_C_2147482334
402.983521,Right Hand Released,Apple_Slice_C_2147482334
403.84671,Right Hand Grab,Apple_Slice2_C_2147482333
404.507416,Right Hand Released,Apple_Slice2_C_2147482333
405.479279,Right Hand Grab,Apple_Slice4_C_2147482335
406.213501,Right Hand Released,Apple_Slice4_C_2147482335
407.017059,Right Hand Grab,Apple_Slice3_C_2147482336
407.949036,Right Hand Released,Apple_Slice3_C_2147482336
409.346008,Right Hand Grab,Apple_C_2147482341
410.917023,Right Hand Released,Apple_C_2147482341
412.149261,Right Hand Grab,Knife_C_1
414.016724,Chopped,Apple_C_2147482341
414.716858,Chopped,Butter_C_2147482367
415.45108,Chopped,Apple_Half2_C_2147482328
416.284576,Chopped,Apple_Slice3_C_2147482327
417.052795,Chopped,Apple_Slice3_C_2147482327
417.785461,Chopped,Apple_Half_C_2147482329
418.651672,Right Hand Released,Knife_C_1
420.313904,Right Hand Grab,None
421.413849,Right Hand Grab,PieBowl_C_2147482366
422.844513,Right Hand Released,PieBowl_C_2147482366
424.378082,Right Hand Grab,Apple_Slice3_C_2147482327
425.346558,Right Hand Released,Apple_Slice3_C_2147482327
426.308289,Right Hand Grab,NewMeasuringCup_C_2147482387
427.567932,Right Hand Released,NewMeasuringCup_C_2147482387
428.133911,Right Hand Grab,Apple_Slice4_C_2147482326
429.069672,Right Hand Released,Apple_Slice4_C_2147482326
430.106659,Right Hand Grab,Apple_Slice2_C_2147482324
431.109253,Right Hand Released,Apple_Slice2_C_2147482324
432.113373,Right Hand Grab,Apple_Slice_C_2147482325
433.24353,Right Hand Released,Apple_Slice_C_2147482325
436.381927,Right Hand Grab,ApplePieCookbook_C_0
440.430725,Right Hand Grab,CinnyShakerGrabable_C_2147482385
442.152496,Right Hand Released,CinnyShakerGrabable_C_2147482385
442.653961,Right Hand Grab,None
443.487427,Right Hand Grab,PieBowl_C_2147482366
444.322815,Right Hand Released,PieBowl_C_2147482366
444.822449,Right Hand Grab,CinnyShakerGrabable_C_2147482385
447.322693,Right Hand Released,CinnyShakerGrabable_C_2147482385
448.052643,Right Hand Grab,CinnyShakerGrabable_C_2147482385
448.252472,Right Hand Released,CinnyShakerGrabable_C_2147482385
448.756134,Right Hand Grab,CinnyShakerGrabable_C_2147482385
449.656525,Right Hand Released,CinnyShakerGrabable_C_2147482385
454.855469,Right Hand Grab,CinnyShakerGrabable_C_2147482385
455.188873,Right Hand Released,CinnyShakerGrabable_C_2147482385
455.555511,Right Hand Grab,CinnyShakerGrabable_C_2147482385
457.216736,Right Hand Released,CinnyShakerGrabable_C_2147482385
457.978027,Right Hand Grab,CinnyShakerGrabable_C_2147482385
458.774109,Right Hand Released,CinnyShakerGrabable_C_2147482385
459.10788,Right Hand Grab,None
461.108154,Right Hand Grab,None
464.101196,Right Hand Grab,CinnyShakerGrabable_C_2147482385
469.797272,Right Hand Released,CinnyShakerGrabable_C_2147482385
475.042206,Right Hand Grab,SaucePot_C_2147482386
479.768555,Right Hand Released,SaucePot_C_2147482386
481.422241,Right Hand Grab,None
482.624023,Right Hand Grab,ApplePieCookbook_C_0
489.782654,Right Hand Grab,StirSpoonPie_C_2147482380
493.059601,Right Hand Released,StirSpoonPie_C_2147482380
493.531952,Right Hand Grab,None
494.664703,Right Hand Grab,StirSpoonPie_C_2147482380
496.414337,Right Hand Released,StirSpoonPie_C_2147482380
499.944275,Right Hand Grab,None
500.728119,Right Hand Grab,StirSpoonPie_C_2147482380
502.469116,Right Hand Released,StirSpoonPie_C_2147482380
504.352264,Right Hand Grab,StirSpoonPie_C_2147482380
507.887512,Right Hand Released,StirSpoonPie_C_2147482380
508.065491,Right Hand Grab,StirSpoonPie_C_2147482380
508.417877,Right Hand Released,StirSpoonPie_C_2147482380
508.661285,Right Hand Grab,StirSpoonPie_C_2147482380
508.928375,Right Hand Released,StirSpoonPie_C_2147482380
509.283325,Right Hand Grab,StirSpoonPie_C_2147482380
509.617126,Right Hand Released,StirSpoonPie_C_2147482380
509.927307,Right Hand Grab,StirSpoonPie_C_2147482380
517.284668,Right Hand Released,StirSpoonPie_C_2147482380
518.438232,Right Hand Grab,StirSpoonPie_C_2147482380
519.389832,Right Hand Released,StirSpoonPie_C_2147482380
529.904785,Right Hand Grab,StirSpoonPie_C_2147482380
534.322449,Right Hand Released,StirSpoonPie_C_2147482380
551.01825,Right Hand Grab,PieBowl_C_2147482366
551.653564,Right Hand Released,PieBowl_C_2147482366
552.120178,Right Hand Grab,PieBowl_C_2147482366
552.950562,Right Hand Released,PieBowl_C_2147482366
553.744751,Right Hand Grab,PillsberryDoughBoy_C_2147482317
557.633179,Right Hand Grab,PieBowl_C_2147482366
559.272827,Right Hand Released,PieBowl_C_2147482366
560.385925,Right Hand Grab,ApplePieCookbook_C_0
564.246216,Right Hand Grab,PieBowl_C_2147482366
565.249329,Right Hand Released,PieBowl_C_2147482366
565.678467,Right Hand Grab,PieBowl_C_2147482366
566.244812,Right Hand Released,PieBowl_C_2147482366
566.74884,Right Hand Grab,PillsberryDoughGirl_C_2147482316
567.584045,Right Hand Released,PillsberryDoughGirl_C_2147482316
568.250488,Right Hand Grab,PieBowl_C_2147482366
571.751648,Right Hand Released,PieBowl_C_2147482366
572.652283,Right Hand Grab,PieBowl_C_2147482366
576.180908,Right Hand Released,PieBowl_C_2147482366
577.917114,Right Hand Grab,PieBowl_C_2147482366
579.3172,Right Hand Released,PieBowl_C_2147482366
579.718506,Right Hand Grab,PieBowl_C_2147482366
580.614197,Right Hand Released,PieBowl_C_2147482366
581.114075,Right Hand Grab,PieBowl_C_2147482366
581.983337,Right Hand Released,PieBowl_C_2147482366
584.380981,Right Hand Grab,PieBowl_C_2147482366
588.127075,Right Hand Released,PieBowl_C_2147482366
591.905334,Right Hand Grab,PillsberryDoughGirl_C_2147482316
596.528992,Right Hand Grab,None
597.624573,Right Hand Grab,ApplePieCookbook_C_0
614.014648,Right Hand Grab,oven_C_1
617.129211,Right Hand Grab,PiePan_C_2147482378
621.025757,Right Hand Released,PiePan_C_2147482378
621.98053,Right Hand Grab,None
622.694153,Right Hand Grab,PiePan_C_2147482378
623.934082,Right Hand Released,PiePan_C_2147482378
625.175476,Right Hand Grab,oven_C_1
629.624756,Right Hand Grab,oven_C_1
631.287781,Right Hand Grab,None
632.149475,Right Hand Grab,None
632.683716,Right Hand Grab,oven_C_1
637.248047,Right Hand Grab,PieBowl_C_2147482366
638.821716,Right Hand Released,PieBowl_C_2147482366
641.604553,Right Hand Grab,ApplePieCookbook_C_0
647.740051,Right Hand Grab,None
650.714783,Right Hand Grab,oven_C_1
651.938843,Right Hand Grab,PiePan_C_2147482378
654.961853,Right Hand Released,PiePan_C_2147482378
657.534424,Right Hand Grab,oven_C_1
663.710876,Right Hand Grab,WaterPitcher_C_2147482381
664.977539,Right Hand Released,WaterPitcher_C_2147482381
669.81543,Right Hand Grab,Exit_C_0
