Session Time,Action Type,Interacted Object
10.756371,Right Hand Grab,ApplePieCookbook_C_0
38.593777,Right Hand Grab,None
39.83728,Right Hand Grab,ApplePieCookbook_C_0
55.74437,Right Hand Grab,WaterPitcher_C_2147482383
73.814583,Right Hand Released,WaterPitcher_C_2147482383
83.739204,Left Hand Grab,None
86.994286,Left Hand Grab,SugarJar_C_2147482384
88.721962,Left Hand Released,SugarJar_C_2147482384
90.150955,Left Hand Grab,None
91.9188,Left Hand Grab,StaticMeshActor_31
93.248207,Left Hand Released,StaticMeshActor_31
95.117081,Left Hand Grab,NewMeasuringCup_C_2147482389
104.315903,Left Hand Released,NewMeasuringCup_C_2147482389
112.995178,Left Hand Grab,StaticMeshActor_31
113.893295,Left Hand Released,StaticMeshActor_31
115.196518,Left Hand Grab,SugarJar_C_2147482384
116.291374,Left Hand Released,SugarJar_C_2147482384
116.602966,Left Hand Grab,SugarJar_C_2147482384
117.905502,Left Hand Released,SugarJar_C_2147482384
120.021347,Left Hand Grab,ButterHolder_C_2147482386
121.932076,Left Hand Released,ButterHolder_C_2147482386
123.293388,Left Hand Grab,Butter_C_2147482385
124.886711,Left Hand Released,Butter_C_2147482385
128.218445,Left Hand Grab,Butter_C_2147482377
129.645355,Left Hand Released,Butter_C_2147482377
136.925003,Right Hand Grab,Apple_C_2147482409
138.222626,Right Hand Released,Apple_C_2147482409
139.168259,Right Hand Grab,Apple_C_2147482374
140.075272,Right Hand Released,Apple_C_2147482374
141.050034,Right Hand Grab,Apple_C_2147482407
142.158218,Right Hand Released,Apple_C_2147482407
143.110062,Right Hand Grab,Apple_C_2147482408
144.486816,Right Hand Released,Apple_C_2147482408
147.023132,Right Hand Grab,Knife_C_1
148.181946,Chopped,Apple_C_2147482408
149.244095,Chopped,Apple_C_2147482374
150.263062,Chopped,Apple_Half2_C_2147482367
151.147751,Chopped,Apple_C_2147482407
151.982529,Chopped,Apple_Half2_C_2147482361
152.820221,Chopped,Apple_Slice4_C_2147482363
153.857056,Chopped,Apple_C_2147482409
154.423248,Chopped,Apple_Half2_C_2147482359
155.060303,Chopped,Apple_Half2_C_2147482365
155.594223,Chopped,Apple_Half_C_2147482360
156.161667,Chopped,Apple_Slice4_C_2147482357
156.994431,Chopped,Apple_Slice4_C_2147482363
157.560944,Chopped,Apple_Half2_C_2147482361
158.260941,Chopped,Apple_Half_C_2147482362
159.027512,Chopped,Apple_Slice4_C_2147482357
159.760284,Chopped,Apple_Slice2_C_2147482351
160.294113,Chopped,Apple_Slice_C_2147482352
161.061066,Right Hand Released,Knife_C_1
162.033951,Right Hand Grab,Apple_Slice4_C_2147482357
162.658066,Right Hand Released,Apple_Slice4_C_2147482357
164.715515,Left Hand Grab,PieBowl_C_2147482375
166.518616,Right Hand Grab,Apple_Half2_C_2147482359
167.151184,Right Hand Released,Apple_Half2_C_2147482359
168.252167,Right Hand Grab,Apple_Half_C_2147482368
168.886017,Right Hand Released,Apple_Half_C_2147482368
169.856369,Right Hand Grab,Apple_Slice_C_2147482352
171.156143,Right Hand Released,Apple_Slice_C_2147482352
172.218765,Right Hand Grab,PieBowl_C_2147482375
174.88446,Right Hand Released,PieBowl_C_2147482375
175.616516,Left Hand Released,PieBowl_C_2147482375
175.748749,Right Hand Grab,None
177.381561,Right Hand Grab,None
178.683548,Right Hand Grab,PieBowl_C_2147482375
182.413864,Right Hand Released,PieBowl_C_2147482375
184.046219,Left Hand Grab,PieBowl_C_2147482375
188.183792,Right Hand Grab,PieBowl_C_2147482375
188.216583,Left Hand Released,PieBowl_C_2147482375
189.479019,Right Hand Released,PieBowl_C_2147482375
190.412338,Left Hand Grab,PieBowl_C_2147482375
190.743896,Left Hand Released,PieBowl_C_2147482375
194.375381,Right Hand Grab,StirSpoonPie_C_2147482382
195.515778,Right Hand Released,StirSpoonPie_C_2147482382
196.493134,Right Hand Grab,WaterPitcher_C_2147482383
197.092514,Right Hand Released,WaterPitcher_C_2147482383
197.736557,Right Hand Grab,StirSpoonPie_C_2147482382
198.914551,Right Hand Released,StirSpoonPie_C_2147482382
199.580521,Right Hand Grab,WaterPitcher_C_2147482383
200.804428,Right Hand Released,WaterPitcher_C_2147482383
202.137695,Right Hand Grab,Knife_C_1
204.505966,Chopped,Apple_Half_C_2147482366
205.194519,Chopped,Apple_Slice2_C_2147482349
207.043335,Chopped,Apple_Slice2_C_2147482355
207.70488,Chopped,Apple_Slice4_C_2147482353
208.442688,Right Hand Released,Knife_C_1
209.446121,Right Hand Grab,StirSpoonPie_C_2147482382
211.474686,Right Hand Released,StirSpoonPie_C_2147482382
212.443802,Right Hand Grab,Apple_Slice4_C_2147482363
213.44046,Right Hand Released,Apple_Slice4_C_2147482363
214.306244,Right Hand Grab,Apple_Slice4_C_2147482353
215.538727,Right Hand Released,Apple_Slice4_C_2147482353
216.404785,Right Hand Grab,Apple_Slice3_C_2147482354
217.639221,Right Hand Released,Apple_Slice3_C_2147482354
218.468475,Right Hand Grab,Apple_Slice2_C_2147482355
219.368332,Right Hand Released,Apple_Slice2_C_2147482355
220.437424,Right Hand Grab,Apple_Slice_C_2147482350
221.578171,Right Hand Released,Apple_Slice_C_2147482350
222.444489,Right Hand Grab,Apple_Slice2_C_2147482351
223.243408,Right Hand Released,Apple_Slice2_C_2147482351
223.877136,Right Hand Grab,Apple_Slice3_C_2147482358
224.709778,Right Hand Released,Apple_Slice3_C_2147482358
228.31456,Right Hand Grab,Apple_Slice_C_2147482356
230.672562,Right Hand Released,Apple_Slice_C_2147482356
231.577759,Right Hand Grab,PieBowl_C_2147482375
231.677109,Left Hand Grab,PieBowl_C_2147482375
232.6138,Left Hand Released,PieBowl_C_2147482375
232.879639,Right Hand Released,PieBowl_C_2147482375
236.597382,Right Hand Grab,ApplePieCookbook_C_0
242.601013,Right Hand Grab,CinnyShakerGrabable_C_2147482387
251.480484,Right Hand Released,CinnyShakerGrabable_C_2147482387
259.562347,Left Hand Grab,SaucePot_C_2147482388
262.921997,Left Hand Released,SaucePot_C_2147482388
266.288513,Right Hand Grab,ApplePieCookbook_C_0
271.578766,Right Hand Grab,StaticMeshActor_23
272.646515,Right Hand Released,StaticMeshActor_23
275.114868,Right Hand Grab,StirSpoonPie_C_2147482382
277.555847,Left Hand Grab,PieBowl_C_2147482375
283.776337,Right Hand Released,StirSpoonPie_C_2147482382
283.975677,Left Hand Released,PieBowl_C_2147482375
285.212677,Right Hand Grab,StirSpoonPie_C_2147482382
286.237732,Right Hand Released,StirSpoonPie_C_2147482382
296.393311,Right Hand Grab,StaticMeshActor_83
297.400848,Right Hand Released,StaticMeshActor_83
301.605469,Right Hand Grab,PillsberryDoughBoy_C_2147482344
301.639435,Left Hand Grab,PillsberryDoughGirl_C_2147482343
306.85675,Left Hand Released,PillsberryDoughGirl_C_2147482343
307.123993,Right Hand Grab,Apple_Half_C_2147482368
308.168304,Right Hand Released,Apple_Half_C_2147482368
309.297852,Left Hand Grab,PieBowl_C_2147482375
312.585724,Left Hand Released,PieBowl_C_2147482375
314.806549,Left Hand Grab,PillsberryDoughGirl_C_2147482343
321.483093,Right Hand Grab,None
322.748871,Right Hand Grab,ApplePieCookbook_C_0
326.694611,Right Hand Grab,ApplePieCookbook_C_0
337.788391,Right Hand Grab,oven_C_1
340.409882,Right Hand Grab,PiePan_C_2147482380
343.072815,Right Hand Released,PiePan_C_2147482380
344.225006,Right Hand Grab,None
345.565155,Right Hand Grab,oven_C_1
348.05838,Right Hand Grab,PieBowl_C_2147482375
349.056732,Right Hand Released,PieBowl_C_2147482375
366.735535,Right Hand Grab,None
367.715515,Right Hand Grab,None
368.875885,Right Hand Grab,None
376.67038,Right Hand Grab,None
378.073486,Right Hand Grab,ApplePieCookbook_C_0
381.851257,Right Hand Grab,None
382.987091,Right Hand Grab,ApplePieCookbook_C_0
414.663727,Right Hand Grab,None
415.701324,Right Hand Grab,None
416.764862,Right Hand Grab,PieBowl_C_2147482375
417.768127,Right Hand Released,PieBowl_C_2147482375
418.637848,Right Hand Grab,StaticMeshActor_31
418.90509,Right Hand Released,StaticMeshActor_31
420.408325,Right Hand Grab,PieBowl_C_2147482375
422.81015,Right Hand Released,PieBowl_C_2147482375
426.298981,Right Hand Grab,StaticMeshActor_31
427.241058,Right Hand Released,StaticMeshActor_31
428.069946,Right Hand Grab,PiePan_C_2147482380
428.773987,Right Hand Released,PiePan_C_2147482380
430.137695,Right Hand Grab,StaticMeshActor_84
431.257874,Right Hand Released,StaticMeshActor_84
432.103119,Right Hand Grab,None
432.681183,Right Hand Grab,None
433.926025,Right Hand Grab,oven_C_1
448.73645,Right Hand Grab,oven_C_1
452.065216,Left Hand Grab,None
452.155853,Right Hand Grab,PiePan_C_2147482380
453.411835,Right Hand Released,PiePan_C_2147482380
