Session Time,Action Type,Interacted Object
10.119182,Right Hand Grab,None
13.037108,Right Hand Grab,ApplePieCookbook_C_0
30.271988,Right Hand Grab,ApplePieCookbook_C_0
31.605076,Right Hand Grab,ApplePieCookbook_C_0
35.952591,Right Hand Grab,ApplePieCookbook_C_0
46.680592,Right Hand Grab,SugarJar_C_2147482372
46.887505,Right Hand Released,SugarJar_C_2147482372
48.107845,Right Hand Grab,SugarJar_C_2147482372
49.768379,Right Hand Released,SugarJar_C_2147482372
58.829628,Right Hand Grab,NewMeasuringCup_C_2147482377
59.273529,Right Hand Released,NewMeasuringCup_C_2147482377
59.628651,Right Hand Grab,StaticMeshActor_31
60.473431,Right Hand Released,StaticMeshActor_31
61.183903,Right Hand Grab,NewMeasuringCup_C_2147482377
69.280029,Right Hand Released,NewMeasuringCup_C_2147482377
78.261162,Right Hand Grab,WaterPitcher_C_2147482371
93.007355,Right Hand Released,WaterPitcher_C_2147482371
128.068039,Right Hand Grab,SugarJar_C_2147482372
131.605026,Right Hand Released,SugarJar_C_2147482372
133.108612,Right Hand Grab,StaticMeshActor_31
134.104614,Right Hand Released,StaticMeshActor_31
134.667923,Right Hand Grab,ButterHolder_C_2147482374
136.404541,Right Hand Released,ButterHolder_C_2147482374
137.542603,Right Hand Grab,Butter_C_2147482373
141.102814,Right Hand Grab,Butter_C_2147482363
157.930573,Right Hand Grab,Apple_C_2147482397
159.400879,Right Hand Released,Apple_C_2147482397
162.08551,Right Hand Grab,StirSpoonPie_C_2147482370
162.68573,Right Hand Released,StirSpoonPie_C_2147482370
163.59494,Right Hand Grab,Knife_C_1
165.72612,Chopped,Apple_C_2147482397
166.989883,Chopped,Apple_Half2_C_2147482358
168.075378,Chopped,Apple_Half_C_2147482359
169.225693,Chopped,Apple_Slice_C_2147482355
170.803955,Right Hand Released,Knife_C_1
177.919434,Right Hand Grab,PieBowl_C_2147482361
180.14238,Right Hand Released,PieBowl_C_2147482361
182.266815,Right Hand Grab,Apple_Slice2_C_2147482354
183.507019,Right Hand Released,Apple_Slice2_C_2147482354
184.404953,Right Hand Grab,Apple_Slice3_C_2147482357
185.274078,Right Hand Released,Apple_Slice3_C_2147482357
186.040344,Right Hand Grab,Apple_Slice4_C_2147482356
187.00827,Right Hand Released,Apple_Slice4_C_2147482356
188.474564,Right Hand Grab,StaticMeshActor_23
189.341751,Right Hand Released,StaticMeshActor_23
190.987778,Right Hand Grab,Apple_Slice_C_2147482355
191.478149,Right Hand Released,Apple_Slice_C_2147482355
192.65451,Right Hand Grab,Apple_Slice_C_2147482355
193.898972,Right Hand Released,Apple_Slice_C_2147482355
194.93956,Right Hand Grab,PieBowl_C_2147482361
196.069244,Right Hand Released,PieBowl_C_2147482361
196.767899,Right Hand Grab,PieBowl_C_2147482361
197.26796,Right Hand Released,PieBowl_C_2147482361
198.301575,Right Hand Grab,Apple_Slice_C_2147482355
199.434113,Right Hand Released,Apple_Slice_C_2147482355
201.536057,Right Hand Grab,Apple_C_2147482360
202.606323,Right Hand Released,Apple_C_2147482360
203.294586,Right Hand Grab,Knife_C_1
203.802246,Chopped,Apple_C_2147482360
203.890854,Right Hand Released,Knife_C_1
204.916626,Right Hand Grab,Knife_C_1
205.712708,Chopped,Apple_Half2_C_2147482349
206.731079,Chopped,Apple_Slice3_C_2147482348
208.535843,Chopped,Apple_Slice4_C_2147482347
209.470993,Chopped,Apple_Slice3_C_2147482348
210.436707,Chopped,Apple_Half_C_2147482350
211.069,Right Hand Released,Knife_C_1
213.134216,Right Hand Grab,Apple_Slice2_C_2147482345
216.13205,Right Hand Released,Apple_Slice2_C_2147482345
217.194153,Right Hand Grab,Apple_Slice4_C_2147482347
218.461105,Right Hand Released,Apple_Slice4_C_2147482347
219.327927,Right Hand Grab,Apple_Slice_C_2147482346
220.461411,Right Hand Released,Apple_Slice_C_2147482346
221.294174,Right Hand Grab,Apple_Slice3_C_2147482348
222.263428,Right Hand Released,Apple_Slice3_C_2147482348
223.923431,Right Hand Grab,Apple_C_2147482351
225.327057,Right Hand Released,Apple_C_2147482351
226.21698,Right Hand Grab,Knife_C_1
227.186691,Chopped,Apple_C_2147482351
228.793228,Chopped,Apple_Half_C_2147482343
229.327133,Right Hand Released,Knife_C_1
229.730911,Right Hand Grab,Knife_C_1
230.863617,Chopped,Apple_Half2_C_2147482342
231.330429,Right Hand Released,Knife_C_1
237.016724,Right Hand Grab,Apple_Slice2_C_2147482340
239.496246,Right Hand Released,Apple_Slice2_C_2147482340
240.396164,Right Hand Grab,Apple_Slice_C_2147482341
241.625183,Right Hand Released,Apple_Slice_C_2147482341
242.391464,Right Hand Grab,Apple_Slice4_C_2147482338
243.457565,Right Hand Released,Apple_Slice4_C_2147482338
244.157532,Right Hand Grab,Apple_Slice3_C_2147482339
245.12233,Right Hand Released,Apple_Slice3_C_2147482339
246.652954,Right Hand Grab,Apple_C_2147482344
247.947174,Right Hand Released,Apple_C_2147482344
249.983185,Right Hand Grab,StirSpoonPie_C_2147482370
250.564636,Right Hand Released,StirSpoonPie_C_2147482370
251.567963,Right Hand Grab,Knife_C_1
252.482788,Chopped,Apple_C_2147482344
253.656281,Chopped,Apple_Half2_C_2147482335
254.122543,Right Hand Released,Knife_C_1
254.586319,Right Hand Grab,Knife_C_1
255.35228,Right Hand Released,Knife_C_1
257.062805,Right Hand Grab,Knife_C_1
257.892731,Chopped,Apple_Half_C_2147482336
258.358124,Right Hand Released,Knife_C_1
260.160217,Right Hand Grab,Apple_Slice4_C_2147482333
260.327209,Right Hand Released,Apple_Slice4_C_2147482333
261.791107,Right Hand Grab,Apple_Slice4_C_2147482333
262.521271,Right Hand Released,Apple_Slice4_C_2147482333
263.549896,Right Hand Grab,Apple_Slice_C_2147482332
264.480347,Right Hand Released,Apple_Slice_C_2147482332
265.246155,Right Hand Grab,Apple_Slice2_C_2147482331
266.049988,Right Hand Released,Apple_Slice2_C_2147482331
267.253235,Right Hand Grab,PieBowl_C_2147482361
268.054718,Right Hand Released,PieBowl_C_2147482361
270.181366,Right Hand Grab,Apple_Slice3_C_2147482334
270.951263,Right Hand Released,Apple_Slice3_C_2147482334
277.277191,Right Hand Grab,ApplePieCookbook_C_0
283.659821,Right Hand Grab,CinnyShakerGrabable_C_2147482375
285.24942,Right Hand Released,CinnyShakerGrabable_C_2147482375
285.756348,Right Hand Grab,None
288.2146,Right Hand Grab,CinnyShakerGrabable_C_2147482375
289.74234,Right Hand Released,CinnyShakerGrabable_C_2147482375
302.243744,Right Hand Grab,SaucePot_C_2147482376
307.27478,Right Hand Released,SaucePot_C_2147482376
312.076172,Right Hand Grab,SaucePot_C_2147482376
312.965637,Right Hand Released,SaucePot_C_2147482376
316.917938,Right Hand Grab,ApplePieCookbook_C_0
320.561646,Right Hand Grab,StirSpoonPie_C_2147482370
325.793457,Right Hand Released,StirSpoonPie_C_2147482370
330.856049,Right Hand Grab,StirSpoonPie_C_2147482370
336.339478,Right Hand Released,StirSpoonPie_C_2147482370
347.800568,Right Hand Grab,StirSpoonPie_C_2147482370
352.626007,Right Hand Released,StirSpoonPie_C_2147482370
353.392487,Right Hand Grab,PillsberryDoughGirl_C_2147482321
355.670166,Right Hand Released,PillsberryDoughGirl_C_2147482321
368.786041,Right Hand Grab,PillsberryDoughBoy_C_2147482322
375.068542,Right Hand Grab,ApplePieCookbook_C_0
376.069397,Right Hand Grab,ApplePieCookbook_C_0
377.202759,Right Hand Grab,ApplePieCookbook_C_0
378.582184,Right Hand Grab,PiePan_C_2147482368
380.668549,Right Hand Released,PiePan_C_2147482368
381.730194,Right Hand Grab,NewMeasuringCup_C_2147482377
382.737823,Right Hand Released,NewMeasuringCup_C_2147482377
384.055695,Right Hand Grab,PiePan_C_2147482368
386.925262,Right Hand Released,PiePan_C_2147482368
390.164764,Right Hand Grab,PieBowl_C_2147482361
391.395111,Right Hand Released,PieBowl_C_2147482361
391.99826,Right Hand Grab,None
392.602112,Right Hand Grab,SaucePot_C_2147482376
393.068787,Right Hand Released,SaucePot_C_2147482376
393.934631,Right Hand Grab,None
395.144318,Right Hand Grab,PieBowl_C_2147482361
399.053894,Right Hand Released,PieBowl_C_2147482361
403.306122,Right Hand Grab,PillsberryDoughGirl_C_2147482321
411.303497,Right Hand Grab,oven_C_1
413.569397,Right Hand Grab,PiePan_C_2147482368
415.703125,Right Hand Released,PiePan_C_2147482368
416.170135,Right Hand Grab,None
416.926727,Right Hand Grab,PiePan_C_2147482368
418.480865,Right Hand Released,PiePan_C_2147482368
419.816986,Right Hand Grab,oven_C_1
455.836945,Right Hand Grab,WaterPitcher_C_2147482371
457.481903,Right Hand Released,WaterPitcher_C_2147482371
459.745575,Right Hand Grab,Knife_C_1
461.319214,Right Hand Released,Knife_C_1
462.252197,Right Hand Grab,CinnyShakerGrabable_C_2147482375
463.251495,Right Hand Released,CinnyShakerGrabable_C_2147482375
466.465912,Right Hand Grab,oven_C_1
468.714935,Right Hand Grab,oven_C_1
472.692902,Right Hand Grab,SaucePot_C_2147482376
474.003326,Right Hand Released,SaucePot_C_2147482376
475.471069,Right Hand Grab,SugarJar_C_2147482372
476.936127,Right Hand Released,SugarJar_C_2147482372
478.137146,Right Hand Grab,StaticMeshActor_31
480.268311,Right Hand Released,StaticMeshActor_31
484.381836,Right Hand Grab,oven_C_1
485.998627,Right Hand Grab,PiePan_C_2147482368
486.26593,Right Hand Released,PiePan_C_2147482368
486.534515,Right Hand Grab,PiePan_C_2147482368
486.978851,Right Hand Released,PiePan_C_2147482368
487.290009,Right Hand Grab,PiePan_C_2147482368
487.847778,Right Hand Released,PiePan_C_2147482368
488.159149,Right Hand Grab,PiePan_C_2147482368
488.961029,Right Hand Released,PiePan_C_2147482368
489.49295,Right Hand Grab,PiePan_C_2147482368
490.158875,Right Hand Released,PiePan_C_2147482368
490.514374,Right Hand Grab,PiePan_C_2147482368
491.1586,Right Hand Released,PiePan_C_2147482368
492.869324,Right Hand Grab,PiePan_C_2147482368
493.225281,Right Hand Released,PiePan_C_2147482368
498.268036,Right Hand Grab,PiePan_C_2147482368
499.424438,Right Hand Released,PiePan_C_2147482368
499.957031,Right Hand Grab,PiePan_C_2147482368
500.669098,Right Hand Released,PiePan_C_2147482368
501.712372,Right Hand Grab,PiePan_C_2147482368
501.756714,Left Hand Grab,PiePan_C_2147482368
502.512787,Right Hand Released,PiePan_C_2147482368
502.534882,Left Hand Released,PiePan_C_2147482368
503.00061,Right Hand Grab,PiePan_C_2147482368
503.045135,Left Hand Grab,PiePan_C_2147482368
503.801056,Right Hand Released,PiePan_C_2147482368
503.801056,Left Hand Released,PiePan_C_2147482368
504.200714,Right Hand Grab,PiePan_C_2147482368
504.289551,Left Hand Grab,PiePan_C_2147482368
504.978149,Right Hand Released,PiePan_C_2147482368
504.978149,Left Hand Released,PiePan_C_2147482368
505.444977,Right Hand Grab,PiePan_C_2147482368
506.177704,Right Hand Released,PiePan_C_2147482368
506.421753,Right Hand Grab,PiePan_C_2147482368
506.977051,Right Hand Released,PiePan_C_2147482368
507.332825,Right Hand Grab,PiePan_C_2147482368
508.066284,Right Hand Released,PiePan_C_2147482368
508.621765,Right Hand Grab,PiePan_C_2147482368
509.332611,Right Hand Released,PiePan_C_2147482368
509.688232,Right Hand Grab,PiePan_C_2147482368
510.243256,Right Hand Released,PiePan_C_2147482368
510.710754,Right Hand Grab,PiePan_C_2147482368
511.111115,Right Hand Released,PiePan_C_2147482368
511.377472,Right Hand Grab,PiePan_C_2147482368
514.439636,Right Hand Released,PiePan_C_2147482368
515.437622,Right Hand Grab,PiePan_C_2147482368
516.016418,Right Hand Released,PiePan_C_2147482368
517.144775,Right Hand Grab,None
518.507751,Right Hand Grab,oven_C_1
