Session Time,Action Type,Interacted Object
13.569451,Right Hand Grab,ApplePieCookbook_C_0
84.950363,Left Hand Grab,StaticMeshActor_31
85.19445,Left Hand Released,StaticMeshActor_31
86.198441,Left Hand Grab,StaticMeshActor_31
86.597969,Left Hand Released,StaticMeshActor_31
93.828987,Right Hand Grab,ButterHolder_C_2147482374
94.87368,Right Hand Released,ButterHolder_C_2147482374
117.415977,Right Hand Grab,WaterPitcher_C_2147482371
119.45565,Right Hand Released,WaterPitcher_C_2147482371
120.850822,Right Hand Grab,StaticMeshActor_84
122.694977,Right Hand Released,StaticMeshActor_84
123.49369,Right Hand Grab,WaterPitcher_C_2147482371
126.355774,Left Hand Grab,WaterPitcher_C_2147482371
131.557739,Right Hand Released,WaterPitcher_C_2147482371
134.292923,Left Hand Released,WaterPitcher_C_2147482371
136.891098,Right Hand Grab,WaterPitcher_C_2147482371
137.136856,Right Hand Released,WaterPitcher_C_2147482371
142.273468,Right Hand Grab,None
143.454544,Right Hand Grab,ApplePieCookbook_C_0
163.425385,Right Hand Grab,WaterPitcher_C_2147482371
172.34761,Right Hand Released,WaterPitcher_C_2147482371
177.042023,Right Hand Grab,SugarJar_C_2147482372
180.048874,Right Hand Released,SugarJar_C_2147482372
186.582779,Right Hand Grab,NewMeasuringCup_C_2147482377
203.54364,Right Hand Released,NewMeasuringCup_C_2147482377
204.281097,Right Hand Grab,NewMeasuringCup_C_2147482377
205.010239,Right Hand Released,NewMeasuringCup_C_2147482377
205.844559,Right Hand Grab,None
208.213058,Right Hand Grab,NewMeasuringCup_C_2147482377
209.546768,Right Hand Released,NewMeasuringCup_C_2147482377
211.176819,Right Hand Grab,NewMeasuringCup_C_2147482377
215.1073,Right Hand Released,NewMeasuringCup_C_2147482377
217.27536,Right Hand Grab,NewMeasuringCup_C_2147482377
218.639374,Right Hand Released,NewMeasuringCup_C_2147482377
221.899628,Right Hand Grab,None
226.108643,Right Hand Grab,NewMeasuringCup_C_2147482377
228.105057,Right Hand Released,NewMeasuringCup_C_2147482377
231.76709,Right Hand Grab,NewMeasuringCup_C_2147482377
234.939713,Right Hand Released,NewMeasuringCup_C_2147482377
238.873383,Right Hand Grab,NewMeasuringCup_C_2147482377
241.107132,Right Hand Released,NewMeasuringCup_C_2147482377
242.541351,Right Hand Grab,NewMeasuringCup_C_2147482377
243.309143,Right Hand Released,NewMeasuringCup_C_2147482377
244.407196,Right Hand Grab,None
249.169037,Right Hand Grab,NewMeasuringCup_C_2147482377
251.468979,Right Hand Released,NewMeasuringCup_C_2147482377
252.535828,Right Hand Grab,NewMeasuringCup_C_2147482377
254.306061,Right Hand Released,NewMeasuringCup_C_2147482377
256.035919,Right Hand Grab,NewMeasuringCup_C_2147482377
257.698822,Right Hand Released,NewMeasuringCup_C_2147482377
259.601135,Right Hand Grab,NewMeasuringCup_C_2147482377
262.168976,Right Hand Released,NewMeasuringCup_C_2147482377
285.965454,Left Hand Grab,NewMeasuringCup_C_2147482377
292.026825,Left Hand Released,NewMeasuringCup_C_2147482377
292.492645,Left Hand Grab,NewMeasuringCup_C_2147482377
293.86322,Left Hand Released,NewMeasuringCup_C_2147482377
294.097992,Left Hand Grab,NewMeasuringCup_C_2147482377
295.527496,Left Hand Released,NewMeasuringCup_C_2147482377
295.827667,Left Hand Grab,NewMeasuringCup_C_2147482377
296.929169,Left Hand Released,NewMeasuringCup_C_2147482377
298.163513,Left Hand Grab,NewMeasuringCup_C_2147482377
299.529999,Left Hand Released,NewMeasuringCup_C_2147482377
299.73111,Left Hand Grab,NewMeasuringCup_C_2147482377
306.362061,Left Hand Released,NewMeasuringCup_C_2147482377
307.259155,Left Hand Grab,NewMeasuringCup_C_2147482377
309.294403,Left Hand Released,NewMeasuringCup_C_2147482377
312.622253,Left Hand Grab,NewMeasuringCup_C_2147482377
317.954773,Left Hand Released,NewMeasuringCup_C_2147482377
319.291321,Left Hand Grab,Butter_C_2147482373
320.690796,Left Hand Released,Butter_C_2147482373
326.559753,Right Hand Grab,NewMeasuringCup_C_2147482377
346.560089,Right Hand Released,NewMeasuringCup_C_2147482377
355.120941,Right Hand Grab,Butter_C_2147482373
357.152802,Right Hand Released,Butter_C_2147482373
359.377258,Right Hand Grab,SaucePot_C_2147482376
361.717896,Right Hand Released,SaucePot_C_2147482376
364.216919,Right Hand Grab,Butter_C_2147482355
366.509735,Right Hand Released,Butter_C_2147482355
368.411377,Right Hand Grab,Butter_C_2147482354
376.790833,Right Hand Grab,Apple_C_2147482384
379.278717,Right Hand Released,Apple_C_2147482384
381.251862,Right Hand Grab,ApplePieCookbook_C_0
383.719177,Right Hand Grab,ApplePieCookbook_C_0
385.652405,Right Hand Grab,ApplePieCookbook_C_0
388.985016,Right Hand Grab,StaticMeshActor_84
389.988434,Right Hand Released,StaticMeshActor_84
391.480591,Right Hand Grab,CinnyShakerGrabable_C_2147482375
393.216644,Right Hand Released,CinnyShakerGrabable_C_2147482375
395.082733,Right Hand Grab,Knife_C_1
397.722809,Chopped,Apple_C_2147482384
400.133484,Chopped,Apple_Half2_C_2147482349
401.240051,Right Hand Released,Knife_C_1
403.574066,Right Hand Grab,Knife_C_1
405.380249,Chopped,Apple_Half_C_2147482350
407.318024,Right Hand Released,Knife_C_1
409.74884,Right Hand Grab,PieBowl_C_2147482352
412.815735,Right Hand Released,PieBowl_C_2147482352
415.648621,Right Hand Grab,PieBowl_C_2147482352
417.447998,Right Hand Released,PieBowl_C_2147482352
419.246582,Right Hand Grab,Apple_Slice_C_2147482346
420.745239,Right Hand Released,Apple_Slice_C_2147482346
421.942932,Right Hand Grab,Apple_Slice2_C_2147482345
423.413818,Right Hand Released,Apple_Slice2_C_2147482345
424.878815,Right Hand Grab,Apple_Slice4_C_2147482347
426.343079,Right Hand Released,Apple_Slice4_C_2147482347
427.510162,Right Hand Grab,Apple_Slice3_C_2147482348
429.241425,Right Hand Released,Apple_Slice3_C_2147482348
431.244781,Right Hand Grab,ApplePieCookbook_C_0
433.077393,Right Hand Grab,ApplePieCookbook_C_0
434.741211,Right Hand Grab,Apple_C_2147482387
437.371643,Right Hand Released,Apple_C_2147482387
439.006256,Right Hand Grab,Knife_C_1
440.810608,Chopped,Apple_C_2147482387
442.442566,Chopped,Apple_Half2_C_2147482340
443.408875,Chopped,Apple_Half_C_2147482341
445.00824,Right Hand Released,Knife_C_1
446.608459,Right Hand Grab,Apple_Slice2_C_2147482336
447.870361,Right Hand Released,Apple_Slice2_C_2147482336
449.003632,Right Hand Grab,Apple_Slice_C_2147482337
452.170074,Right Hand Released,Apple_Slice_C_2147482337
453.372925,Left Hand Grab,None
454.503082,Right Hand Grab,Apple_Slice4_C_2147482338
455.538147,Right Hand Released,Apple_Slice4_C_2147482338
456.27121,Left Hand Grab,Apple_Slice3_C_2147482339
457.603241,Left Hand Released,Apple_Slice3_C_2147482339
460.605316,Right Hand Grab,Apple_C_2147482342
463.169617,Right Hand Released,Apple_C_2147482342
464.538513,Right Hand Grab,Knife_C_1
465.704346,Chopped,Apple_C_2147482342
466.671143,Chopped,Apple_Half_C_2147482334
467.737885,Chopped,Apple_Half2_C_2147482333
470.140167,Right Hand Released,Knife_C_1
474.571167,Right Hand Grab,Apple_Half_C_2147482334
476.261871,Right Hand Released,Apple_Half_C_2147482334
478.135712,Right Hand Grab,Knife_C_1
479.858612,Chopped,Apple_Half_C_2147482334
481.363342,Right Hand Released,Knife_C_1
482.934509,Right Hand Grab,Apple_Slice4_C_2147482331
484.399628,Right Hand Released,Apple_Slice4_C_2147482331
485.332153,Right Hand Grab,Apple_Slice2_C_2147482329
486.562012,Right Hand Released,Apple_Slice2_C_2147482329
487.498749,Right Hand Grab,Apple_Slice_C_2147482330
487.900208,Left Hand Grab,Apple_Slice3_C_2147482332
489.000427,Right Hand Released,Apple_Slice_C_2147482330
489.034729,Left Hand Released,Apple_Slice3_C_2147482332
491.900452,Right Hand Grab,Apple_C_2147482335
495.365936,Right Hand Released,Apple_C_2147482335
496.228607,Right Hand Grab,Knife_C_1
497.998993,Chopped,Apple_C_2147482335
499.365326,Chopped,Apple_Half2_C_2147482326
500.629517,Chopped,Apple_Half_C_2147482327
501.299042,Right Hand Released,Knife_C_1
503.335114,Right Hand Grab,Knife_C_1
505.54718,Right Hand Released,Knife_C_1
507.828217,Right Hand Grab,Knife_C_1
509.129181,Right Hand Released,Knife_C_1
511.166626,Right Hand Grab,Apple_Slice3_C_2147482323
512.163757,Right Hand Released,Apple_Slice3_C_2147482323
513.660583,Right Hand Grab,Apple_Slice4_C_2147482322
514.896606,Right Hand Released,Apple_Slice4_C_2147482322
515.761963,Left Hand Grab,Apple_Slice2_C_2147482320
517.229187,Left Hand Released,Apple_Slice2_C_2147482320
518.748413,Left Hand Grab,Apple_Slice_C_2147482321
520.226196,Left Hand Released,Apple_Slice_C_2147482321
522.89679,Right Hand Grab,ApplePieCookbook_C_0
528.212891,Right Hand Grab,ApplePieCookbook_C_0
542.030701,Right Hand Grab,CinnyShakerGrabable_C_2147482375
547.87207,Right Hand Released,CinnyShakerGrabable_C_2147482375
569.916382,Right Hand Grab,SaucePot_C_2147482376
576.312439,Right Hand Released,SaucePot_C_2147482376
579.258301,Right Hand Grab,ApplePieCookbook_C_0
586.270447,Right Hand Grab,StirSpoonPie_C_2147482370
599.088806,Right Hand Released,StirSpoonPie_C_2147482370
600.043396,Right Hand Grab,StaticMeshActor_84
600.954651,Right Hand Released,StaticMeshActor_84
601.954285,Right Hand Grab,StirSpoonPie_C_2147482370
603.176819,Right Hand Released,StirSpoonPie_C_2147482370
605.419861,Right Hand Grab,StaticMeshActor_84
606.730652,Right Hand Released,StaticMeshActor_84
607.841919,Right Hand Grab,StaticMeshActor_84
611.950378,Right Hand Released,StaticMeshActor_84
614.084167,Right Hand Grab,StirSpoonPie_C_2147482370
615.106934,Right Hand Released,StirSpoonPie_C_2147482370
616.461731,Right Hand Grab,StirSpoonPie_C_2147482370
617.328491,Right Hand Released,StirSpoonPie_C_2147482370
618.705139,Right Hand Grab,StirSpoonPie_C_2147482370
634.102478,Right Hand Released,StirSpoonPie_C_2147482370
635.8349,Right Hand Grab,StirSpoonPie_C_2147482370
638.056763,Right Hand Released,StirSpoonPie_C_2147482370
643.190002,Right Hand Grab,StaticMeshActor_23
644.39032,Right Hand Released,StaticMeshActor_23
645.946899,Right Hand Grab,StirSpoonPie_C_2147482370
658.966309,Right Hand Released,StirSpoonPie_C_2147482370
671.247314,Right Hand Grab,None
673.093628,Right Hand Grab,None
678.581055,Right Hand Grab,PillsberryDoughGirl_C_2147482312
678.913391,Right Hand Released,PillsberryDoughGirl_C_2147482312
680.283447,Right Hand Grab,PillsberryDoughGirl_C_2147482312
685.489929,Right Hand Released,PillsberryDoughGirl_C_2147482312
694.384583,Right Hand Grab,ApplePieCookbook_C_0
700.421143,Right Hand Grab,StaticMeshActor_84
701.35144,Right Hand Released,StaticMeshActor_84
702.70929,Right Hand Grab,PieBowl_C_2147482352
708.574036,Right Hand Released,PieBowl_C_2147482352
715.420959,Right Hand Grab,PillsberryDoughBoy_C_2147482313
719.77655,Right Hand Grab,SaucePot_C_2147482376
724.106567,Right Hand Released,SaucePot_C_2147482376
727.598511,Right Hand Grab,ApplePieCookbook_C_0
740.108093,Right Hand Grab,oven_C_1
742.661316,Right Hand Grab,PiePan_C_2147482368
746.788757,Right Hand Released,PiePan_C_2147482368
750.285095,Right Hand Grab,PieBowl_C_2147482352
754.721008,Right Hand Released,PieBowl_C_2147482352
758.740662,Right Hand Grab,oven_C_1
775.850647,Right Hand Grab,oven_C_1
777.856201,Right Hand Grab,PiePan_C_2147482368
784.604492,Right Hand Released,PiePan_C_2147482368
788.02002,Right Hand Grab,oven_C_1
789.863281,Right Hand Grab,PieBowl_C_2147482352
791.953857,Right Hand Released,PieBowl_C_2147482352
796.204773,Right Hand Grab,None
798.981934,Right Hand Grab,None
801.365417,Right Hand Grab,ApplePieCookbook_C_0
810.473022,Left Hand Grab,PiePan_C_2147482368
810.5849,Right Hand Grab,PiePan_C_2147482368
813.676758,Right Hand Released,PiePan_C_2147482368
813.710449,Left Hand Released,PiePan_C_2147482368
