Session Time,Action Type,Interacted Object
40.17318,Right Hand Grab,None
41.040668,Right Hand Grab,None
41.684505,Left Hand Grab,ApplePieCookbook_C_0
41.706959,Right Hand Grab,None
66.072502,Right Hand Grab,None
73.676178,Right Hand Grab,ApplePieCookbook_C_0
83.558617,Right Hand Grab,WaterPitcher_C_2147482371
93.811111,Right Hand Released,WaterPitcher_C_2147482371
95.607613,Right Hand Grab,None
98.255516,Right Hand Grab,WaterPitcher_C_2147482371
100.250183,Right Hand Released,WaterPitcher_C_2147482371
108.545822,Right Hand Grab,SugarJar_C_2147482372
110.347076,Right Hand Released,SugarJar_C_2147482372
112.720901,Right Hand Grab,None
115.393677,Right Hand Grab,StaticMeshActor_31
116.061546,Right Hand Released,StaticMeshActor_31
118.961075,Right Hand Grab,NewMeasuringCup_C_2147482377
125.791229,Right Hand Released,NewMeasuringCup_C_2147482377
126.353844,Right Hand Grab,SugarJar_C_2147482372
127.421844,Right Hand Released,SugarJar_C_2147482372
128.354446,Right Hand Grab,SugarJar_C_2147482372
129.86113,Right Hand Released,SugarJar_C_2147482372
147.250137,Right Hand Grab,None
148.686722,Right Hand Grab,StaticMeshActor_31
149.883636,Right Hand Released,StaticMeshActor_31
150.615875,Right Hand Grab,ButterHolder_C_2147482374
153.40834,Right Hand Released,ButterHolder_C_2147482374
154.245758,Right Hand Grab,Butter_C_2147482373
157.808212,Right Hand Grab,StaticMeshActor_31
158.610977,Right Hand Released,StaticMeshActor_31
159.207443,Right Hand Grab,Butter_C_2147482363
163.387497,Right Hand Grab,None
166.214752,Right Hand Grab,ApplePieCookbook_C_0
176.042816,Right Hand Grab,None
177.746429,Right Hand Grab,ApplePieCookbook_C_0
181.338074,Right Hand Grab,Apple_C_2147482396
182.739227,Right Hand Released,Apple_C_2147482396
184.176193,Right Hand Grab,StirSpoonPie_C_2147482370
184.979309,Right Hand Released,StirSpoonPie_C_2147482370
185.53508,Right Hand Grab,Knife_C_1
186.692444,Chopped,Apple_C_2147482396
188.184982,Chopped,Apple_Half_C_2147482359
189.51413,Chopped,Apple_Half2_C_2147482358
189.916519,Right Hand Released,Knife_C_1
191.046356,Right Hand Grab,Knife_C_1
192.250565,Right Hand Released,Knife_C_1
193.508636,Right Hand Grab,Apple_Slice2_C_2147482356
194.64975,Right Hand Released,Apple_Slice2_C_2147482356
196.582916,Left Hand Grab,Apple_Slice3_C_2147482355
196.615982,Right Hand Grab,StaticMeshActor_84
198.084229,Right Hand Released,StaticMeshActor_84
199.084976,Left Hand Released,Apple_Slice3_C_2147482355
199.947556,Right Hand Grab,Apple_Slice4_C_2147482354
199.980423,Left Hand Grab,Apple_Slice2_C_2147482356
200.8134,Left Hand Released,Apple_Slice2_C_2147482356
200.847046,Right Hand Released,Apple_Slice4_C_2147482354
201.513718,Left Hand Grab,Apple_Slice_C_2147482357
201.513718,Right Hand Grab,StaticMeshActor_84
202.779892,Right Hand Released,StaticMeshActor_84
202.97995,Left Hand Released,Apple_Slice_C_2147482357
204.244644,Right Hand Grab,Apple_C_2147482397
205.21489,Right Hand Released,Apple_C_2147482397
206.277802,Right Hand Grab,StaticMeshActor_23
207.103653,Right Hand Released,StaticMeshActor_23
207.570389,Right Hand Grab,Knife_C_1
209.732315,Left Hand Grab,StaticMeshActor_84
210.577515,Left Hand Released,StaticMeshActor_84
211.421509,Chopped,Apple_C_2147482397
211.994629,Chopped,Apple_Half2_C_2147482351
212.528168,Chopped,Apple_Half2_C_2147482351
213.313736,Chopped,Apple_Half_C_2147482352
214.676224,Right Hand Released,Knife_C_1
215.812561,Right Hand Grab,Apple_Slice4_C_2147482349
215.831528,Left Hand Grab,Apple_Slice2_C_2147482347
216.838379,Left Hand Released,Apple_Slice2_C_2147482347
216.872284,Right Hand Released,Apple_Slice4_C_2147482349
217.572006,Right Hand Grab,Apple_Slice_C_2147482348
217.671448,Left Hand Grab,Apple_Slice3_C_2147482350
218.501938,Left Hand Released,Apple_Slice3_C_2147482350
218.568024,Right Hand Released,Apple_Slice_C_2147482348
219.537857,Right Hand Grab,Apple_C_2147482353
220.608932,Right Hand Released,Apple_C_2147482353
221.371246,Right Hand Grab,StirSpoonPie_C_2147482370
222.2939,Right Hand Released,StirSpoonPie_C_2147482370
222.875671,Right Hand Grab,Knife_C_1
223.653717,Chopped,Apple_C_2147482353
224.387405,Chopped,Apple_Half_C_2147482343
224.969589,Chopped,Apple_Half2_C_2147482342
225.702133,Chopped,Apple_Half_C_2147482343
227.002579,Right Hand Released,Knife_C_1
228.183731,Left Hand Grab,Apple_Slice3_C_2147482341
228.227478,Right Hand Grab,Apple_Slice4_C_2147482340
229.434814,Right Hand Released,Apple_Slice4_C_2147482340
229.467819,Left Hand Released,Apple_Slice3_C_2147482341
230.230713,Left Hand Grab,Apple_Slice2_C_2147482338
230.230713,Right Hand Grab,Apple_Slice2_C_2147482338
231.16597,Left Hand Released,Apple_Slice2_C_2147482338
231.199768,Right Hand Released,Apple_Slice2_C_2147482338
231.902771,Right Hand Grab,Apple_Slice_C_2147482339
231.936157,Left Hand Grab,Apple_Slice_C_2147482339
232.603058,Left Hand Released,Apple_Slice_C_2147482339
232.906433,Right Hand Released,Apple_Slice_C_2147482339
233.806396,Right Hand Grab,Apple_C_2147482344
234.939362,Right Hand Released,Apple_C_2147482344
235.90184,Right Hand Grab,Knife_C_1
236.70282,Chopped,Apple_C_2147482344
237.627975,Chopped,Apple_Half_C_2147482336
238.301804,Chopped,Apple_Half_C_2147482336
239.104996,Chopped,Apple_Slice_C_2147482334
239.67244,Chopped,Apple_Slice2_C_2147482333
240.375534,Chopped,Apple_Half2_C_2147482335
241.60791,Right Hand Released,Knife_C_1
242.639938,Left Hand Grab,Apple_Slice2_C_2147482333
242.707047,Right Hand Grab,Apple_Slice_C_2147482334
243.53656,Left Hand Released,Apple_Slice2_C_2147482333
243.570343,Right Hand Released,Apple_Slice_C_2147482334
244.238419,Left Hand Grab,Apple_Slice4_C_2147482331
244.305832,Right Hand Grab,Apple_Slice4_C_2147482331
245.206467,Right Hand Released,Apple_Slice4_C_2147482331
245.239807,Left Hand Released,Apple_Slice4_C_2147482331
245.973587,Left Hand Grab,Apple_Slice3_C_2147482332
245.973587,Right Hand Grab,Apple_Slice3_C_2147482332
246.806534,Right Hand Released,Apple_Slice3_C_2147482332
246.840027,Left Hand Released,Apple_Slice3_C_2147482332
247.806564,Left Hand Grab,StaticMeshActor_31
247.871185,Right Hand Grab,StaticMeshActor_31
251.603638,Right Hand Released,StaticMeshActor_31
251.637421,Left Hand Released,StaticMeshActor_31
254.966522,Right Hand Grab,Apple_C_2147482337
256.292603,Right Hand Released,Apple_C_2147482337
256.999237,Right Hand Grab,Knife_C_1
257.930634,Chopped,Apple_C_2147482337
260.410522,Right Hand Released,Knife_C_1
261.681152,Right Hand Grab,Apple_Half2_C_2147482328
261.728424,Left Hand Grab,PieBowl_C_2147482361
263.153046,Left Hand Released,PieBowl_C_2147482361
265.160126,Right Hand Released,Apple_Half2_C_2147482328
265.963287,Left Hand Grab,PieBowl_C_2147482361
267.229614,Left Hand Released,PieBowl_C_2147482361
267.562836,Right Hand Grab,StaticMeshActor_23
268.666626,Right Hand Released,StaticMeshActor_23
269.425537,Right Hand Grab,Knife_C_1
270.29541,Chopped,Apple_Half2_C_2147482328
271.647491,Right Hand Released,Knife_C_1
272.913361,Left Hand Grab,Apple_Slice4_C_2147482322
272.913361,Right Hand Grab,Apple_Slice4_C_2147482322
274.257355,Left Hand Released,Apple_Slice4_C_2147482322
274.490387,Right Hand Released,Apple_Slice4_C_2147482322
275.518951,Left Hand Grab,Apple_Slice3_C_2147482323
275.553101,Right Hand Grab,Apple_Slice3_C_2147482323
276.860657,Left Hand Released,Apple_Slice3_C_2147482323
276.893433,Right Hand Released,Apple_Slice3_C_2147482323
284.987427,Right Hand Grab,StirSpoonPie_C_2147482370
285.880646,Right Hand Released,StirSpoonPie_C_2147482370
286.390869,Right Hand Grab,Knife_C_1
287.306122,Chopped,Apple_Half_C_2147482329
288.091125,Right Hand Released,Knife_C_1
288.757629,Right Hand Grab,Apple_Slice2_C_2147482318
289.957642,Right Hand Released,Apple_Slice2_C_2147482318
292.226746,Right Hand Grab,None
295.775635,Right Hand Grab,ApplePieCookbook_C_0
303.814392,Right Hand Grab,CinnyShakerGrabable_C_2147482375
308.223785,Right Hand Released,CinnyShakerGrabable_C_2147482375
319.923401,Right Hand Grab,SaucePot_C_2147482376
324.579224,Right Hand Released,SaucePot_C_2147482376
325.143097,Left Hand Grab,None
333.750854,Right Hand Grab,ApplePieCookbook_C_0
339.2836,Right Hand Grab,StaticMeshActor_31
342.139191,Right Hand Released,StaticMeshActor_31
343.564148,Right Hand Grab,StaticMeshActor_23
344.168243,Right Hand Released,StaticMeshActor_23
344.768585,Right Hand Grab,None
345.79364,Right Hand Grab,StirSpoonPie_C_2147482370
347.859558,Left Hand Grab,NewMeasuringCup_C_2147482377
350.259094,Left Hand Released,NewMeasuringCup_C_2147482377
350.791687,Left Hand Grab,PieBowl_C_2147482361
353.624969,Left Hand Released,PieBowl_C_2147482361
357.768494,Left Hand Grab,NewMeasuringCup_C_2147482377
359.270294,Left Hand Released,NewMeasuringCup_C_2147482377
359.45459,Right Hand Released,StirSpoonPie_C_2147482370
359.670197,Right Hand Grab,StirSpoonPie_C_2147482370
360.311157,Right Hand Released,StirSpoonPie_C_2147482370
360.477234,Right Hand Grab,None
361.573517,Right Hand Grab,StirSpoonPie_C_2147482370
363.590881,Left Hand Grab,NewMeasuringCup_C_2147482377
364.66507,Left Hand Released,NewMeasuringCup_C_2147482377
365.57309,Left Hand Grab,PieBowl_C_2147482361
369.748322,Left Hand Released,PieBowl_C_2147482361
371.053497,Right Hand Released,StirSpoonPie_C_2147482370
372.682159,Left Hand Grab,NewMeasuringCup_C_2147482377
372.820862,Right Hand Grab,PieBowl_C_2147482361
373.786224,Right Hand Released,PieBowl_C_2147482361
373.81665,Left Hand Released,NewMeasuringCup_C_2147482377
374.283142,Right Hand Grab,PieBowl_C_2147482361
375.219452,Right Hand Released,PieBowl_C_2147482361
384.254303,Right Hand Grab,ApplePieCookbook_C_0
385.543427,Right Hand Grab,ButterHolder_C_2147482374
388.253479,Right Hand Released,ButterHolder_C_2147482374
389.080658,Right Hand Grab,WaterPitcher_C_2147482371
391.572327,Right Hand Released,WaterPitcher_C_2147482371
393.946442,Right Hand Grab,PieBowl_C_2147482361
394.74585,Right Hand Released,PieBowl_C_2147482361
396.483307,Left Hand Grab,NewMeasuringCup_C_2147482377
396.516174,Right Hand Grab,PieBowl_C_2147482361
397.117065,Right Hand Released,PieBowl_C_2147482361
397.150208,Left Hand Released,NewMeasuringCup_C_2147482377
397.616364,Right Hand Grab,PillsberryDoughGirl_C_2147482314
401.321167,Right Hand Grab,PieBowl_C_2147482361
403.293488,Right Hand Released,PieBowl_C_2147482361
404.139221,Left Hand Grab,None
404.139221,Right Hand Grab,PieBowl_C_2147482361
404.801086,Right Hand Released,PieBowl_C_2147482361
405.401184,Left Hand Grab,PieBowl_C_2147482361
406.071716,Left Hand Released,PieBowl_C_2147482361
406.94223,Right Hand Grab,PieBowl_C_2147482361
407.041901,Left Hand Grab,PieBowl_C_2147482361
407.509277,Right Hand Released,PieBowl_C_2147482361
407.509277,Left Hand Released,PieBowl_C_2147482361
409.212646,Left Hand Grab,None
409.245941,Right Hand Grab,PieBowl_C_2147482361
410.380157,Right Hand Released,PieBowl_C_2147482361
412.246979,Right Hand Grab,PieBowl_C_2147482361
412.347168,Left Hand Grab,PieBowl_C_2147482361
413.313202,Right Hand Released,PieBowl_C_2147482361
413.345764,Left Hand Released,PieBowl_C_2147482361
413.980011,Left Hand Grab,PieBowl_C_2147482361
413.980011,Right Hand Grab,PieBowl_C_2147482361
414.846222,Right Hand Released,PieBowl_C_2147482361
414.913116,Left Hand Released,PieBowl_C_2147482361
415.746796,Left Hand Grab,PieBowl_C_2147482361
415.779297,Right Hand Grab,PieBowl_C_2147482361
419.821747,Left Hand Released,PieBowl_C_2147482361
420.199493,Right Hand Released,PieBowl_C_2147482361
421.359161,Right Hand Grab,PieBowl_C_2147482361
421.447479,Left Hand Grab,ApplePieCookbook_C_0
422.650238,Right Hand Released,PieBowl_C_2147482361
423.600983,Right Hand Grab,PieBowl_C_2147482361
423.712372,Left Hand Grab,PieBowl_C_2147482361
424.290649,Left Hand Released,PieBowl_C_2147482361
424.445312,Right Hand Released,PieBowl_C_2147482361
428.765198,Right Hand Grab,PillsberryDoughBoy_C_2147482315
430.02005,Right Hand Released,PillsberryDoughBoy_C_2147482315
432.977142,Right Hand Grab,None
434.935303,Right Hand Grab,oven_C_1
438.530396,Right Hand Grab,PiePan_C_2147482368
442.823822,Right Hand Released,PiePan_C_2147482368
444.957794,Left Hand Grab,None
445.024414,Right Hand Grab,None
446.468781,Left Hand Grab,None
446.491119,Right Hand Grab,None
449.644653,Right Hand Grab,oven_C_1
450.558777,Left Hand Grab,None
450.581604,Right Hand Grab,None
455.129944,Right Hand Grab,None
456.374634,Right Hand Grab,None
457.666992,Right Hand Grab,oven_C_1
459.796173,Right Hand Grab,PiePan_C_2147482368
465.797668,Right Hand Released,PiePan_C_2147482368
467.197968,Right Hand Grab,oven_C_1
467.331787,Left Hand Grab,None
480.215973,Left Hand Grab,oven_C_1
481.592712,Left Hand Grab,None
482.927521,Left Hand Grab,PiePan_C_2147482368
489.053009,Left Hand Released,PiePan_C_2147482368
