Session Time,Action Type,Interacted Object
2.82738,Right Hand Grab,None
5.578496,Right Hand Grab,None
7.167566,Right Hand Grab,ApplePieCookbook_C_0
20.91963,Right Hand Grab,UnecessaryPomegranate_C_2147482378
21.140965,Right Hand Released,UnecessaryPomegranate_C_2147482378
23.347473,Right Hand Grab,UnecessaryPomegranate_C_2147482381
23.572622,Right Hand Released,UnecessaryPomegranate_C_2147482381
23.92802,Right Hand Grab,ApplePieCookbook_C_0
35.275806,Left Hand Grab,SugarJar_C_2147482372
37.865093,Left Hand Released,SugarJar_C_2147482372
42.040981,Right Hand Grab,StaticMeshActor_31
43.017479,Right Hand Released,StaticMeshActor_31
47.329243,Right Hand Grab,NewMeasuringCup_C_2147482377
52.490795,Right Hand Released,NewMeasuringCup_C_2147482377
54.117661,Right Hand Grab,NewMeasuringCup_C_2147482377
60.937557,Right Hand Released,NewMeasuringCup_C_2147482377
61.338303,Right Hand Grab,NewMeasuringCup_C_2147482377
62.959934,Right Hand Released,NewMeasuringCup_C_2147482377
63.315552,Right Hand Grab,None
64.694283,Right Hand Grab,NewMeasuringCup_C_2147482377
65.249802,Right Hand Released,NewMeasuringCup_C_2147482377
68.069656,Right Hand Grab,None
72.854065,Right Hand Grab,NewMeasuringCup_C_2147482377
91.874084,Right Hand Released,NewMeasuringCup_C_2147482377
98.810204,Right Hand Grab,WaterPitcher_C_2147482371
108.541275,Right Hand Released,WaterPitcher_C_2147482371
121.897659,Left Hand Grab,NewMeasuringCup_C_2147482377
122.931801,Left Hand Released,NewMeasuringCup_C_2147482377
124.128563,Left Hand Grab,ButterHolder_C_2147482374
125.263618,Left Hand Released,ButterHolder_C_2147482374
126.492409,Left Hand Grab,Butter_C_2147482373
129.662018,Left Hand Grab,NewMeasuringCup_C_2147482377
130.464539,Left Hand Released,NewMeasuringCup_C_2147482377
131.494278,Left Hand Grab,ButterHolder_C_2147482374
132.764374,Left Hand Released,ButterHolder_C_2147482374
133.72673,Left Hand Grab,Butter_C_2147482365
135.123291,Left Hand Released,Butter_C_2147482365
138.46907,Right Hand Grab,PieBowl_C_2147482363
139.538834,Right Hand Released,PieBowl_C_2147482363
140.436493,Right Hand Grab,PieBowl_C_2147482363
141.532562,Right Hand Released,PieBowl_C_2147482363
143.232727,Right Hand Grab,PieBowl_C_2147482363
144.821228,Right Hand Released,PieBowl_C_2147482363
145.405731,Right Hand Grab,PieBowl_C_2147482363
148.327087,Right Hand Released,PieBowl_C_2147482363
149.330856,Right Hand Grab,PieBowl_C_2147482363
150.636307,Right Hand Released,PieBowl_C_2147482363
160.599747,Right Hand Grab,Apple_C_2147482397
161.450745,Right Hand Released,Apple_C_2147482397
162.195892,Right Hand Grab,Apple_C_2147482358
163.259125,Right Hand Released,Apple_C_2147482358
164.284073,Right Hand Grab,StirSpoonPie_C_2147482370
166.173065,Right Hand Released,StirSpoonPie_C_2147482370
166.818054,Right Hand Grab,Knife_C_1
168.088211,Chopped,Apple_C_2147482397
170.225113,Chopped,Apple_Half2_C_2147482354
171.428192,Right Hand Released,Knife_C_1
171.997406,Right Hand Grab,Apple_Half_C_2147482355
173.09642,Right Hand Released,Apple_Half_C_2147482355
173.862778,Right Hand Grab,PieBowl_C_2147482363
175.229187,Right Hand Released,PieBowl_C_2147482363
178.328384,Right Hand Grab,Apple_Slice4_C_2147482352
182.395233,Right Hand Released,Apple_Slice4_C_2147482352
183.959854,Right Hand Grab,Apple_Slice3_C_2147482353
184.856659,Right Hand Released,Apple_Slice3_C_2147482353
185.691971,Right Hand Grab,PieBowl_C_2147482363
186.694717,Right Hand Released,PieBowl_C_2147482363
189.022873,Right Hand Grab,Apple_C_2147482357
190.242798,Right Hand Released,Apple_C_2147482357
191.189011,Right Hand Grab,Knife_C_1
193.322449,Chopped,Apple_C_2147482357
194.059677,Chopped,Apple_Half_C_2147482350
195.026886,Chopped,Apple_Half_C_2147482350
195.696808,Right Hand Released,Knife_C_1
196.728592,Right Hand Grab,Apple_Half2_C_2147482349
199.096054,Right Hand Released,Apple_Half2_C_2147482349
199.929092,Right Hand Grab,CinnyShakerGrabable_C_2147482375
200.827179,Right Hand Released,CinnyShakerGrabable_C_2147482375
201.461334,Right Hand Grab,Knife_C_1
202.427856,Chopped,Apple_Slice2_C_2147482347
203.691895,Chopped,Apple_Half2_C_2147482349
204.52597,Right Hand Released,Knife_C_1
205.160049,Right Hand Grab,Apple_Slice4_C_2147482345
206.161301,Right Hand Released,Apple_Slice4_C_2147482345
207.023773,Right Hand Grab,Apple_Slice2_C_2147482347
207.955338,Right Hand Released,Apple_Slice2_C_2147482347
208.589737,Right Hand Grab,Apple_Slice_C_2147482348
209.422684,Right Hand Released,Apple_Slice_C_2147482348
210.15625,Right Hand Grab,Apple_Slice3_C_2147482346
211.220062,Right Hand Released,Apple_Slice3_C_2147482346
214.45401,Right Hand Grab,Apple_C_2147482393
215.544632,Right Hand Released,Apple_C_2147482393
216.272644,Right Hand Grab,StaticMeshActor_23
217.493835,Right Hand Released,StaticMeshActor_23
217.916473,Right Hand Grab,Knife_C_1
218.83075,Chopped,Apple_C_2147482393
220.228119,Chopped,Apple_Half2_C_2147482340
221.642105,Right Hand Released,Knife_C_1
222.871811,Right Hand Grab,StaticMeshActor_23
223.609436,Right Hand Released,StaticMeshActor_23
224.108673,Right Hand Grab,Apple_Slice3_C_2147482339
225.482697,Right Hand Released,Apple_Slice3_C_2147482339
226.282898,Right Hand Grab,Apple_Slice4_C_2147482338
227.318115,Right Hand Released,Apple_Slice4_C_2147482338
228.95253,Right Hand Grab,Knife_C_1
230.385437,Chopped,Apple_Half_C_2147482341
230.852768,Right Hand Released,Knife_C_1
232.253189,Right Hand Grab,StaticMeshActor_23
232.985886,Right Hand Released,StaticMeshActor_23
233.685852,Right Hand Grab,Apple_Slice2_C_2147482336
234.72023,Right Hand Released,Apple_Slice2_C_2147482336
235.850204,Right Hand Grab,StaticMeshActor_23
236.785538,Right Hand Released,StaticMeshActor_23
237.883347,Right Hand Grab,Apple_Slice_C_2147482337
238.485168,Right Hand Released,Apple_Slice_C_2147482337
239.018585,Right Hand Grab,StaticMeshActor_23
240.114349,Right Hand Released,StaticMeshActor_23
245.301086,Left Hand Grab,Apple_Slice_C_2147482337
247.063965,Left Hand Released,Apple_Slice_C_2147482337
249.371429,Right Hand Grab,Apple_C_2147482351
250.615234,Right Hand Released,Apple_C_2147482351
251.259308,Right Hand Grab,StaticMeshActor_23
252.150238,Right Hand Released,StaticMeshActor_23
252.668808,Right Hand Grab,Knife_C_1
253.667267,Chopped,Apple_C_2147482351
254.769409,Chopped,Apple_Half2_C_2147482333
255.996185,Chopped,Apple_Slice3_C_2147482332
256.532379,Chopped,Apple_Slice3_C_2147482332
257.51358,Chopped,Apple_Half_C_2147482334
258.535095,Right Hand Released,Knife_C_1
259.247467,Right Hand Grab,Apple_Slice4_C_2147482331
260.7052,Right Hand Released,Apple_Slice4_C_2147482331
261.868408,Right Hand Grab,StaticMeshActor_23
263.441284,Right Hand Released,StaticMeshActor_23
264.40799,Right Hand Grab,StaticMeshActor_23
264.711365,Right Hand Released,StaticMeshActor_23
265.449158,Right Hand Grab,Apple_Slice_C_2147482330
266.966827,Right Hand Released,Apple_Slice_C_2147482330
268.213959,Right Hand Grab,Apple_Slice2_C_2147482329
269.574036,Right Hand Released,Apple_Slice2_C_2147482329
270.902283,Right Hand Grab,Apple_Slice3_C_2147482332
272.309814,Right Hand Released,Apple_Slice3_C_2147482332
273.33548,Right Hand Grab,StirSpoonPie_C_2147482370
274.61377,Right Hand Released,StirSpoonPie_C_2147482370
275.257507,Right Hand Grab,Apple_C_2147482358
277.219727,Right Hand Released,Apple_C_2147482358
282.999573,Right Hand Grab,Knife_C_1
284.773682,Chopped,Apple_C_2147482358
286.174988,Chopped,Apple_Half_C_2147482326
287.009491,Right Hand Released,Knife_C_1
288.040497,Right Hand Grab,StaticMeshActor_23
288.90802,Right Hand Released,StaticMeshActor_23
289.875031,Right Hand Grab,Apple_Slice_C_2147482324
290.942719,Right Hand Released,Apple_Slice_C_2147482324
292.939667,Right Hand Grab,Apple_Slice2_C_2147482323
294.605194,Right Hand Released,Apple_Slice2_C_2147482323
301.309875,Right Hand Grab,UnecessaryPomegranate_C_2147482381
301.572998,Right Hand Released,UnecessaryPomegranate_C_2147482381
302.687347,Right Hand Grab,ApplePieCookbook_C_0
311.704803,Right Hand Grab,CinnyShakerGrabable_C_2147482375
320.505951,Right Hand Released,CinnyShakerGrabable_C_2147482375
326.826691,Right Hand Grab,SaucePot_C_2147482376
332.21521,Right Hand Released,SaucePot_C_2147482376
337.805756,Right Hand Grab,ApplePieCookbook_C_0
338.942017,Right Hand Grab,ApplePieCookbook_C_0
354.763092,Right Hand Grab,ApplePieCookbook_C_0
359.979126,Right Hand Grab,StaticMeshActor_23
366.788055,Right Hand Released,StaticMeshActor_23
367.621826,Right Hand Grab,PieBowl_C_2147482363
368.554596,Right Hand Released,PieBowl_C_2147482363
370.251862,Right Hand Grab,StirSpoonPie_C_2147482370
384.962708,Right Hand Released,StirSpoonPie_C_2147482370
389.599792,Right Hand Grab,PieBowl_C_2147482363
392.197784,Right Hand Released,PieBowl_C_2147482363
393.793182,Right Hand Grab,PillsberryDoughGirl_C_2147482315
400.896332,Right Hand Grab,PieBowl_C_2147482363
405.684937,Right Hand Released,PieBowl_C_2147482363
409.481903,Right Hand Grab,PillsberryDoughBoy_C_2147482316
421.205688,Right Hand Grab,ApplePieCookbook_C_0
424.883484,Right Hand Grab,ApplePieCookbook_C_0
430.698639,Left Hand Grab,oven_C_1
433.274902,Right Hand Grab,PiePan_C_2147482368
436.340332,Right Hand Released,PiePan_C_2147482368
437.455475,Right Hand Grab,oven_C_1
444.205078,Left Hand Grab,None
447.081665,Left Hand Grab,None
460.307617,Right Hand Grab,oven_C_1
462.356964,Right Hand Grab,PiePan_C_2147482368
467.726044,Right Hand Released,PiePan_C_2147482368
468.622284,Right Hand Grab,PiePan_C_2147482368
470.058685,Right Hand Released,PiePan_C_2147482368
