Session Time,Action Type,Interacted Object
9.373796,Right Hand Grab,ApplePieCookbook_C_0
11.635528,Right Hand Grab,ApplePieCookbook_C_0
18.741867,Right Hand Grab,WaterPitcher_C_2147482371
24.775862,Right Hand Released,WaterPitcher_C_2147482371
26.689892,Right Hand Grab,SugarJar_C_2147482372
29.64793,Right Hand Released,SugarJar_C_2147482372
31.017229,Right Hand Grab,NewMeasuringCup_C_2147482377
38.578407,Right Hand Released,NewMeasuringCup_C_2147482377
39.341011,Right Hand Grab,StaticMeshActor_31
40.536221,Right Hand Released,StaticMeshActor_31
41.407154,Right Hand Grab,ButterHolder_C_2147482374
42.910561,Right Hand Released,ButterHolder_C_2147482374
43.844086,Right Hand Grab,Butter_C_2147482373
45.043217,Right Hand Released,Butter_C_2147482373
45.944145,Right Hand Grab,Butter_C_2147482367
50.674698,Right Hand Grab,Apple_C_2147482384
54.317692,Right Hand Released,Apple_C_2147482384
56.217453,Right Hand Grab,Knife_C_1
57.26252,Chopped,Apple_C_2147482384
58.331024,Chopped,Apple_Half_C_2147482363
59.193474,Chopped,Apple_Half2_C_2147482362
60.500565,Right Hand Released,Knife_C_1
61.393555,Right Hand Grab,StaticMeshActor_84
61.869503,Right Hand Released,StaticMeshActor_84
63.163265,Right Hand Grab,StaticMeshActor_84
63.873562,Right Hand Released,StaticMeshActor_84
64.549675,Right Hand Grab,StaticMeshActor_84
65.007248,Right Hand Released,StaticMeshActor_84
66.003189,Right Hand Grab,Apple_Slice4_C_2147482358
67.214722,Right Hand Released,Apple_Slice4_C_2147482358
68.012955,Right Hand Grab,Apple_Slice3_C_2147482359
69.332565,Right Hand Released,Apple_Slice3_C_2147482359
70.23571,Right Hand Grab,StaticMeshActor_84
70.802155,Right Hand Released,StaticMeshActor_84
71.006439,Right Hand Grab,StaticMeshActor_84
71.1735,Right Hand Released,StaticMeshActor_84
71.972397,Right Hand Grab,Apple_Slice_C_2147482361
74.741539,Right Hand Released,Apple_Slice_C_2147482361
75.645409,Right Hand Grab,Apple_Slice2_C_2147482360
77.246262,Right Hand Released,Apple_Slice2_C_2147482360
78.478081,Right Hand Grab,Apple_C_2147482364
80.308243,Right Hand Released,Apple_C_2147482364
81.055336,Right Hand Grab,StaticMeshActor_23
81.966911,Right Hand Released,StaticMeshActor_23
82.681366,Right Hand Grab,StirSpoonPie_C_2147482370
83.594162,Right Hand Released,StirSpoonPie_C_2147482370
84.306335,Right Hand Grab,StaticMeshActor_84
85.884644,Right Hand Released,StaticMeshActor_84
87.06134,Right Hand Grab,Knife_C_1
88.10405,Chopped,Apple_C_2147482364
88.988701,Chopped,Apple_Half_C_2147482356
89.655258,Chopped,Apple_Half_C_2147482356
90.76577,Chopped,Apple_Half2_C_2147482355
92.008514,Right Hand Released,Knife_C_1
92.718346,Right Hand Grab,Apple_Slice2_C_2147482353
93.932312,Right Hand Released,Apple_Slice2_C_2147482353
94.840469,Right Hand Grab,Apple_Slice_C_2147482354
96.137817,Right Hand Released,Apple_Slice_C_2147482354
97.002495,Right Hand Grab,Apple_Slice4_C_2147482349
98.572151,Right Hand Released,Apple_Slice4_C_2147482349
99.405334,Right Hand Grab,Apple_Slice3_C_2147482350
100.904266,Right Hand Released,Apple_Slice3_C_2147482350
102.172188,Right Hand Grab,Apple_C_2147482357
103.934601,Right Hand Released,Apple_C_2147482357
104.702721,Right Hand Grab,Knife_C_1
105.473564,Chopped,Apple_C_2147482357
106.27359,Chopped,Apple_Half_C_2147482347
106.918365,Chopped,Apple_Half2_C_2147482346
107.894958,Chopped,Apple_Slice3_C_2147482345
108.831635,Chopped,Apple_Half_C_2147482347
110.080643,Chopped,Apple_Slice4_C_2147482344
110.680298,Chopped,Apple_Slice3_C_2147482345
112.211945,Right Hand Released,Knife_C_1
113.189438,Right Hand Grab,Apple_Slice3_C_2147482345
114.526474,Right Hand Released,Apple_Slice3_C_2147482345
115.470688,Right Hand Grab,Apple_Slice4_C_2147482344
116.755737,Right Hand Released,Apple_Slice4_C_2147482344
119.150597,Right Hand Grab,None
120.288208,Right Hand Grab,Apple_Slice_C_2147482343
125.694656,Right Hand Grab,Apple_C_2147482348
127.627945,Right Hand Released,Apple_C_2147482348
128.397751,Right Hand Grab,Knife_C_1
129.202057,Chopped,Apple_C_2147482348
130.003555,Chopped,Apple_Half2_C_2147482339
130.802856,Chopped,Apple_Half2_C_2147482339
131.669907,Chopped,Apple_Slice3_C_2147482338
132.535843,Chopped,Apple_Half_C_2147482340
133.401047,Right Hand Released,Knife_C_1
134.04808,Right Hand Grab,Apple_Slice4_C_2147482337
135.166595,Right Hand Released,Apple_Slice4_C_2147482337
136.062729,Right Hand Grab,Apple_Slice_C_2147482336
137.498703,Right Hand Released,Apple_Slice_C_2147482336
138.263474,Right Hand Grab,Apple_Slice3_C_2147482338
139.43219,Right Hand Released,Apple_Slice3_C_2147482338
140.831192,Right Hand Grab,Apple_C_2147482341
143.130737,Right Hand Released,Apple_C_2147482341
143.963699,Right Hand Grab,StirSpoonPie_C_2147482370
145.004486,Right Hand Released,StirSpoonPie_C_2147482370
145.604233,Right Hand Grab,StirSpoonPie_C_2147482370
146.669876,Right Hand Released,StirSpoonPie_C_2147482370
147.420731,Right Hand Grab,WaterPitcher_C_2147482371
148.40181,Right Hand Released,WaterPitcher_C_2147482371
148.98233,Right Hand Grab,Knife_C_1
149.826584,Chopped,Apple_C_2147482341
150.605881,Chopped,Apple_Half2_C_2147482332
151.435867,Chopped,Apple_Half_C_2147482333
152.398346,Chopped,Apple_Slice_C_2147482331
153.100174,Chopped,Apple_Slice_C_2147482331
153.765228,Chopped,Apple_Slice_C_2147482331
155.400055,Right Hand Released,Knife_C_1
156.019272,Right Hand Grab,Apple_Half2_C_2147482332
157.92627,Right Hand Released,Apple_Half2_C_2147482332
158.655243,Right Hand Grab,Apple_Slice2_C_2147482330
159.951645,Right Hand Released,Apple_Slice2_C_2147482330
160.887833,Right Hand Grab,Apple_Slice_C_2147482331
162.056274,Right Hand Released,Apple_Slice_C_2147482331
162.985703,Right Hand Grab,Knife_C_1
163.78511,Chopped,Apple_Half2_C_2147482332
165.318207,Right Hand Released,Knife_C_1
166.456802,Right Hand Grab,Apple_Slice3_C_2147482327
167.717575,Right Hand Released,Apple_Slice3_C_2147482327
172.460739,Right Hand Grab,ApplePieCookbook_C_0
175.223434,Right Hand Grab,CinnyShakerGrabable_C_2147482375
178.556381,Right Hand Released,CinnyShakerGrabable_C_2147482375
181.837982,Right Hand Grab,SaucePot_C_2147482376
186.517853,Right Hand Released,SaucePot_C_2147482376
189.194321,Right Hand Grab,ApplePieCookbook_C_0
191.439133,Right Hand Grab,StaticMeshActor_31
208.462418,Right Hand Released,StaticMeshActor_31
209.351501,Right Hand Grab,None
210.393494,Right Hand Grab,StaticMeshActor_31
213.283264,Right Hand Released,StaticMeshActor_31
