Session Time,Action Type,Interacted Object
20.283197,Right Hand Grab,BeefStewCookbook_C_0
43.94566,Right Hand Grab,None
45.079723,Right Hand Grab,BrothParent_C_2147482377
59.248859,Right Hand Released,BrothParent_C_2147482377
62.165054,Right Hand Grab,None
62.9445,Right Hand Grab,None
63.744728,Right Hand Grab,None
64.87912,Right Hand Grab,BeefStewCookbook_C_0
70.181274,Right Hand Grab,Meat_Choppable_C_2147482399
71.672165,Right Hand Released,Meat_Choppable_C_2147482399
77.85112,Right Hand Grab,Meat_Choppable_C_2147482398
78.691833,Right Hand Released,Meat_Choppable_C_2147482398
80.649055,Right Hand Grab,Knife_C_1
82.672859,Chopped,Meat_Choppable_C_2147482398
83.592873,Chopped,Meat_HalfRight_Choppable_C_2147482366
85.529846,Chopped,Meat_HalfLeft_Choppable_C_2147482367
86.637161,Chopped,Meat_HalfRight_Choppable_C_2147482366
87.605179,Right Hand Released,Knife_C_1
87.941803,Right Hand Grab,Knife_C_1
88.475105,Chopped,Meat_QuarterRight2_C_2147482362
88.879021,Right Hand Released,Knife_C_1
92.478111,Right Hand Grab,Knife_C_1
93.540497,Chopped,Meat_QuarterRight2_C_2147482362
95.246193,Chopped,Meat_QuarterRight2_C_2147482362
96.602654,Chopped,Meat_QuarterRight1_C_2147482363
97.563362,Right Hand Released,Knife_C_1
97.850975,Right Hand Grab,Knife_C_1
98.876534,Chopped,Meat_QuarterRight1_C_2147482363
99.674072,Right Hand Released,Knife_C_1
100.526718,Right Hand Grab,Meat_QuarterRight2_C_2147482362
103.131828,Right Hand Released,Meat_QuarterRight2_C_2147482362
104.197304,Right Hand Grab,Knife_C_1
105.039566,Chopped,Meat_Choppable_C_2147482399
106.934837,Chopped,Meat_HalfLeft_Choppable_C_2147482361
108.250298,Chopped,Meat_QuarterLeft2_C_2147482358
109.657845,Right Hand Released,Knife_C_1
110.323639,Right Hand Grab,Meat_QuarterLeft1_C_2147482359
111.342125,Right Hand Released,Meat_QuarterLeft1_C_2147482359
111.963043,Right Hand Grab,Knife_C_1
112.495865,Chopped,Meat_QuarterLeft1_C_2147482359
113.159904,Right Hand Released,Knife_C_1
129.912415,Right Hand Grab,Meat_HalfRight_Choppable_C_2147482360
133.574356,Right Hand Released,Meat_HalfRight_Choppable_C_2147482360
134.444687,Right Hand Grab,Meat_QuarterRight2_C_2147482362
138.68866,Right Hand Released,Meat_QuarterRight2_C_2147482362
139.310349,Right Hand Grab,Meat_QuarterLeft1_C_2147482365
140.440491,Right Hand Released,Meat_QuarterLeft1_C_2147482365
141.040573,Right Hand Grab,Meat_QuarterLeft1_C_2147482365
142.277145,Right Hand Released,Meat_QuarterLeft1_C_2147482365
143.773224,Right Hand Grab,Knife_C_1
144.821213,Chopped,Meat_QuarterRight1_C_2147482363
145.042816,Right Hand Released,Knife_C_1
145.644012,Right Hand Grab,Meat_QuarterLeft2_C_2147482358
147.138275,Right Hand Released,Meat_QuarterLeft2_C_2147482358
148.26973,Right Hand Grab,Meat_QuarterLeft2_C_2147482364
149.609024,Right Hand Released,Meat_QuarterLeft2_C_2147482364
150.638916,Right Hand Grab,Meat_QuarterRight1_C_2147482363
152.012283,Right Hand Released,Meat_QuarterRight1_C_2147482363
153.516312,Right Hand Grab,Meat_QuarterLeft1_C_2147482359
154.784241,Right Hand Released,Meat_QuarterLeft1_C_2147482359
159.991577,Right Hand Grab,None
164.279541,Right Hand Grab,BeefStewCookbook_C_0
168.434433,Right Hand Grab,Onion_Choppable_C_2147482391
169.369858,Right Hand Released,Onion_Choppable_C_2147482391
170.232224,Right Hand Grab,Onion_Choppable_C_2147482390
171.566544,Right Hand Released,Onion_Choppable_C_2147482390
172.780533,Right Hand Grab,Onion_Choppable_C_2147482355
173.937088,Right Hand Released,Onion_Choppable_C_2147482355
175.067749,Right Hand Grab,Knife_C_1
175.621124,Chopped,Onion_Choppable_C_2147482355
176.973038,Chopped,Onion_Choppable_C_2147482390
180.160004,Right Hand Released,Knife_C_1
181.319229,Right Hand Grab,Knife_C_1
181.586197,Chopped,Onion_Peeled_C_2147482353
182.248886,Chopped,Meat_QuarterRight2_C_2147482362
183.230301,Chopped,Onion_Peeled_C_2147482352
184.02623,Right Hand Released,Knife_C_1
186.965286,Right Hand Grab,Onion_Half2_C_2147482348
189.874542,Right Hand Released,Onion_Half2_C_2147482348
196.162308,Right Hand Grab,Onion_Half_C_2147482349
197.450317,Right Hand Released,Onion_Half_C_2147482349
199.240417,Right Hand Grab,Onion_Half_C_2147482351
200.643677,Right Hand Released,Onion_Half_C_2147482351
201.694168,Right Hand Grab,Knife_C_1
202.676254,Right Hand Released,Knife_C_1
203.520126,Right Hand Grab,StaticMeshActor_31
204.612961,Right Hand Released,StaticMeshActor_31
205.990799,Right Hand Grab,StaticMeshActor_31
206.877655,Right Hand Released,StaticMeshActor_31
207.725494,Right Hand Grab,Onion_Half2_C_2147482350
209.013138,Right Hand Released,Onion_Half2_C_2147482350
212.08876,Right Hand Grab,BeefStewCookbook_C_0
218.042709,Right Hand Grab,Tomato_Choppable_C_2147482396
219.708786,Right Hand Released,Tomato_Choppable_C_2147482396
221.038834,Right Hand Grab,BeefStewCookbook_C_0
226.157532,Right Hand Grab,BeefStewCookbook_C_0
229.823486,Right Hand Grab,BeefStewCookbook_C_0
231.620071,Right Hand Grab,Tomato_Choppable_C_2147482395
233.190491,Right Hand Released,Tomato_Choppable_C_2147482395
236.82254,Right Hand Grab,Knife_C_1
238.193909,Chopped,Tomato_Choppable_C_2147482395
239.327576,Chopped,Tomato_Choppable_C_2147482396
240.097534,Right Hand Released,Knife_C_1
240.804138,Right Hand Grab,Tomato_TopHalf_Choppable_C_2147482341
242.424942,Right Hand Released,Tomato_TopHalf_Choppable_C_2147482341
245.144623,Right Hand Grab,BeefStewCookbook_C_0
248.132645,Right Hand Grab,Tomato_TopHalf_Choppable_C_2147482339
252.863541,Right Hand Released,Tomato_TopHalf_Choppable_C_2147482339
253.881546,Right Hand Grab,Tomato_BottomHalf_Choppable_C_2147482340
255.188049,Right Hand Released,Tomato_BottomHalf_Choppable_C_2147482340
255.918091,Right Hand Grab,Tomato_BottomHalf_Choppable_C_2147482338
259.738953,Right Hand Grab,BeefStewCookbook_C_0
264.464264,Right Hand Grab,StaticMeshActor_102
265.938324,Right Hand Released,StaticMeshActor_102
267.28186,Right Hand Grab,Meat_Choppable_C_2147482397
268.301727,Right Hand Released,Meat_Choppable_C_2147482397
269.099121,Right Hand Grab,StaticMeshActor_107
270.588043,Right Hand Released,StaticMeshActor_107
272.565765,Right Hand Grab,Knife_C_1
273.613678,Right Hand Released,Knife_C_1
282.569336,Right Hand Grab,Potato_Choppable_C_2147482409
284.366211,Right Hand Released,Potato_Choppable_C_2147482409
285.113403,Right Hand Grab,Potato_Choppable_C_2147482409
286.251221,Right Hand Released,Potato_Choppable_C_2147482409
287.091522,Right Hand Grab,Potato_Choppable_C_2147482335
288.428131,Right Hand Released,Potato_Choppable_C_2147482335
289.557678,Right Hand Grab,Meat_QuarterRight2_C_2147482362
290.113556,Right Hand Released,Meat_QuarterRight2_C_2147482362
290.805969,Right Hand Grab,StaticMeshActor_107
291.675964,Right Hand Released,StaticMeshActor_107
292.520416,Right Hand Grab,StaticMeshActor_107
292.989746,Right Hand Released,StaticMeshActor_107
293.65979,Right Hand Grab,Knife_C_1
294.949341,Chopped,Potato_Choppable_C_2147482335
296.189423,Chopped,Potato_Choppable_C_2147482409
297.252289,Chopped,Potato_TopHalf_Choppable_C_2147482329
298.161499,Chopped,Potato_BottomHalf_Choppable_C_2147482330
298.559113,Right Hand Released,Knife_C_1
299.399445,Right Hand Grab,Meat_QuarterLeft1_C_2147482365
300.095428,Right Hand Released,Meat_QuarterLeft1_C_2147482365
300.739929,Right Hand Grab,Potato_TopHalf_Choppable_C_2147482331
301.692688,Right Hand Released,Potato_TopHalf_Choppable_C_2147482331
302.806274,Right Hand Grab,Meat_QuarterLeft1_C_2147482365
303.870697,Right Hand Released,Meat_QuarterLeft1_C_2147482365
304.492584,Right Hand Grab,Potato_BottomHalf_Choppable_C_2147482330
305.600037,Right Hand Released,Potato_BottomHalf_Choppable_C_2147482330
306.354004,Right Hand Grab,Potato_TopHalf_Choppable_C_2147482329
308.928284,Right Hand Released,Potato_TopHalf_Choppable_C_2147482329
309.699036,Right Hand Grab,Potato_BottomHalf_Choppable_C_2147482330
311.839874,Right Hand Grab,Potato_BottomHalf_Choppable_C_2147482328
315.480347,Right Hand Grab,None
316.283447,Right Hand Grab,None
317.442261,Right Hand Grab,BeefStewCookbook_C_0
322.254272,Right Hand Grab,Carrot_Choppable_C_2147482404
323.273499,Right Hand Released,Carrot_Choppable_C_2147482404
324.179901,Right Hand Grab,Carrot_Choppable_C_2147482402
325.486969,Right Hand Released,Carrot_Choppable_C_2147482402
326.594727,Right Hand Grab,StaticMeshActor_102
327.258118,Right Hand Released,StaticMeshActor_102
327.816101,Right Hand Grab,Meat_QuarterRight2_C_2147482362
329.064911,Right Hand Released,Meat_QuarterRight2_C_2147482362
329.713013,Right Hand Grab,StaticMeshActor_107
330.960632,Right Hand Released,StaticMeshActor_107
331.626862,Right Hand Grab,StaticMeshActor_102
332.533447,Right Hand Released,StaticMeshActor_102
333.242584,Right Hand Grab,Knife_C_1
335.883484,Chopped,Carrot_Choppable_C_2147482402
337.019135,Chopped,CarrotTop_Choppable_C_2147482323
337.552399,Chopped,CarrotBotton_Choppable_C_2147482322
338.899872,Chopped,CarrotBottomQuarter1_Choppable_C_2147482319
339.908539,Chopped,CarrotBottomQuarter1_Choppable_C_2147482319
340.296631,Right Hand Released,Knife_C_1
341.169556,Right Hand Grab,Carrot_Choppable_C_2147482404
342.445618,Right Hand Released,Carrot_Choppable_C_2147482404
351.114319,Right Hand Grab,CarrotBottomQuarter1_Choppable_C_2147482319
352.233032,Right Hand Released,CarrotBottomQuarter1_Choppable_C_2147482319
353.172791,Right Hand Grab,CarrotBottomQuarter2_Choppable_C_2147482318
354.235992,Right Hand Released,CarrotBottomQuarter2_Choppable_C_2147482318
355.393341,Right Hand Grab,CarrotTopQuarter2_Choppable_C_2147482320
356.567261,Right Hand Released,CarrotTopQuarter2_Choppable_C_2147482320
357.546631,Right Hand Grab,CarrotTopQuarter1_Choppable_C_2147482321
359.479309,Right Hand Grab,Carrot_Choppable_C_2147482325
360.639191,Right Hand Released,Carrot_Choppable_C_2147482325
361.212463,Right Hand Grab,StaticMeshActor_107
362.168518,Right Hand Released,StaticMeshActor_107
362.657166,Right Hand Grab,Knife_C_1
363.797333,Chopped,Carrot_Choppable_C_2147482325
364.798157,Chopped,CarrotTop_Choppable_C_2147482316
365.663177,Chopped,CarrotTop_Choppable_C_2147482316
366.719116,Chopped,CarrotBotton_Choppable_C_2147482315
367.318634,Right Hand Released,Knife_C_1
368.017548,Right Hand Grab,CarrotTopQuarter2_Choppable_C_2147482313
369.047485,Right Hand Released,CarrotTopQuarter2_Choppable_C_2147482313
369.869629,Right Hand Grab,CarrotTopQuarter1_Choppable_C_2147482314
370.779449,Right Hand Released,CarrotTopQuarter1_Choppable_C_2147482314
371.713165,Right Hand Grab,CarrotBottomQuarter2_Choppable_C_2147482311
372.978729,Right Hand Released,CarrotBottomQuarter2_Choppable_C_2147482311
373.775574,Right Hand Grab,CarrotBottomQuarter1_Choppable_C_2147482312
374.713348,Right Hand Released,CarrotBottomQuarter1_Choppable_C_2147482312
376.58255,Right Hand Grab,BeefStewCookbook_C_0
381.000366,Right Hand Grab,StaticMeshActor_107
381.934052,Right Hand Released,StaticMeshActor_107
382.489258,Right Hand Grab,PepperShakerGrabable_C_2147482375
387.244415,Right Hand Released,PepperShakerGrabable_C_2147482375
387.709076,Right Hand Grab,PepperShakerGrabable_C_2147482375
389.71106,Right Hand Released,PepperShakerGrabable_C_2147482375
390.755646,Right Hand Grab,StaticMeshActor_31
391.532745,Right Hand Released,StaticMeshActor_31
391.953888,Right Hand Grab,StaticMeshActor_31
392.576111,Right Hand Released,StaticMeshActor_31
393.064117,Right Hand Grab,SaltShakerGrabable_C_2147482376
397.663177,Right Hand Released,SaltShakerGrabable_C_2147482376
403.078888,Right Hand Grab,BrothParent_C_2147482377
403.674194,Right Hand Released,BrothParent_C_2147482377
404.052185,Right Hand Grab,BrothParent_C_2147482377
404.40741,Right Hand Released,BrothParent_C_2147482377
404.989075,Right Hand Grab,StirSpoon_C_2147482379
412.604462,Right Hand Released,StirSpoon_C_2147482379
413.7388,Right Hand Grab,StirSpoon_C_2147482379
414.798859,Right Hand Released,StirSpoon_C_2147482379
416.350861,Right Hand Grab,BeefStewCookbook_C_0
422.774841,Right Hand Grab,StaticMeshActor_107
423.867615,Right Hand Released,StaticMeshActor_107
424.401855,Right Hand Grab,StaticMeshActor_84
425.309326,Right Hand Released,StaticMeshActor_84
426.171112,Right Hand Grab,Knife_C_1
426.907867,Chopped,Meat_QuarterRight2_C_2147482362
427.086334,Right Hand Released,Knife_C_1
428.511963,Right Hand Grab,StirSpoon_C_2147482379
434.961823,Right Hand Released,StirSpoon_C_2147482379
436.292603,Right Hand Grab,Knife_C_1
437.129608,Right Hand Released,Knife_C_1
437.767548,Right Hand Grab,NewLadle_C_2147482308
441.640686,Right Hand Released,NewLadle_C_2147482308
442.369049,Right Hand Grab,StewBowl_C_2147482306
443.654022,Right Hand Released,StewBowl_C_2147482306
