Session Time,Action Type,Interacted Object
35.486504,Right Hand Grab,BeefStewCookbook_C_0
51.236073,Right Hand Grab,BeefStewCookbook_C_0
57.801266,Left Hand Grab,Meat_Choppable_C_2147482399
59.661488,Left Hand Released,Meat_Choppable_C_2147482399
60.397537,Left Hand Grab,Meat_Choppable_C_2147482399
61.312576,Left Hand Released,Meat_Choppable_C_2147482399
63.936382,Right Hand Grab,Knife_C_1
65.67437,Right Hand Released,Knife_C_1
66.385841,Right Hand Grab,Knife_C_1
68.075111,Chopped,Meat_Choppable_C_2147482399
69.159904,Chopped,Meat_HalfLeft_Choppable_C_2147482370
69.866776,Chopped,Meat_HalfRight_Choppable_C_2147482369
71.708641,Chopped,Meat_QuarterLeft2_C_2147482367
72.444572,Chopped,Meat_QuarterLeft2_C_2147482367
73.335068,Chopped,Meat_QuarterLeft2_C_2147482367
74.223701,Right Hand Released,Knife_C_1
75.312828,Right Hand Grab,Knife_C_1
77.00296,Right Hand Released,Knife_C_1
78.110481,Left Hand Grab,Meat_QuarterRight1_C_2147482366
79.019119,Left Hand Released,Meat_QuarterRight1_C_2147482366
79.618721,Left Hand Grab,Meat_QuarterRight1_C_2147482366
80.682716,Left Hand Released,Meat_QuarterRight1_C_2147482366
81.549461,Left Hand Grab,Meat_QuarterLeft2_C_2147482367
82.502739,Left Hand Released,Meat_QuarterLeft2_C_2147482367
84.506592,Left Hand Grab,Meat_QuarterRight1_C_2147482366
85.497086,Left Hand Released,Meat_QuarterRight1_C_2147482366
86.612144,Left Hand Grab,Meat_QuarterLeft2_C_2147482367
91.310287,Left Hand Released,Meat_QuarterLeft2_C_2147482367
92.440392,Left Hand Grab,Meat_QuarterRight2_C_2147482365
93.593964,Left Hand Released,Meat_QuarterRight2_C_2147482365
94.419487,Left Hand Grab,Meat_QuarterLeft1_C_2147482368
95.377304,Left Hand Released,Meat_QuarterLeft1_C_2147482368
99.404343,Left Hand Grab,BeefStewCookbook_C_0
105.709503,Right Hand Grab,BrothParent_C_2147482377
120.733276,Right Hand Released,BrothParent_C_2147482377
122.997498,Right Hand Grab,BeefStewCookbook_C_0
130.087296,Left Hand Grab,Meat_Choppable_C_2147482373
131.902954,Left Hand Released,Meat_Choppable_C_2147482373
133.709793,Left Hand Grab,Knife_C_1
135.408813,Chopped,Meat_Choppable_C_2147482373
136.187576,Chopped,Meat_HalfLeft_Choppable_C_2147482361
137.138794,Chopped,Meat_HalfLeft_Choppable_C_2147482361
138.134735,Chopped,Meat_HalfRight_Choppable_C_2147482360
139.239441,Chopped,Meat_QuarterRight1_C_2147482355
140.34375,Chopped,Meat_QuarterRight1_C_2147482355
141.94342,Left Hand Released,Knife_C_1
142.909546,Left Hand Grab,Meat_QuarterRight2_C_2147482354
144.309555,Left Hand Released,Meat_QuarterRight2_C_2147482354
145.388062,Left Hand Grab,Meat_QuarterRight1_C_2147482355
146.638977,Left Hand Released,Meat_QuarterRight1_C_2147482355
147.56012,Left Hand Grab,Meat_QuarterLeft1_C_2147482357
148.641541,Left Hand Released,Meat_QuarterLeft1_C_2147482357
149.656784,Left Hand Grab,Meat_QuarterLeft2_C_2147482356
150.497345,Left Hand Released,Meat_QuarterLeft2_C_2147482356
153.518967,Left Hand Grab,Meat_Choppable_C_2147482362
154.756439,Left Hand Released,Meat_Choppable_C_2147482362
155.560074,Left Hand Grab,Knife_C_1
156.995911,Chopped,Meat_Choppable_C_2147482362
158.421432,Left Hand Released,Knife_C_1
159.055222,Left Hand Grab,Meat_HalfRight_Choppable_C_2147482351
160.730042,Left Hand Released,Meat_HalfRight_Choppable_C_2147482351
169.779434,Right Hand Grab,Knife_C_1
171.03186,Chopped,Meat_HalfLeft_Choppable_C_2147482352
171.7276,Chopped,Meat_QuarterLeft1_C_2147482350
172.932343,Right Hand Released,Knife_C_1
174.134933,Left Hand Grab,Meat_QuarterLeft2_C_2147482349
175.439011,Left Hand Released,Meat_QuarterLeft2_C_2147482349
177.538132,Left Hand Grab,BeefStewCookbook_C_0
180.428345,Left Hand Grab,Meat_QuarterLeft1_C_2147482350
181.269516,Left Hand Released,Meat_QuarterLeft1_C_2147482350
183.564545,Right Hand Grab,Onion_Choppable_C_2147482391
185.19458,Right Hand Released,Onion_Choppable_C_2147482391
186.577606,Right Hand Grab,Onion_Choppable_C_2147482348
188.20282,Right Hand Released,Onion_Choppable_C_2147482348
190.400421,Right Hand Grab,Knife_C_1
192.179596,Chopped,Onion_Choppable_C_2147482391
193.098419,Chopped,Onion_Peeled_C_2147482346
193.895004,Chopped,Onion_Peeled_C_2147482346
194.697708,Chopped,Onion_Half2_C_2147482344
196.400543,Chopped,Onion_Choppable_C_2147482348
197.565384,Left Hand Grab,Meat_Choppable_C_2147482353
198.99855,Left Hand Released,Meat_Choppable_C_2147482353
200.665237,Left Hand Grab,None
201.698013,Right Hand Released,Knife_C_1
202.164581,Right Hand Grab,None
202.89888,Right Hand Grab,Knife_C_1
204.365891,Chopped,Onion_Peeled_C_2147482343
206.398453,Chopped,Onion_Half_C_2147482340
208.431931,Right Hand Released,Knife_C_1
212.092926,Left Hand Grab,Onion_Half2_C_2147482344
213.110596,Left Hand Released,Onion_Half2_C_2147482344
214.301849,Left Hand Grab,Onion_Half2_C_2147482339
215.326874,Left Hand Released,Onion_Half2_C_2147482339
216.500549,Left Hand Grab,Onion_Half_C_2147482340
217.496902,Left Hand Released,Onion_Half_C_2147482340
219.951645,Left Hand Grab,Onion_Half_C_2147482345
221.718292,Left Hand Released,Onion_Half_C_2147482345
224.994598,Right Hand Grab,BeefStewCookbook_C_0
229.005051,Right Hand Grab,None
230.114426,Right Hand Grab,Tomato_Choppable_C_2147482396
231.979736,Right Hand Released,Tomato_Choppable_C_2147482396
233.858856,Right Hand Grab,Knife_C_1
235.26889,Chopped,Tomato_Choppable_C_2147482396
236.319687,Chopped,Tomato_BottomHalf_Choppable_C_2147482336
238.325562,Right Hand Released,Knife_C_1
239.259918,Left Hand Grab,Tomato_BottomHalf_Choppable_C_2147482336
240.525986,Left Hand Released,Tomato_BottomHalf_Choppable_C_2147482336
241.629013,Left Hand Grab,Tomato_TopHalf_Choppable_C_2147482337
242.824585,Left Hand Released,Tomato_TopHalf_Choppable_C_2147482337
244.768005,Right Hand Grab,None
246.104355,Right Hand Grab,Tomato_Choppable_C_2147482338
248.059845,Right Hand Released,Tomato_Choppable_C_2147482338
248.966873,Right Hand Grab,Knife_C_1
250.007401,Chopped,Tomato_Choppable_C_2147482338
251.377365,Right Hand Released,Knife_C_1
252.263184,Left Hand Grab,Tomato_BottomHalf_Choppable_C_2147482331
253.265244,Left Hand Released,Tomato_BottomHalf_Choppable_C_2147482331
254.222626,Left Hand Grab,Tomato_TopHalf_Choppable_C_2147482332
255.128708,Left Hand Released,Tomato_TopHalf_Choppable_C_2147482332
259.339142,Right Hand Grab,BeefStewCookbook_C_0
265.874054,Left Hand Grab,StaticMeshActor_102
268.312592,Left Hand Released,StaticMeshActor_102
269.54837,Right Hand Grab,Knife_C_1
276.985809,Right Hand Released,Knife_C_1
277.652863,Left Hand Grab,StaticMeshActor_102
279.7836,Left Hand Released,StaticMeshActor_102
281.541138,Left Hand Grab,Potato_Choppable_C_2147482405
283.212524,Left Hand Released,Potato_Choppable_C_2147482405
283.818451,Right Hand Grab,Knife_C_1
284.848694,Chopped,Potato_Choppable_C_2147482405
285.75061,Chopped,Potato_BottomHalf_Choppable_C_2147482326
286.616272,Chopped,Potato_BottomHalf_Choppable_C_2147482326
287.516815,Chopped,Potato_BottomHalf_Choppable_C_2147482326
288.384277,Right Hand Released,Knife_C_1
289.385803,Left Hand Grab,Potato_BottomHalf_Choppable_C_2147482326
290.684479,Left Hand Released,Potato_BottomHalf_Choppable_C_2147482326
291.631439,Left Hand Grab,Potato_TopHalf_Choppable_C_2147482327
292.649658,Left Hand Released,Potato_TopHalf_Choppable_C_2147482327
294.202484,Left Hand Grab,Potato_Choppable_C_2147482328
297.805817,Left Hand Released,Potato_Choppable_C_2147482328
298.557953,Right Hand Grab,Knife_C_1
299.600281,Chopped,Potato_Choppable_C_2147482328
300.546143,Chopped,Potato_BottomHalf_Choppable_C_2147482323
301.330261,Chopped,Potato_BottomHalf_Choppable_C_2147482323
302.197906,Right Hand Released,Knife_C_1
302.594635,Left Hand Grab,Potato_BottomHalf_Choppable_C_2147482323
303.664001,Left Hand Released,Potato_BottomHalf_Choppable_C_2147482323
304.612183,Left Hand Grab,Potato_TopHalf_Choppable_C_2147482324
305.430847,Left Hand Released,Potato_TopHalf_Choppable_C_2147482324
308.729401,Right Hand Grab,BeefStewCookbook_C_0
311.910706,Left Hand Grab,None
313.348816,Left Hand Grab,Carrot_Choppable_C_2147482400
315.056976,Left Hand Released,Carrot_Choppable_C_2147482400
316.386169,Left Hand Grab,Carrot_Choppable_C_2147482322
318.056519,Left Hand Released,Carrot_Choppable_C_2147482322
318.958771,Right Hand Grab,Knife_C_1
320.264923,Chopped,Carrot_Choppable_C_2147482400
320.998901,Chopped,CarrotTop_Choppable_C_2147482320
322.102997,Chopped,CarrotTop_Choppable_C_2147482320
323.773224,Right Hand Released,Knife_C_1
324.640381,Left Hand Grab,CarrotTopQuarter2_Choppable_C_2147482317
325.94281,Left Hand Released,CarrotTopQuarter2_Choppable_C_2147482317
327.460663,Left Hand Grab,CarrotTopQuarter1_Choppable_C_2147482318
328.36795,Left Hand Released,CarrotTopQuarter1_Choppable_C_2147482318
330.500458,Right Hand Grab,Knife_C_1
332.031647,Chopped,CarrotBotton_Choppable_C_2147482319
333.234955,Chopped,Carrot_Choppable_C_2147482322
334.939636,Chopped,CarrotTop_Choppable_C_2147482312
336.437073,Right Hand Released,Knife_C_1
337.371796,Left Hand Grab,None
339.839081,Left Hand Grab,None
340.972351,Left Hand Grab,CarrotBotton_Choppable_C_2147482311
342.43866,Left Hand Released,CarrotBotton_Choppable_C_2147482311
344.930389,Left Hand Grab,CarrotBottomQuarter1_Choppable_C_2147482314
346.701294,Left Hand Released,CarrotBottomQuarter1_Choppable_C_2147482314
347.930359,Left Hand Grab,CarrotBottomQuarter2_Choppable_C_2147482313
349.166565,Left Hand Released,CarrotBottomQuarter2_Choppable_C_2147482313
350.782013,Left Hand Grab,None
352.054962,Left Hand Grab,CarrotTopQuarter2_Choppable_C_2147482309
353.317474,Left Hand Released,CarrotTopQuarter2_Choppable_C_2147482309
355.121552,Left Hand Grab,CarrotTopQuarter1_Choppable_C_2147482310
356.319733,Left Hand Released,CarrotTopQuarter1_Choppable_C_2147482310
358.245239,Left Hand Grab,None
361.330017,Left Hand Grab,None
362.80014,Left Hand Grab,Carrot_Choppable_C_2147482401
364.354706,Left Hand Released,Carrot_Choppable_C_2147482401
365.219757,Right Hand Grab,Knife_C_1
366.395233,Chopped,Carrot_Choppable_C_2147482401
367.764496,Chopped,CarrotBotton_Choppable_C_2147482304
368.868073,Chopped,CarrotTop_Choppable_C_2147482305
370.434998,Right Hand Released,Knife_C_1
371.168427,Left Hand Grab,CarrotTopQuarter2_Choppable_C_2147482300
372.269409,Left Hand Released,CarrotTopQuarter2_Choppable_C_2147482300
373.578217,Left Hand Grab,CarrotTopQuarter1_Choppable_C_2147482301
374.433044,Left Hand Released,CarrotTopQuarter1_Choppable_C_2147482301
375.695923,Left Hand Grab,CarrotBottomQuarter1_Choppable_C_2147482303
376.659058,Left Hand Released,CarrotBottomQuarter1_Choppable_C_2147482303
378.070557,Left Hand Grab,CarrotBottomQuarter2_Choppable_C_2147482302
379.15155,Left Hand Released,CarrotBottomQuarter2_Choppable_C_2147482302
383.090759,Right Hand Grab,BeefStewCookbook_C_0
386.079285,Right Hand Grab,StaticMeshActor_84
387.390717,Right Hand Released,StaticMeshActor_84
388.213989,Right Hand Grab,PepperShakerGrabable_C_2147482375
393.501953,Right Hand Released,PepperShakerGrabable_C_2147482375
394.413391,Right Hand Grab,StaticMeshActor_84
395.389801,Right Hand Released,StaticMeshActor_84
396.034088,Right Hand Grab,SaltShakerGrabable_C_2147482376
401.111542,Right Hand Released,SaltShakerGrabable_C_2147482376
405.825989,Right Hand Grab,StirSpoon_C_2147482379
417.641479,Right Hand Released,StirSpoon_C_2147482379
423.120819,Right Hand Grab,BeefStewCookbook_C_0
430.51947,Left Hand Grab,NewLadle_C_2147482297
436.645203,Left Hand Released,NewLadle_C_2147482297
437.74826,Left Hand Grab,NewLadle_C_2147482297
438.98526,Left Hand Released,NewLadle_C_2147482297
451.155212,Left Hand Grab,NewLadle_C_2147482297
471.251068,Left Hand Released,NewLadle_C_2147482297
479.476257,Right Hand Grab,StewBowl_C_2147482295
481.246185,Right Hand Released,StewBowl_C_2147482295
491.329865,Right Hand Grab,StaticMeshActor_23
492.79834,Right Hand Released,StaticMeshActor_23
493.688141,Right Hand Grab,StirSpoon_C_2147482379
498.608856,Right Hand Released,StirSpoon_C_2147482379
503.285492,Right Hand Grab,BeefStewCookbook_C_0
509.21048,Right Hand Grab,None
514.204468,Left Hand Grab,NewLadle_C_2147482297
527.299622,Left Hand Released,NewLadle_C_2147482297
528.261536,Left Hand Grab,StewBowl_C_2147482295
529.332214,Left Hand Released,StewBowl_C_2147482295
533.558167,Right Hand Grab,Exit_C_0
