Session Time,Action Type,Interacted Object
323.221222,Right Hand Grab,None
384.156738,Left Hand Grab,None
384.533936,Left Hand Grab,None
384.871399,Left Hand Grab,None
388.627441,Left Hand Grab,None
388.807892,Right Hand Grab,None
389.778992,Right Hand Grab,None
389.878296,Left Hand Grab,None
396.327301,Right Hand Grab,None
397.160187,Left Hand Grab,StaticMeshActor_31
397.33902,Left Hand Released,StaticMeshActor_31
421.739624,Right Hand Grab,BeefStewCookbook_C_0
443.800201,Right Hand Grab,None
444.710632,Right Hand Grab,BrothParent_C_2147482363
462.552216,Right Hand Released,BrothParent_C_2147482363
465.037659,Right Hand Grab,None
466.174072,Right Hand Grab,BrothParent_C_2147482363
468.394012,Right Hand Released,BrothParent_C_2147482363
469.129242,Right Hand Grab,BrothParent_C_2147482363
470.176544,Right Hand Released,BrothParent_C_2147482363
471.839539,Right Hand Grab,None
475.347565,Right Hand Grab,BrothParent_C_2147482363
481.126831,Right Hand Released,BrothParent_C_2147482363
483.327087,Right Hand Grab,BeefStewCookbook_C_0
493.552429,Right Hand Grab,BrothParent_C_2147482363
494.645264,Right Hand Released,BrothParent_C_2147482363
501.296906,Left Hand Grab,Meat_Choppable_C_2147482385
503.26355,Left Hand Released,Meat_Choppable_C_2147482385
504.807343,Right Hand Grab,Knife_C_1
513.636658,Right Hand Released,Knife_C_1
514.5271,Right Hand Grab,Meat_Choppable_C_2147482385
514.704468,Left Hand Grab,StaticMeshActor_31
515.435974,Left Hand Released,StaticMeshActor_31
515.809753,Right Hand Released,Meat_Choppable_C_2147482385
516.829224,Right Hand Grab,Knife_C_1
518.208252,Chopped,Meat_Choppable_C_2147482385
520.966858,Chopped,Meat_HalfLeft_Choppable_C_2147482350
521.875305,Chopped,Meat_HalfRight_Choppable_C_2147482349
522.408691,Chopped,Meat_QuarterRight2_C_2147482345
524.010376,Chopped,Meat_QuarterRight2_C_2147482345
525.163574,Chopped,Meat_QuarterLeft2_C_2147482347
526.115356,Chopped,Meat_QuarterLeft2_C_2147482347
527.851868,Right Hand Released,Knife_C_1
530.449463,Right Hand Grab,Knife_C_1
533.189209,Right Hand Released,Knife_C_1
534.608154,Right Hand Grab,StaticMeshActor_84
535.694641,Right Hand Released,StaticMeshActor_84
536.621643,Right Hand Grab,Knife_C_1
537.707031,Right Hand Released,Knife_C_1
538.466003,Right Hand Grab,Meat_QuarterRight1_C_2147482346
538.532715,Left Hand Grab,Meat_QuarterLeft2_C_2147482347
542.599243,Right Hand Released,Meat_QuarterRight1_C_2147482346
544.47229,Right Hand Grab,Meat_QuarterRight2_C_2147482345
544.649597,Left Hand Grab,StaticMeshActor_31
546.686523,Left Hand Released,StaticMeshActor_31
546.772095,Right Hand Released,Meat_QuarterRight2_C_2147482345
548.26001,Left Hand Grab,Meat_QuarterLeft1_C_2147482348
549.812805,Left Hand Released,Meat_QuarterLeft1_C_2147482348
551.415588,Right Hand Grab,BeefStewCookbook_C_0
560.384766,Right Hand Grab,Onion_Choppable_C_2147482377
562.63623,Right Hand Released,Onion_Choppable_C_2147482377
563.914856,Right Hand Grab,Onion_Choppable_C_2147482342
565.870239,Right Hand Released,Onion_Choppable_C_2147482342
566.756226,Right Hand Grab,Knife_C_1
567.488464,Chopped,Onion_Choppable_C_2147482342
568.040161,Chopped,Onion_Peeled_C_2147482340
568.58075,Chopped,Onion_Peeled_C_2147482340
569.168579,Chopped,Onion_Half2_C_2147482338
569.745239,Chopped,Onion_Half_C_2147482339
570.741943,Chopped,Onion_Half_C_2147482339
571.768005,Chopped,Onion_Choppable_C_2147482377
572.775024,Chopped,Onion_Peeled_C_2147482337
573.708313,Chopped,Onion_Peeled_C_2147482337
574.377991,Chopped,Onion_Half2_C_2147482338
575.148804,Right Hand Released,Knife_C_1
576.485168,Right Hand Grab,StaticMeshActor_84
576.617859,Right Hand Released,StaticMeshActor_84
577.620728,Right Hand Grab,Onion_Half_C_2147482336
583.776672,Right Hand Released,Onion_Half_C_2147482336
584.996765,Right Hand Grab,Onion_Half2_C_2147482338
586.348633,Right Hand Released,Onion_Half2_C_2147482338
587.366211,Right Hand Grab,Onion_Half2_C_2147482335
588.608276,Right Hand Released,Onion_Half2_C_2147482335
589.580994,Right Hand Grab,Onion_Half_C_2147482339
590.673218,Right Hand Released,Onion_Half_C_2147482339
595.976685,Right Hand Grab,None
597.180603,Right Hand Grab,BeefStewCookbook_C_0
610.495422,Right Hand Grab,Tomato_Choppable_C_2147482382
613.583313,Right Hand Released,Tomato_Choppable_C_2147482382
615.0849,Right Hand Grab,BeefStewCookbook_C_0
616.688538,Right Hand Grab,Tomato_Choppable_C_2147482332
619.510254,Right Hand Released,Tomato_Choppable_C_2147482332
620.305603,Right Hand Grab,StaticMeshActor_84
621.390747,Right Hand Released,StaticMeshActor_84
623.77948,Left Hand Grab,None
625.088989,Left Hand Grab,None
626.598206,Right Hand Grab,StaticMeshActor_84
627.705383,Right Hand Released,StaticMeshActor_84
628.678894,Right Hand Grab,Knife_C_1
629.969299,Chopped,Tomato_Choppable_C_2147482382
630.502441,Chopped,Tomato_Choppable_C_2147482332
631.100403,Chopped,Tomato_TopHalf_Choppable_C_2147482328
631.633606,Chopped,Tomato_TopHalf_Choppable_C_2147482328
632.521973,Right Hand Released,Knife_C_1
633.494629,Left Hand Grab,Tomato_BottomHalf_Choppable_C_2147482329
633.517334,Right Hand Grab,Tomato_BottomHalf_Choppable_C_2147482327
635.288635,Right Hand Released,Tomato_BottomHalf_Choppable_C_2147482327
635.288635,Left Hand Released,Tomato_BottomHalf_Choppable_C_2147482329
636.246643,Right Hand Grab,Tomato_TopHalf_Choppable_C_2147482328
636.314026,Left Hand Grab,Tomato_TopHalf_Choppable_C_2147482330
637.623413,Right Hand Released,Tomato_TopHalf_Choppable_C_2147482328
637.645752,Left Hand Released,Tomato_TopHalf_Choppable_C_2147482330
639.622192,Right Hand Grab,BeefStewCookbook_C_0
649.093628,Left Hand Grab,Carrot_Choppable_C_2147482390
650.578979,Left Hand Released,Carrot_Choppable_C_2147482390
651.753235,Left Hand Grab,Carrot_Choppable_C_2147482386
653.892334,Left Hand Released,Carrot_Choppable_C_2147482386
654.459045,Right Hand Grab,Knife_C_1
655.362244,Chopped,Carrot_Choppable_C_2147482390
656.199341,Chopped,Carrot_Choppable_C_2147482386
657.237244,Right Hand Released,Knife_C_1
659.708313,Right Hand Grab,Knife_C_1
660.843262,Chopped,CarrotBotton_Choppable_C_2147482323
662.010498,Chopped,CarrotTop_Choppable_C_2147482324
663.342285,Chopped,CarrotTop_Choppable_C_2147482322
664.241638,Chopped,CarrotBotton_Choppable_C_2147482321
665.27533,Right Hand Released,Knife_C_1
666.075134,Left Hand Grab,CarrotTopQuarter2_Choppable_C_2147482315
666.242554,Right Hand Grab,CarrotBottomQuarter2_Choppable_C_2147482317
668.039246,Left Hand Released,CarrotTopQuarter2_Choppable_C_2147482315
668.105164,Right Hand Released,CarrotBottomQuarter2_Choppable_C_2147482317
669.45874,Right Hand Grab,CarrotBottomQuarter1_Choppable_C_2147482318
669.482727,Left Hand Grab,CarrotTopQuarter1_Choppable_C_2147482316
670.93457,Left Hand Released,CarrotTopQuarter1_Choppable_C_2147482316
671.171082,Right Hand Released,CarrotBottomQuarter1_Choppable_C_2147482318
672.560303,Right Hand Grab,CarrotBottomQuarter2_Choppable_C_2147482309
672.582397,Left Hand Grab,CarrotTopQuarter2_Choppable_C_2147482313
674.231201,Left Hand Released,CarrotTopQuarter2_Choppable_C_2147482313
674.330688,Right Hand Released,CarrotBottomQuarter2_Choppable_C_2147482309
675.434509,Right Hand Grab,CarrotBottomQuarter1_Choppable_C_2147482310
675.534546,Left Hand Grab,CarrotTopQuarter1_Choppable_C_2147482314
677.059448,Left Hand Released,CarrotTopQuarter1_Choppable_C_2147482314
677.092468,Right Hand Released,CarrotBottomQuarter1_Choppable_C_2147482310
682.220886,Right Hand Grab,None
684.471741,Right Hand Grab,BeefStewCookbook_C_0
694.278931,Right Hand Grab,StaticMeshActor_84
694.390808,Left Hand Grab,StaticMeshActor_84
695.65509,Right Hand Released,StaticMeshActor_84
695.65509,Left Hand Released,StaticMeshActor_84
696.407837,Left Hand Grab,SaltShakerGrabable_C_2147482362
696.407837,Right Hand Grab,PepperShakerGrabable_C_2147482361
707.071899,Left Hand Released,SaltShakerGrabable_C_2147482362
707.116333,Right Hand Released,PepperShakerGrabable_C_2147482361
714.336182,Right Hand Grab,StaticMeshActor_31
718.950134,Right Hand Released,StaticMeshActor_31
721.080444,Right Hand Grab,StirSpoon_C_2147482365
734.910095,Right Hand Released,StirSpoon_C_2147482365
736.264404,Right Hand Grab,BeefStewCookbook_C_0
749.889282,Right Hand Grab,StaticMeshActor_31
751.007812,Right Hand Released,StaticMeshActor_31
764.317505,Right Hand Grab,oven_C_1
765.901001,Right Hand Grab,None
766.763367,Right Hand Grab,oven_C_1
768.433899,Right Hand Grab,None
769.126953,Right Hand Grab,None
769.908875,Right Hand Grab,None
770.441833,Right Hand Grab,None
786.347229,Right Hand Grab,Knife_C_1
788.009949,Right Hand Released,Knife_C_1
788.742676,Right Hand Grab,StaticMeshActor_84
789.807739,Right Hand Released,StaticMeshActor_84
790.562683,Right Hand Grab,StirSpoon_C_2147482365
793.678528,Right Hand Released,StirSpoon_C_2147482365
793.835449,Right Hand Grab,StirSpoon_C_2147482365
798.939392,Right Hand Released,StirSpoon_C_2147482365
800.407288,Right Hand Grab,SaltShakerGrabable_C_2147482362
805.452759,Right Hand Released,SaltShakerGrabable_C_2147482362
806.096252,Right Hand Grab,StirSpoon_C_2147482365
811.740845,Right Hand Released,StirSpoon_C_2147482365
812.448059,Right Hand Grab,Knife_C_1
813.51123,Right Hand Released,Knife_C_1
816.336853,Right Hand Grab,BeefStewCookbook_C_0
817.810852,Right Hand Grab,BeefStewCookbook_C_0
825.14093,Right Hand Grab,StaticMeshActor_83
826.695374,Right Hand Released,StaticMeshActor_83
846.799072,Right Hand Grab,None
847.621521,Right Hand Grab,BeefStewCookbook_C_0
848.268677,Right Hand Grab,BeefStewCookbook_C_0
848.850647,Right Hand Grab,BeefStewCookbook_C_0
849.494324,Right Hand Grab,BeefStewCookbook_C_0
850.142578,Right Hand Grab,BeefStewCookbook_C_0
850.832642,Right Hand Grab,BeefStewCookbook_C_0
860.82312,Right Hand Grab,Meat_Choppable_C_2147482353
862.348267,Right Hand Released,Meat_Choppable_C_2147482353
863.181091,Right Hand Grab,Knife_C_1
864.28241,Chopped,Meat_Choppable_C_2147482353
865.083801,Chopped,Meat_HalfLeft_Choppable_C_2147482301
865.983643,Chopped,Meat_HalfLeft_Choppable_C_2147482301
866.85083,Chopped,Meat_QuarterLeft2_C_2147482298
867.683777,Right Hand Released,Knife_C_1
868.482666,Right Hand Grab,Meat_HalfRight_Choppable_C_2147482300
869.683472,Right Hand Released,Meat_HalfRight_Choppable_C_2147482300
870.315063,Right Hand Grab,Knife_C_1
871.682373,Chopped,Meat_HalfRight_Choppable_C_2147482300
873.61499,Chopped,Meat_QuarterLeft2_C_2147482298
874.871399,Right Hand Released,Knife_C_1
875.47113,Right Hand Grab,Meat_QuarterRight2_C_2147482296
876.807983,Right Hand Released,Meat_QuarterRight2_C_2147482296
877.770447,Right Hand Grab,Meat_QuarterRight1_C_2147482297
878.903259,Right Hand Released,Meat_QuarterRight1_C_2147482297
879.746094,Right Hand Grab,Meat_QuarterLeft1_C_2147482299
881.161743,Right Hand Released,Meat_QuarterLeft1_C_2147482299
882.010925,Right Hand Grab,Meat_QuarterLeft2_C_2147482298
882.988892,Right Hand Released,Meat_QuarterLeft2_C_2147482298
884.514771,Right Hand Grab,StirSpoon_C_2147482365
892.331665,Right Hand Released,StirSpoon_C_2147482365
893.660278,Right Hand Grab,BeefStewCookbook_C_0
894.308533,Right Hand Grab,BeefStewCookbook_C_0
894.903259,Right Hand Grab,BeefStewCookbook_C_0
895.512451,Right Hand Grab,BeefStewCookbook_C_0
896.070618,Right Hand Grab,BeefStewCookbook_C_0
896.750732,Right Hand Grab,None
897.706787,Right Hand Grab,BeefStewCookbook_C_0
901.821411,Right Hand Grab,PepperShakerGrabable_C_2147482361
909.418213,Right Hand Released,PepperShakerGrabable_C_2147482361
934.709473,Left Hand Grab,SaltShakerGrabable_C_2147482362
935.800354,Right Hand Grab,PepperShakerGrabable_C_2147482361
947.727722,Right Hand Released,PepperShakerGrabable_C_2147482361
947.81665,Left Hand Released,SaltShakerGrabable_C_2147482362
949.656067,Right Hand Grab,Knife_C_1
950.893372,Right Hand Released,Knife_C_1
951.493591,Right Hand Grab,StaticMeshActor_84
952.044312,Right Hand Released,StaticMeshActor_84
953.33667,Right Hand Grab,StirSpoon_C_2147482365
955.72229,Right Hand Released,StirSpoon_C_2147482365
956.49585,Right Hand Grab,StirSpoon_C_2147482365
969.028198,Right Hand Released,StirSpoon_C_2147482365
971.824097,Left Hand Grab,None
971.868286,Right Hand Grab,BeefStewCookbook_C_0
973.605225,Right Hand Grab,BeefStewCookbook_C_0
973.649048,Left Hand Grab,None
975.033875,Right Hand Grab,BeefStewCookbook_C_0
975.056213,Left Hand Grab,None
990.257996,Right Hand Grab,Exit_C_0
