Session Time,Action Type,Interacted Object
9.002488,Right Hand Grab,BeefStewCookbook_C_0
21.083548,Right Hand Grab,BrothParent_C_2147482365
36.401642,Right Hand Released,BrothParent_C_2147482365
39.845215,Right Hand Grab,None
40.627827,Right Hand Grab,None
41.293224,Right Hand Grab,None
42.783112,Right Hand Grab,None
44.165077,Left Hand Grab,None
44.23135,Right Hand Grab,None
45.361328,Right Hand Grab,BeefStewCookbook_C_0
52.784435,Left Hand Grab,Meat_Choppable_C_2147482387
54.665707,Left Hand Released,Meat_Choppable_C_2147482387
55.795052,Right Hand Grab,Knife_C_1
57.381481,Chopped,Meat_Choppable_C_2147482387
58.514534,Chopped,Meat_HalfLeft_Choppable_C_2147482358
59.180584,Chopped,Meat_QuarterLeft2_C_2147482355
60.047592,Chopped,Meat_QuarterLeft2_C_2147482355
60.844368,Chopped,Meat_QuarterLeft2_C_2147482355
61.706295,Chopped,Meat_QuarterLeft1_C_2147482356
67.910812,Right Hand Released,Knife_C_1
68.6381,Left Hand Grab,Meat_QuarterLeft1_C_2147482356
69.194092,Left Hand Released,Meat_QuarterLeft1_C_2147482356
70.655365,Right Hand Grab,Meat_HalfRight_Choppable_C_2147482357
71.49958,Right Hand Released,Meat_HalfRight_Choppable_C_2147482357
72.055054,Left Hand Grab,Meat_QuarterLeft1_C_2147482356
72.786491,Left Hand Released,Meat_QuarterLeft1_C_2147482356
73.320389,Left Hand Grab,Meat_QuarterLeft1_C_2147482356
74.262695,Left Hand Released,Meat_QuarterLeft1_C_2147482356
75.319221,Right Hand Grab,Meat_Choppable_C_2147482359
77.426254,Right Hand Released,Meat_Choppable_C_2147482359
78.359268,Right Hand Grab,Knife_C_1
79.495926,Chopped,Meat_Choppable_C_2147482359
80.318893,Chopped,Meat_HalfRight_Choppable_C_2147482352
80.542107,Right Hand Released,Knife_C_1
81.095497,Right Hand Grab,Meat_HalfLeft_Choppable_C_2147482353
84.7174,Right Hand Released,Meat_HalfLeft_Choppable_C_2147482353
85.919098,Right Hand Grab,Meat_HalfRight_Choppable_C_2147482357
86.186569,Left Hand Grab,Meat_HalfRight_Choppable_C_2147482352
87.534546,Right Hand Released,Meat_HalfRight_Choppable_C_2147482357
87.668175,Left Hand Released,Meat_HalfRight_Choppable_C_2147482352
88.871521,Left Hand Grab,Meat_QuarterLeft1_C_2147482356
88.871521,Right Hand Grab,Meat_QuarterLeft2_C_2147482355
90.133698,Right Hand Released,Meat_QuarterLeft2_C_2147482355
90.133698,Left Hand Released,Meat_QuarterLeft1_C_2147482356
93.027542,Right Hand Grab,Meat_Choppable_C_2147482354
94.340416,Right Hand Released,Meat_Choppable_C_2147482354
95.099823,Right Hand Grab,Knife_C_1
96.036331,Chopped,Meat_Choppable_C_2147482354
97.702126,Left Hand Grab,Meat_Choppable_C_2147482349
99.245689,Left Hand Released,Meat_Choppable_C_2147482349
100.419388,Chopped,Meat_Choppable_C_2147482349
101.689774,Right Hand Released,Knife_C_1
103.495552,Right Hand Grab,Knife_C_1
104.050972,Right Hand Released,Knife_C_1
104.361702,Right Hand Grab,Knife_C_1
104.845879,Right Hand Released,Knife_C_1
105.224197,Right Hand Grab,Knife_C_1
105.716293,Right Hand Released,Knife_C_1
106.071213,Right Hand Grab,None
106.8507,Right Hand Grab,Knife_C_1
107.361214,Right Hand Released,Knife_C_1
112.475327,Right Hand Grab,Knife_C_1
112.986771,Right Hand Released,Knife_C_1
113.364449,Right Hand Grab,Knife_C_1
114.10157,Right Hand Released,Knife_C_1
114.521393,Right Hand Grab,Knife_C_1
115.032272,Right Hand Released,Knife_C_1
115.277084,Right Hand Grab,Knife_C_1
116.006828,Right Hand Released,Knife_C_1
116.317345,Right Hand Grab,Knife_C_1
116.897018,Right Hand Released,Knife_C_1
117.652664,Left Hand Grab,Knife_C_1
118.163628,Left Hand Released,Knife_C_1
118.678299,Left Hand Grab,Knife_C_1
119.793396,Left Hand Released,Knife_C_1
128.557251,Right Hand Grab,None
129.369141,Right Hand Grab,None
129.98819,Right Hand Grab,None
130.591522,Right Hand Grab,None
131.080185,Right Hand Grab,None
131.792511,Right Hand Grab,None
132.392044,Right Hand Grab,None
132.699234,Right Hand Grab,None
146.958466,Right Hand Grab,Meat_HalfRight_Choppable_C_2147482344
148.382004,Right Hand Released,Meat_HalfRight_Choppable_C_2147482344
149.273422,Right Hand Grab,Meat_HalfRight_Choppable_C_2147482347
150.470932,Right Hand Released,Meat_HalfRight_Choppable_C_2147482347
151.569046,Right Hand Grab,Meat_HalfLeft_Choppable_C_2147482348
151.882202,Left Hand Grab,Meat_HalfLeft_Choppable_C_2147482345
153.203156,Right Hand Released,Meat_HalfLeft_Choppable_C_2147482348
153.538467,Left Hand Released,Meat_HalfLeft_Choppable_C_2147482345
156.815018,Right Hand Grab,BeefStewCookbook_C_0
