Session Time,Action Type,Interacted Object
24.297844,Left Hand Grab,None
27.098755,Right Hand Grab,None
27.894211,Left Hand Grab,None
28.560734,Right Hand Grab,None
38.030224,Left Hand Grab,None
40.141235,Left Hand Grab,None
40.386284,Left Hand Grab,BeefStewCookbook_C_0
65.723976,Left Hand Grab,None
66.675156,Left Hand Grab,None
67.409103,Left Hand Grab,BrothParent_C_2147482365
67.586845,Left Hand Released,BrothParent_C_2147482365
67.698517,Left Hand Grab,BrothParent_C_2147482365
68.032585,Left Hand Released,BrothParent_C_2147482365
68.432266,Left Hand Grab,BrothParent_C_2147482365
71.16114,Left Hand Released,BrothParent_C_2147482365
75.891953,Right Hand Grab,None
76.114502,Right Hand Grab,None
77.737381,Right Hand Grab,None
77.984505,Right Hand Grab,None
79.385872,Right Hand Grab,BrothParent_C_2147482365
79.563774,Right Hand Released,BrothParent_C_2147482365
79.763878,Right Hand Grab,BrothParent_C_2147482365
93.84481,Right Hand Released,BrothParent_C_2147482365
94.420914,Right Hand Grab,None
102.07338,Right Hand Grab,None
102.362274,Right Hand Grab,BeefStewCookbook_C_0
112.132095,Left Hand Grab,None
112.504013,Left Hand Grab,None
113.540169,Left Hand Grab,Meat_Choppable_C_2147482387
115.706909,Left Hand Released,Meat_Choppable_C_2147482387
118.03968,Right Hand Grab,StaticMeshActor_31
118.193649,Right Hand Released,StaticMeshActor_31
118.327507,Right Hand Grab,StaticMeshActor_23
119.906837,Right Hand Released,StaticMeshActor_23
121.439613,Right Hand Grab,Knife_C_1
121.640526,Right Hand Released,Knife_C_1
121.750618,Right Hand Grab,Knife_C_1
123.879784,Chopped,Meat_Choppable_C_2147482387
124.59095,Chopped,Meat_HalfRight_Choppable_C_2147482355
125.542397,Chopped,Meat_HalfRight_Choppable_C_2147482355
126.117607,Chopped,Meat_QuarterRight1_C_2147482354
126.649376,Chopped,Meat_QuarterRight1_C_2147482354
127.244026,Chopped,Meat_QuarterRight1_C_2147482354
127.997467,Chopped,Meat_QuarterRight1_C_2147482354
129.304672,Chopped,Meat_QuarterRight1_C_2147482354
133.301758,Right Hand Released,Knife_C_1
136.31105,Right Hand Grab,None
138.570145,Right Hand Grab,Meat_QuarterRight1_C_2147482354
138.792694,Right Hand Released,Meat_QuarterRight1_C_2147482354
138.900085,Right Hand Grab,Meat_QuarterRight1_C_2147482354
140.741196,Right Hand Released,Meat_QuarterRight1_C_2147482354
141.714966,Right Hand Grab,Meat_QuarterRight1_C_2147482354
142.783691,Right Hand Released,Meat_QuarterRight1_C_2147482354
143.957733,Right Hand Grab,None
144.224655,Right Hand Grab,Meat_QuarterRight2_C_2147482353
144.558167,Right Hand Released,Meat_QuarterRight2_C_2147482353
145.027756,Right Hand Grab,Meat_QuarterRight2_C_2147482353
146.696594,Right Hand Released,Meat_QuarterRight2_C_2147482353
147.931046,Right Hand Grab,None
148.231415,Right Hand Grab,Meat_HalfLeft_Choppable_C_2147482356
148.664566,Right Hand Released,Meat_HalfLeft_Choppable_C_2147482356
148.764709,Right Hand Grab,None
149.930344,Right Hand Grab,Meat_HalfLeft_Choppable_C_2147482356
150.097641,Right Hand Released,Meat_HalfLeft_Choppable_C_2147482356
150.163132,Right Hand Grab,Meat_HalfLeft_Choppable_C_2147482356
152.93071,Right Hand Released,Meat_HalfLeft_Choppable_C_2147482356
154.439224,Right Hand Grab,Knife_C_1
156.396072,Chopped,Meat_HalfLeft_Choppable_C_2147482356
157.07962,Chopped,Meat_QuarterLeft2_C_2147482351
157.835632,Chopped,Meat_QuarterLeft1_C_2147482352
159.649551,Right Hand Released,Knife_C_1
161.110855,Right Hand Grab,Meat_QuarterLeft2_C_2147482351
162.707733,Right Hand Released,Meat_QuarterLeft2_C_2147482351
163.760315,Right Hand Grab,Meat_QuarterLeft1_C_2147482352
163.951691,Right Hand Released,Meat_QuarterLeft1_C_2147482352
164.018494,Right Hand Grab,Meat_QuarterLeft1_C_2147482352
165.172394,Right Hand Released,Meat_QuarterLeft1_C_2147482352
166.311264,Right Hand Grab,Meat_Choppable_C_2147482357
168.305496,Right Hand Released,Meat_Choppable_C_2147482357
169.264221,Right Hand Grab,StaticMeshActor_23
171.427155,Right Hand Released,StaticMeshActor_23
172.49762,Right Hand Grab,StaticMeshActor_23
173.411636,Right Hand Released,StaticMeshActor_23
174.215225,Right Hand Grab,None
175.257446,Right Hand Grab,StaticMeshActor_31
175.635544,Right Hand Released,StaticMeshActor_31
175.812973,Right Hand Grab,StaticMeshActor_31
175.99556,Right Hand Released,StaticMeshActor_31
176.484787,Right Hand Grab,StaticMeshActor_31
176.68544,Right Hand Released,StaticMeshActor_31
176.818054,Right Hand Grab,StaticMeshActor_31
177.241196,Right Hand Released,StaticMeshActor_31
177.640533,Right Hand Grab,StaticMeshActor_31
177.840637,Right Hand Released,StaticMeshActor_31
177.995438,Right Hand Grab,StaticMeshActor_31
180.263275,Right Hand Released,StaticMeshActor_31
181.574341,Right Hand Grab,Knife_C_1
183.200546,Chopped,Meat_Choppable_C_2147482357
183.934402,Chopped,Meat_HalfLeft_Choppable_C_2147482347
184.733673,Chopped,Meat_HalfLeft_Choppable_C_2147482347
185.533356,Chopped,Meat_HalfRight_Choppable_C_2147482346
187.002609,Right Hand Released,Knife_C_1
188.001663,Right Hand Grab,Meat_QuarterRight2_C_2147482342
188.439651,Right Hand Released,Meat_QuarterRight2_C_2147482342
188.539383,Right Hand Grab,Meat_QuarterRight2_C_2147482342
189.869034,Right Hand Released,Meat_QuarterRight2_C_2147482342
190.78215,Right Hand Grab,None
191.063995,Right Hand Grab,None
192.171143,Right Hand Grab,Meat_QuarterRight1_C_2147482343
192.352829,Right Hand Released,Meat_QuarterRight1_C_2147482343
192.44429,Right Hand Grab,Meat_QuarterRight1_C_2147482343
194.47673,Right Hand Released,Meat_QuarterRight1_C_2147482343
195.383408,Right Hand Grab,Meat_QuarterLeft2_C_2147482344
195.584122,Right Hand Released,Meat_QuarterLeft2_C_2147482344
195.697281,Right Hand Grab,Meat_QuarterLeft2_C_2147482344
196.982147,Right Hand Released,Meat_QuarterLeft2_C_2147482344
198.015564,Right Hand Grab,Meat_QuarterLeft1_C_2147482345
198.188675,Right Hand Released,Meat_QuarterLeft1_C_2147482345
198.288605,Right Hand Grab,Meat_QuarterLeft1_C_2147482345
199.425369,Right Hand Released,Meat_QuarterLeft1_C_2147482345
202.71312,Right Hand Grab,None
204.363419,Right Hand Grab,BeefStewCookbook_C_0
204.630173,Right Hand Grab,BeefStewCookbook_C_0
211.255127,Left Hand Grab,None
212.297211,Left Hand Grab,None
212.630966,Left Hand Grab,None
213.714401,Left Hand Grab,None
214.025345,Left Hand Grab,None
214.760239,Left Hand Grab,BeefStewCookbook_C_0
219.512726,Right Hand Grab,Onion_Choppable_C_2147482379
219.756561,Right Hand Released,Onion_Choppable_C_2147482379
219.845169,Right Hand Grab,Onion_Choppable_C_2147482379
221.287338,Right Hand Released,Onion_Choppable_C_2147482379
222.50589,Right Hand Grab,StaticMeshActor_23
224.255386,Right Hand Released,StaticMeshActor_23
224.900345,Right Hand Grab,StaticMeshActor_31
225.903412,Right Hand Released,StaticMeshActor_31
226.774216,Right Hand Grab,Onion_Choppable_C_2147482341
226.974243,Right Hand Released,Onion_Choppable_C_2147482341
227.062195,Right Hand Grab,Onion_Choppable_C_2147482341
228.222641,Right Hand Released,Onion_Choppable_C_2147482341
229.038895,Right Hand Grab,Knife_C_1
230.306,Chopped,Onion_Choppable_C_2147482341
231.435165,Chopped,Onion_Choppable_C_2147482379
232.320175,Chopped,Onion_Peeled_C_2147482338
233.160217,Chopped,Onion_Peeled_C_2147482339
234.334167,Right Hand Released,Knife_C_1
237.248032,Right Hand Grab,Onion_Half_C_2147482337
237.471024,Right Hand Released,Onion_Half_C_2147482337
237.582031,Right Hand Grab,Onion_Half_C_2147482337
238.755722,Right Hand Released,Onion_Half_C_2147482337
239.997696,Right Hand Grab,Onion_Half2_C_2147482336
240.155869,Right Hand Released,Onion_Half2_C_2147482336
240.244934,Right Hand Grab,Onion_Half2_C_2147482336
241.268478,Right Hand Released,Onion_Half2_C_2147482336
242.273438,Right Hand Grab,Onion_Peeled_C_2147482338
242.440247,Right Hand Released,Onion_Peeled_C_2147482338
242.573029,Right Hand Grab,Onion_Peeled_C_2147482338
243.443253,Right Hand Released,Onion_Peeled_C_2147482338
244.679764,Right Hand Grab,Knife_C_1
245.694534,Chopped,Onion_Peeled_C_2147482338
247.221878,Right Hand Released,Knife_C_1
247.888229,Right Hand Grab,None
250.027161,Right Hand Grab,Onion_Half2_C_2147482334
251.253983,Right Hand Released,Onion_Half2_C_2147482334
253.674423,Right Hand Grab,Onion_Choppable_C_2147482340
254.786194,Right Hand Released,Onion_Choppable_C_2147482340
255.412109,Right Hand Grab,Knife_C_1
256.258026,Chopped,Onion_Choppable_C_2147482340
257.164948,Right Hand Released,Knife_C_1
258.031647,Right Hand Grab,Onion_Peeled_C_2147482330
259.121735,Right Hand Released,Onion_Peeled_C_2147482330
259.719055,Right Hand Grab,Knife_C_1
260.430054,Chopped,Onion_Peeled_C_2147482330
261.292114,Right Hand Released,Knife_C_1
262.155304,Right Hand Grab,Onion_Half2_C_2147482328
263.697296,Right Hand Released,Onion_Half2_C_2147482328
265.582245,Right Hand Grab,None
268.628021,Right Hand Grab,BeefStewCookbook_C_0
273.641785,Right Hand Grab,Tomato_Choppable_C_2147482384
273.864166,Right Hand Released,Tomato_Choppable_C_2147482384
273.931274,Right Hand Grab,Tomato_Choppable_C_2147482384
275.220032,Right Hand Released,Tomato_Choppable_C_2147482384
276.199036,Right Hand Grab,Tomato_Choppable_C_2147482325
277.845825,Right Hand Released,Tomato_Choppable_C_2147482325
280.007996,Right Hand Grab,StaticMeshActor_23
280.922729,Right Hand Released,StaticMeshActor_23
281.570343,Right Hand Grab,Knife_C_1
283.233765,Chopped,Tomato_Choppable_C_2147482325
284.296906,Chopped,Tomato_Choppable_C_2147482384
285.782227,Right Hand Released,Knife_C_1
286.494629,Right Hand Grab,Onion_Half_C_2147482329
286.672668,Right Hand Released,Onion_Half_C_2147482329
286.761353,Right Hand Grab,Onion_Half_C_2147482329
288.798279,Right Hand Released,Onion_Half_C_2147482329
289.438202,Right Hand Grab,Tomato_BottomHalf_Choppable_C_2147482322
290.038971,Right Hand Released,Tomato_BottomHalf_Choppable_C_2147482322
290.240143,Right Hand Grab,Tomato_BottomHalf_Choppable_C_2147482322
292.856934,Right Hand Released,Tomato_BottomHalf_Choppable_C_2147482322
293.68161,Right Hand Grab,Tomato_TopHalf_Choppable_C_2147482323
295.750824,Right Hand Grab,Tomato_BottomHalf_Choppable_C_2147482320
297.457123,Right Hand Grab,Tomato_TopHalf_Choppable_C_2147482321
298.584686,Right Hand Released,Tomato_TopHalf_Choppable_C_2147482321
301.216919,Right Hand Grab,None
302.176758,Right Hand Grab,BeefStewCookbook_C_0
302.442352,Right Hand Grab,BeefStewCookbook_C_0
303.756622,Left Hand Grab,None
304.112213,Left Hand Grab,None
305.116974,Left Hand Grab,None
306.343536,Left Hand Grab,None
306.765289,Left Hand Grab,BeefStewCookbook_C_0
308.676361,Left Hand Grab,BeefStewCookbook_C_0
310.498505,Right Hand Grab,None
311.121582,Right Hand Grab,None
311.90036,Right Hand Grab,None
312.545044,Right Hand Grab,BeefStewCookbook_C_0
312.766968,Right Hand Grab,BeefStewCookbook_C_0
313.965332,Left Hand Grab,None
314.186584,Left Hand Grab,None
315.631775,Left Hand Grab,None
316.188141,Left Hand Grab,BeefStewCookbook_C_0
321.513824,Left Hand Grab,None
321.868408,Left Hand Grab,None
324.041718,Left Hand Grab,None
324.304749,Left Hand Grab,None
325.171265,Left Hand Grab,None
325.597168,Left Hand Grab,None
326.333862,Left Hand Grab,Potato_Choppable_C_2147482393
326.578308,Left Hand Released,Potato_Choppable_C_2147482393
327.001404,Left Hand Grab,Potato_Choppable_C_2147482393
330.507111,Left Hand Released,Potato_Choppable_C_2147482393
333.151154,Right Hand Grab,Onion_Half_C_2147482329
335.157257,Right Hand Released,Onion_Half_C_2147482329
335.868378,Right Hand Grab,StaticMeshActor_23
336.023163,Right Hand Released,StaticMeshActor_23
336.135345,Right Hand Grab,StaticMeshActor_23
337.490997,Right Hand Released,StaticMeshActor_23
338.574677,Right Hand Grab,Knife_C_1
339.600922,Chopped,Potato_Choppable_C_2147482393
340.11441,Right Hand Released,Knife_C_1
341.836945,Left Hand Grab,None
342.192291,Left Hand Grab,None
343.326691,Left Hand Grab,None
343.815277,Left Hand Grab,Potato_Choppable_C_2147482317
346.214569,Left Hand Released,Potato_Choppable_C_2147482317
366.631714,Right Hand Grab,StaticMeshActor_23
372.767334,Right Hand Released,StaticMeshActor_23
373.933777,Right Hand Grab,StaticMeshActor_23
374.134003,Right Hand Released,StaticMeshActor_23
376.101074,Left Hand Grab,Meat_Choppable_C_2147482350
376.300507,Left Hand Released,Meat_Choppable_C_2147482350
376.366943,Left Hand Grab,Meat_Choppable_C_2147482350
376.900574,Left Hand Released,Meat_Choppable_C_2147482350
377.266724,Left Hand Grab,Meat_Choppable_C_2147482350
377.467072,Left Hand Released,Meat_Choppable_C_2147482350
377.600098,Left Hand Grab,Meat_Choppable_C_2147482350
378.365173,Left Hand Released,Meat_Choppable_C_2147482350
379.365082,Left Hand Grab,Meat_Choppable_C_2147482385
379.632172,Left Hand Released,Meat_Choppable_C_2147482385
380.298462,Left Hand Grab,Meat_Choppable_C_2147482385
380.531708,Left Hand Released,Meat_Choppable_C_2147482385
380.731903,Left Hand Grab,Meat_Choppable_C_2147482385
382.86496,Left Hand Released,Meat_Choppable_C_2147482385
383.898651,Left Hand Grab,Potato_TopHalf_Choppable_C_2147482316
384.065491,Left Hand Released,Potato_TopHalf_Choppable_C_2147482316
384.298737,Left Hand Grab,Potato_TopHalf_Choppable_C_2147482316
385.930908,Left Hand Released,Potato_TopHalf_Choppable_C_2147482316
387.261627,Left Hand Grab,Potato_BottomHalf_Choppable_C_2147482315
387.428375,Left Hand Released,Potato_BottomHalf_Choppable_C_2147482315
387.561798,Left Hand Grab,Potato_BottomHalf_Choppable_C_2147482315
388.99527,Left Hand Released,Potato_BottomHalf_Choppable_C_2147482315
391.08429,Right Hand Grab,Potato_Choppable_C_2147482317
391.278046,Right Hand Released,Potato_Choppable_C_2147482317
391.391174,Right Hand Grab,Potato_Choppable_C_2147482317
392.212921,Right Hand Released,Potato_Choppable_C_2147482317
392.771545,Right Hand Grab,StaticMeshActor_23
394.57312,Right Hand Released,StaticMeshActor_23
394.873474,Right Hand Grab,StaticMeshActor_23
396.482117,Right Hand Released,StaticMeshActor_23
398.686249,Right Hand Grab,StaticMeshActor_23
405.551636,Right Hand Released,StaticMeshActor_23
410.070953,Right Hand Grab,Potato_Choppable_C_2147482317
414.776703,Right Hand Grab,None
415.021057,Right Hand Grab,Potato_Choppable_C_2147482394
417.870758,Right Hand Released,Potato_Choppable_C_2147482394
420.159607,Right Hand Grab,Onion_Half_C_2147482329
421.565582,Right Hand Released,Onion_Half_C_2147482329
422.233704,Right Hand Grab,StaticMeshActor_31
424.676453,Right Hand Released,StaticMeshActor_31
425.674042,Right Hand Grab,StaticMeshActor_84
425.897064,Right Hand Released,StaticMeshActor_84
425.962952,Right Hand Grab,StaticMeshActor_84
431.667572,Right Hand Released,StaticMeshActor_84
432.707306,Left Hand Grab,Meat_Choppable_C_2147482385
434.193848,Left Hand Released,Meat_Choppable_C_2147482385
444.771149,Right Hand Grab,None
447.571106,Right Hand Grab,None
447.881683,Right Hand Grab,None
448.484406,Right Hand Grab,StaticMeshActor_23
450.945465,Right Hand Released,StaticMeshActor_23
452.208527,Left Hand Grab,None
452.826202,Left Hand Grab,Potato_Choppable_C_2147482314
455.114899,Left Hand Released,Potato_Choppable_C_2147482314
456.181732,Right Hand Grab,StaticMeshActor_23
464.365234,Right Hand Released,StaticMeshActor_23
464.721039,Right Hand Grab,None
466.379608,Right Hand Grab,None
475.370178,Right Hand Grab,None
475.659149,Right Hand Grab,None
476.814606,Right Hand Grab,None
477.102692,Right Hand Grab,None
477.370148,Right Hand Grab,None
487.185486,Right Hand Grab,None
487.519836,Right Hand Grab,None
488.634369,Right Hand Grab,None
488.923523,Right Hand Grab,None
489.167664,Right Hand Grab,None
