Session Time,Action Type,Interacted Object
41.803726,Right Hand Grab,BeefStewCookbook_C_0
54.849632,Right Hand Grab,BrothParent_C_2147482365
70.8526,Right Hand Released,BrothParent_C_2147482365
71.097168,Right Hand Grab,BeefStewCookbook_C_0
72.119766,Right Hand Grab,BeefStewCookbook_C_0
73.291832,Right Hand Grab,BeefStewCookbook_C_0
74.80484,Right Hand Grab,BrothParent_C_2147482365
79.049759,Right Hand Released,BrothParent_C_2147482365
80.160927,Right Hand Grab,BrothParent_C_2147482365
81.006905,Right Hand Released,BrothParent_C_2147482365
81.874924,Right Hand Grab,BrothParent_C_2147482365
82.38356,Right Hand Released,BrothParent_C_2147482365
89.452919,Right Hand Grab,Tomato_Choppable_C_2147482382
90.275024,Left Hand Grab,Tomato_Choppable_C_2147482384
91.765343,Right Hand Released,Tomato_Choppable_C_2147482382
91.786423,Left Hand Released,Tomato_Choppable_C_2147482384
93.113686,Right Hand Grab,Knife_C_1
94.06546,Chopped,Tomato_Choppable_C_2147482384
94.705597,Chopped,Tomato_Choppable_C_2147482382
96.124443,Chopped,Tomato_TopHalf_Choppable_C_2147482353
99.097961,Right Hand Released,Knife_C_1
101.00827,Right Hand Grab,Tomato_BottomHalf_Choppable_C_2147482352
101.125229,Left Hand Grab,Tomato_BottomHalf_Choppable_C_2147482354
102.445801,Left Hand Released,Tomato_BottomHalf_Choppable_C_2147482354
103.178078,Right Hand Grab,Tomato_TopHalf_Choppable_C_2147482353
104.574913,Right Hand Released,Tomato_TopHalf_Choppable_C_2147482353
105.485306,Right Hand Grab,Tomato_BottomHalf_Choppable_C_2147482354
106.085106,Right Hand Released,Tomato_BottomHalf_Choppable_C_2147482354
106.329475,Right Hand Grab,Tomato_BottomHalf_Choppable_C_2147482354
108.351616,Right Hand Grab,Tomato_TopHalf_Choppable_C_2147482355
109.43615,Right Hand Released,Tomato_TopHalf_Choppable_C_2147482355
110.324593,Right Hand Grab,BeefStewCookbook_C_0
111.414108,Right Hand Grab,Tomato_TopHalf_Choppable_C_2147482355
120.401817,Left Hand Grab,Potato_Choppable_C_2147482397
122.300316,Left Hand Released,Potato_Choppable_C_2147482397
122.871353,Right Hand Grab,BeefStewCookbook_C_0
124.179703,Right Hand Grab,BeefStewCookbook_C_0
125.651718,Right Hand Grab,Potato_Choppable_C_2147482351
127.428566,Right Hand Released,Potato_Choppable_C_2147482351
128.273041,Right Hand Grab,Knife_C_1
129.002335,Chopped,Potato_Choppable_C_2147482351
129.657318,Chopped,Potato_Choppable_C_2147482397
132.761093,Chopped,Potato_TopHalf_Choppable_C_2147482347
133.558807,Right Hand Released,Knife_C_1
136.31781,Right Hand Grab,Potato_BottomHalf_Choppable_C_2147482344
136.362442,Left Hand Grab,Potato_BottomHalf_Choppable_C_2147482344
137.954651,Left Hand Released,Potato_BottomHalf_Choppable_C_2147482344
139.611954,Right Hand Grab,Potato_BottomHalf_Choppable_C_2147482346
140.87587,Right Hand Released,Potato_BottomHalf_Choppable_C_2147482346
141.804489,Right Hand Grab,Potato_TopHalf_Choppable_C_2147482347
143.94194,Right Hand Grab,Potato_TopHalf_Choppable_C_2147482345
150.568512,Right Hand Grab,BrothParent_C_2147482365
152.170288,Right Hand Released,BrothParent_C_2147482365
153.150177,Right Hand Grab,Onion_Choppable_C_2147482379
154.039078,Right Hand Released,Onion_Choppable_C_2147482379
154.990738,Right Hand Grab,Onion_Choppable_C_2147482343
156.148071,Right Hand Released,Onion_Choppable_C_2147482343
159.099152,Right Hand Grab,Knife_C_1
160.435989,Chopped,Onion_Choppable_C_2147482379
161.193985,Chopped,Onion_Choppable_C_2147482343
163.636948,Chopped,Onion_Peeled_C_2147482341
164.329819,Chopped,Onion_Peeled_C_2147482340
165.354385,Right Hand Released,Knife_C_1
166.54509,Left Hand Grab,Onion_Half_C_2147482337
168.675812,Left Hand Released,Onion_Half_C_2147482337
170.865891,Right Hand Grab,Onion_Half2_C_2147482338
171.923874,Right Hand Released,Onion_Half2_C_2147482338
172.571182,Right Hand Grab,Onion_Half2_C_2147482336
173.724686,Right Hand Released,Onion_Half2_C_2147482336
175.990158,Right Hand Grab,Onion_Half_C_2147482339
176.9953,Right Hand Released,Onion_Half_C_2147482339
185.545212,Right Hand Grab,BeefStewCookbook_C_0
195.319016,Right Hand Grab,None
196.544861,Right Hand Grab,BeefStewCookbook_C_0
198.168716,Right Hand Grab,BeefStewCookbook_C_0
201.558716,Left Hand Grab,Carrot_Choppable_C_2147482392
201.58049,Right Hand Grab,Carrot_Choppable_C_2147482392
202.643539,Right Hand Released,Carrot_Choppable_C_2147482392
202.763657,Left Hand Released,Carrot_Choppable_C_2147482392
203.287415,Right Hand Grab,Carrot_Choppable_C_2147482333
204.62529,Right Hand Released,Carrot_Choppable_C_2147482333
207.086945,Right Hand Grab,StirSpoon_C_2147482367
207.869141,Right Hand Released,StirSpoon_C_2147482367
208.401764,Right Hand Grab,Knife_C_1
209.294571,Right Hand Released,Knife_C_1
209.714005,Right Hand Grab,Knife_C_1
210.380997,Right Hand Released,Knife_C_1
210.649139,Right Hand Grab,Knife_C_1
211.204071,Right Hand Released,Knife_C_1
211.651215,Right Hand Grab,BrothParent_C_2147482365
212.69429,Right Hand Released,BrothParent_C_2147482365
213.428467,Right Hand Grab,Knife_C_1
214.370392,Chopped,Carrot_Choppable_C_2147482333
214.980286,Chopped,Carrot_Choppable_C_2147482392
216.9133,Chopped,CarrotTop_Choppable_C_2147482331
217.575592,Chopped,CarrotBotton_Choppable_C_2147482330
218.292526,Chopped,CarrotTop_Choppable_C_2147482329
218.794952,Right Hand Released,Knife_C_1
220.330139,Right Hand Grab,Knife_C_1
220.794464,Chopped,CarrotBottomQuarter2_Choppable_C_2147482324
221.494232,Chopped,CarrotBottomQuarter1_Choppable_C_2147482325
222.255417,Chopped,CarrotTopQuarter1_Choppable_C_2147482323
222.917923,Chopped,CarrotBottomQuarter1_Choppable_C_2147482325
223.55307,Chopped,CarrotBotton_Choppable_C_2147482328
224.651733,Right Hand Released,Knife_C_1
225.952164,Left Hand Grab,CarrotTopQuarter2_Choppable_C_2147482322
228.424835,Right Hand Grab,CarrotTopQuarter1_Choppable_C_2147482323
230.222687,Right Hand Grab,CarrotTopQuarter1_Choppable_C_2147482327
231.502502,Left Hand Grab,CarrotBottomQuarter1_Choppable_C_2147482325
232.502304,Left Hand Released,CarrotBottomQuarter1_Choppable_C_2147482325
233.10701,Right Hand Grab,CarrotTopQuarter2_Choppable_C_2147482326
234.592331,Left Hand Grab,CarrotBottomQuarter2_Choppable_C_2147482324
236.032364,Right Hand Grab,CarrotBottomQuarter2_Choppable_C_2147482320
237.607483,Left Hand Grab,CarrotBottomQuarter1_Choppable_C_2147482321
238.474518,Left Hand Released,CarrotBottomQuarter1_Choppable_C_2147482321
240.5345,Right Hand Grab,BeefStewCookbook_C_0
243.976608,Right Hand Grab,PepperShakerGrabable_C_2147482363
248.479752,Left Hand Grab,SaltShakerGrabable_C_2147482364
250.129608,Left Hand Released,SaltShakerGrabable_C_2147482364
251.395691,Right Hand Released,PepperShakerGrabable_C_2147482363
259.855225,Right Hand Grab,Knife_C_1
260.967926,Right Hand Released,Knife_C_1
261.703339,Right Hand Grab,PepperShakerGrabable_C_2147482363
264.503326,Right Hand Released,PepperShakerGrabable_C_2147482363
266.443207,Right Hand Grab,BeefStewCookbook_C_0
268.308746,Right Hand Grab,SaltShakerGrabable_C_2147482364
272.278473,Right Hand Released,SaltShakerGrabable_C_2147482364
282.980682,Right Hand Grab,BeefStewCookbook_C_0
287.792206,Right Hand Grab,StirSpoon_C_2147482367
298.4086,Right Hand Released,StirSpoon_C_2147482367
302.233734,Right Hand Grab,BeefStewCookbook_C_0
317.048218,Right Hand Grab,None
318.568268,Right Hand Grab,None
319.456543,Right Hand Grab,None
331.296173,Right Hand Grab,None
338.110718,Right Hand Grab,SaltShakerGrabable_C_2147482364
339.399597,Right Hand Released,SaltShakerGrabable_C_2147482364
341.576813,Right Hand Grab,None
343.577087,Right Hand Grab,None
347.639771,Right Hand Grab,None
348.687195,Right Hand Grab,StaticMeshActor_83
349.043396,Right Hand Released,StaticMeshActor_83
349.221619,Right Hand Grab,None
368.71582,Right Hand Grab,None
382.972534,Right Hand Grab,None
384.575317,Right Hand Grab,BeefStewCookbook_C_0
385.3125,Left Hand Grab,None
386.824097,Left Hand Grab,None
386.913177,Right Hand Grab,BeefStewCookbook_C_0
