Session Time,Action Type,Interacted Object
7.147973,Right Hand Grab,BeefStewCookbook_C_0
37.26907,Right Hand Grab,None
38.538105,Right Hand Grab,BrothParent_C_2147482365
53.443485,Right Hand Released,BrothParent_C_2147482365
55.417454,Right Hand Grab,None
56.528477,Right Hand Grab,BrothParent_C_2147482365
58.374146,Right Hand Released,BrothParent_C_2147482365
59.508736,Right Hand Grab,None
60.355968,Right Hand Grab,BrothParent_C_2147482365
61.244267,Right Hand Released,BrothParent_C_2147482365
63.680935,Right Hand Grab,None
65.017937,Right Hand Grab,BeefStewCookbook_C_0
76.693001,Right Hand Grab,Meat_Choppable_C_2147482387
78.386566,Right Hand Released,Meat_Choppable_C_2147482387
79.415741,Right Hand Grab,Meat_Choppable_C_2147482387
80.65625,Right Hand Released,Meat_Choppable_C_2147482387
83.921616,Right Hand Grab,Knife_C_1
86.967911,Chopped,Meat_Choppable_C_2147482387
88.030899,Chopped,Meat_HalfLeft_Choppable_C_2147482358
88.265099,Right Hand Released,Knife_C_1
91.030609,Right Hand Grab,Knife_C_1
91.530182,Right Hand Released,Knife_C_1
92.664658,Right Hand Grab,Knife_C_1
93.531219,Chopped,Meat_QuarterLeft1_C_2147482354
94.896523,Chopped,Meat_HalfRight_Choppable_C_2147482357
95.79538,Chopped,Meat_QuarterRight2_C_2147482351
96.428337,Chopped,Meat_QuarterLeft1_C_2147482354
96.595245,Right Hand Released,Knife_C_1
98.06147,Right Hand Grab,Knife_C_1
98.16153,Chopped,Meat_QuarterRight1_C_2147482352
99.862389,Chopped,Meat_QuarterLeft1_C_2147482354
101.594841,Chopped,Meat_QuarterLeft1_C_2147482354
101.76149,Right Hand Released,Knife_C_1
102.596359,Right Hand Grab,Knife_C_1
103.530426,Chopped,Meat_QuarterLeft1_C_2147482354
104.228638,Chopped,Meat_QuarterLeft2_C_2147482353
105.428261,Right Hand Released,Knife_C_1
105.994705,Right Hand Grab,Knife_C_1
106.161087,Right Hand Released,Knife_C_1
106.693031,Right Hand Grab,Knife_C_1
107.026398,Chopped,Meat_QuarterRight2_C_2147482351
107.359375,Right Hand Released,Knife_C_1
107.459976,Right Hand Grab,Knife_C_1
107.627594,Chopped,Meat_QuarterRight1_C_2147482352
107.694038,Right Hand Released,Knife_C_1
108.660301,Right Hand Grab,Knife_C_1
108.794243,Chopped,Meat_QuarterLeft2_C_2147482353
110.060532,Chopped,Meat_QuarterLeft1_C_2147482354
112.860062,Chopped,Meat_QuarterLeft1_C_2147482354
113.761002,Chopped,Meat_QuarterLeft1_C_2147482354
115.259171,Chopped,Meat_QuarterLeft1_C_2147482354
116.494957,Right Hand Released,Knife_C_1
117.658264,Right Hand Grab,Knife_C_1
118.192741,Right Hand Released,Knife_C_1
118.259033,Right Hand Grab,Knife_C_1
119.983101,Right Hand Released,Knife_C_1
122.615997,Right Hand Grab,Meat_QuarterRight2_C_2147482351
123.730911,Right Hand Released,Meat_QuarterRight2_C_2147482351
124.790367,Right Hand Grab,Meat_QuarterRight1_C_2147482352
126.122543,Right Hand Released,Meat_QuarterRight1_C_2147482352
126.710678,Right Hand Grab,Meat_QuarterLeft1_C_2147482354
127.652779,Right Hand Released,Meat_QuarterLeft1_C_2147482354
131.971283,Right Hand Grab,Meat_QuarterLeft1_C_2147482354
133.271332,Right Hand Released,Meat_QuarterLeft1_C_2147482354
135.859985,Right Hand Grab,Meat_QuarterLeft2_C_2147482353
137.010742,Right Hand Released,Meat_QuarterLeft2_C_2147482353
138.237259,Right Hand Grab,Meat_QuarterRight2_C_2147482351
139.523895,Right Hand Released,Meat_QuarterRight2_C_2147482351
140.980133,Right Hand Grab,BeefStewCookbook_C_0
141.896759,Right Hand Grab,BeefStewCookbook_C_0
143.333084,Right Hand Grab,Meat_QuarterRight2_C_2147482351
144.036575,Right Hand Released,Meat_QuarterRight2_C_2147482351
144.102921,Right Hand Grab,Meat_QuarterRight2_C_2147482351
144.503326,Right Hand Released,Meat_QuarterRight2_C_2147482351
146.431808,Right Hand Grab,None
148.505142,Right Hand Grab,Meat_QuarterRight2_C_2147482351
151.619415,Right Hand Grab,Meat_QuarterRight1_C_2147482352
153.104202,Right Hand Released,Meat_QuarterRight1_C_2147482352
155.261032,Right Hand Grab,Meat_Choppable_C_2147482359
156.581924,Right Hand Released,Meat_Choppable_C_2147482359
157.675079,Right Hand Grab,Knife_C_1
159.056122,Chopped,Meat_Choppable_C_2147482359
160.140549,Chopped,Meat_HalfRight_Choppable_C_2147482348
161.544632,Chopped,Meat_HalfLeft_Choppable_C_2147482349
162.414459,Chopped,Meat_QuarterLeft2_C_2147482344
163.788239,Right Hand Released,Knife_C_1
164.791779,Right Hand Grab,Meat_QuarterRight1_C_2147482347
166.092468,Right Hand Released,Meat_QuarterRight1_C_2147482347
167.060745,Right Hand Grab,Meat_QuarterLeft2_C_2147482344
169.027161,Right Hand Grab,Meat_QuarterRight2_C_2147482346
170.158112,Right Hand Released,Meat_QuarterRight2_C_2147482346
170.926514,Right Hand Grab,Meat_QuarterLeft1_C_2147482345
177.874939,Right Hand Grab,BeefStewCookbook_C_0
179.789291,Right Hand Grab,None
180.784393,Right Hand Grab,BeefStewCookbook_C_0
182.945099,Right Hand Grab,BeefStewCookbook_C_0
187.14151,Right Hand Grab,Onion_Choppable_C_2147482379
188.47139,Right Hand Released,Onion_Choppable_C_2147482379
189.49202,Right Hand Grab,Knife_C_1
190.73494,Chopped,Onion_Choppable_C_2147482379
191.194717,Right Hand Released,Knife_C_1
192.369339,Right Hand Grab,Onion_Peeled_C_2147482340
193.509796,Right Hand Released,Onion_Peeled_C_2147482340
198.688034,Right Hand Grab,Onion_Choppable_C_2147482341
200.474335,Right Hand Released,Onion_Choppable_C_2147482341
201.688553,Right Hand Grab,Knife_C_1
202.91745,Chopped,Onion_Choppable_C_2147482341
205.447144,Right Hand Released,Knife_C_1
206.280991,Right Hand Grab,Knife_C_1
207.209229,Chopped,Onion_Peeled_C_2147482338
209.309875,Right Hand Released,Knife_C_1
210.461151,Right Hand Grab,Onion_Half_C_2147482337
211.959,Right Hand Released,Onion_Half_C_2147482337
213.227188,Right Hand Grab,Onion_Half2_C_2147482336
214.595383,Right Hand Released,Onion_Half2_C_2147482336
216.776413,Right Hand Grab,Onion_Choppable_C_2147482339
218.086105,Right Hand Released,Onion_Choppable_C_2147482339
219.091812,Right Hand Grab,Knife_C_1
220.592087,Chopped,Onion_Choppable_C_2147482339
221.459045,Chopped,Onion_Peeled_C_2147482334
222.354095,Chopped,Onion_Peeled_C_2147482334
224.260956,Right Hand Released,Knife_C_1
225.310883,Right Hand Grab,Onion_Half2_C_2147482332
226.560059,Right Hand Released,Onion_Half2_C_2147482332
227.50238,Right Hand Grab,Onion_Half_C_2147482333
228.8237,Right Hand Released,Onion_Half_C_2147482333
232.221024,Right Hand Grab,BeefStewCookbook_C_0
235.054489,Right Hand Grab,Tomato_Choppable_C_2147482384
236.503006,Right Hand Released,Tomato_Choppable_C_2147482384
237.571182,Right Hand Grab,Knife_C_1
238.667801,Chopped,Tomato_Choppable_C_2147482384
240.055847,Right Hand Released,Knife_C_1
241.244507,Right Hand Grab,Tomato_Choppable_C_2147482331
242.961365,Right Hand Released,Tomato_Choppable_C_2147482331
243.962341,Right Hand Grab,StaticMeshActor_84
245.366318,Right Hand Released,StaticMeshActor_84
246.625824,Right Hand Grab,StaticMeshActor_84
247.62352,Right Hand Released,StaticMeshActor_84
248.428741,Right Hand Grab,Knife_C_1
249.50827,Chopped,Tomato_Choppable_C_2147482331
250.419327,Chopped,Tomato_TopHalf_Choppable_C_2147482327
250.989441,Chopped,Tomato_TopHalf_Choppable_C_2147482327
252.487808,Right Hand Released,Knife_C_1
253.412247,Right Hand Grab,Tomato_TopHalf_Choppable_C_2147482330
254.619858,Right Hand Released,Tomato_TopHalf_Choppable_C_2147482330
255.38504,Right Hand Grab,Tomato_BottomHalf_Choppable_C_2147482329
256.382904,Right Hand Released,Tomato_BottomHalf_Choppable_C_2147482329
257.052551,Left Hand Grab,Tomato_TopHalf_Choppable_C_2147482327
258.456055,Left Hand Released,Tomato_TopHalf_Choppable_C_2147482327
259.32663,Left Hand Grab,StaticMeshActor_31
260.46344,Left Hand Released,StaticMeshActor_31
261.463715,Left Hand Grab,Tomato_BottomHalf_Choppable_C_2147482326
261.865387,Left Hand Released,Tomato_BottomHalf_Choppable_C_2147482326
262.199005,Left Hand Grab,Meat_Choppable_C_2147482350
263.302643,Left Hand Released,Meat_Choppable_C_2147482350
263.963989,Left Hand Grab,Tomato_BottomHalf_Choppable_C_2147482326
265.430817,Left Hand Released,Tomato_BottomHalf_Choppable_C_2147482326
266.310669,Left Hand Grab,Tomato_BottomHalf_Choppable_C_2147482326
266.555878,Left Hand Released,Tomato_BottomHalf_Choppable_C_2147482326
266.80304,Left Hand Grab,Tomato_BottomHalf_Choppable_C_2147482326
267.640747,Left Hand Released,Tomato_BottomHalf_Choppable_C_2147482326
269.61438,Right Hand Grab,BeefStewCookbook_C_0
270.619049,Right Hand Grab,BeefStewCookbook_C_0
273.309967,Right Hand Grab,None
274.462524,Right Hand Grab,Carrot_Choppable_C_2147482392
275.877167,Right Hand Released,Carrot_Choppable_C_2147482392
277.362427,Right Hand Grab,Carrot_Choppable_C_2147482321
278.948914,Right Hand Released,Carrot_Choppable_C_2147482321
280.41748,Right Hand Grab,StaticMeshActor_23
281.137451,Right Hand Released,StaticMeshActor_23
282.052399,Right Hand Grab,Knife_C_1
283.410645,Chopped,Carrot_Choppable_C_2147482321
284.284698,Chopped,CarrotTop_Choppable_C_2147482317
284.915405,Chopped,Carrot_Choppable_C_2147482392
286.651794,Right Hand Released,Knife_C_1
289.754456,Right Hand Grab,CarrotBotton_Choppable_C_2147482316
290.525726,Right Hand Released,CarrotBotton_Choppable_C_2147482316
291.313843,Right Hand Grab,CarrotBotton_Choppable_C_2147482314
292.109619,Right Hand Released,CarrotBotton_Choppable_C_2147482314
292.913025,Right Hand Grab,CarrotTop_Choppable_C_2147482315
293.712708,Right Hand Released,CarrotTop_Choppable_C_2147482315
294.616302,Right Hand Grab,CarrotTop_Choppable_C_2147482317
295.421448,Right Hand Released,CarrotTop_Choppable_C_2147482317
302.437042,Right Hand Grab,BeefStewCookbook_C_0
304.280029,Right Hand Grab,BeefStewCookbook_C_0
306.419617,Right Hand Grab,BeefStewCookbook_C_0
311.150513,Right Hand Grab,BeefStewCookbook_C_0
312.442657,Right Hand Grab,BeefStewCookbook_C_0
313.642426,Right Hand Grab,None
314.68985,Right Hand Grab,None
318.392609,Right Hand Grab,BeefStewCookbook_C_0
320.103485,Right Hand Grab,BeefStewCookbook_C_0
321.947449,Right Hand Grab,Meat_Choppable_C_2147482386
323.499878,Right Hand Released,Meat_Choppable_C_2147482386
326.847717,Right Hand Grab,Potato_Choppable_C_2147482397
328.496094,Right Hand Released,Potato_Choppable_C_2147482397
331.661133,Right Hand Grab,Potato_Choppable_C_2147482312
333.205353,Right Hand Released,Potato_Choppable_C_2147482312
334.301086,Right Hand Grab,Knife_C_1
335.618591,Chopped,Potato_Choppable_C_2147482397
336.533966,Chopped,Potato_BottomHalf_Choppable_C_2147482309
337.171844,Chopped,Potato_Choppable_C_2147482312
338.041626,Chopped,Potato_BottomHalf_Choppable_C_2147482309
338.67514,Chopped,Potato_BottomHalf_Choppable_C_2147482309
339.245331,Chopped,Potato_BottomHalf_Choppable_C_2147482309
339.7789,Chopped,Potato_TopHalf_Choppable_C_2147482308
340.671295,Chopped,Potato_BottomHalf_Choppable_C_2147482309
341.41153,Right Hand Released,Knife_C_1
342.351715,Right Hand Grab,Potato_BottomHalf_Choppable_C_2147482307
343.437164,Right Hand Released,Potato_BottomHalf_Choppable_C_2147482307
344.639191,Right Hand Grab,Potato_TopHalf_Choppable_C_2147482308
345.425354,Right Hand Released,Potato_TopHalf_Choppable_C_2147482308
346.338654,Left Hand Grab,None
346.439026,Right Hand Grab,Potato_BottomHalf_Choppable_C_2147482309
347.406189,Left Hand Grab,Potato_TopHalf_Choppable_C_2147482310
348.476257,Right Hand Released,Potato_BottomHalf_Choppable_C_2147482309
348.509766,Left Hand Released,Potato_TopHalf_Choppable_C_2147482310
351.429962,Right Hand Grab,BeefStewCookbook_C_0
354.766449,Left Hand Grab,Carrot_Choppable_C_2147482320
354.788483,Right Hand Grab,Carrot_Choppable_C_2147482389
356.248016,Right Hand Released,Carrot_Choppable_C_2147482389
356.248016,Left Hand Released,Carrot_Choppable_C_2147482320
357.249176,Right Hand Grab,StirSpoon_C_2147482367
358.00293,Right Hand Released,StirSpoon_C_2147482367
359.095093,Right Hand Grab,Knife_C_1
360.633118,Chopped,Carrot_Choppable_C_2147482320
361.392426,Chopped,CarrotBotton_Choppable_C_2147482301
362.190094,Chopped,Carrot_Choppable_C_2147482389
363.458069,Right Hand Released,Knife_C_1
365.009857,Left Hand Grab,CarrotTop_Choppable_C_2147482302
365.009857,Right Hand Grab,CarrotBotton_Choppable_C_2147482299
365.984406,Left Hand Released,CarrotTop_Choppable_C_2147482302
366.018066,Right Hand Released,CarrotBotton_Choppable_C_2147482299
366.980072,Left Hand Grab,CarrotTop_Choppable_C_2147482300
366.980072,Right Hand Grab,CarrotTop_Choppable_C_2147482300
367.713165,Left Hand Released,CarrotTop_Choppable_C_2147482300
368.150208,Left Hand Grab,CarrotTop_Choppable_C_2147482300
368.717194,Left Hand Released,CarrotTop_Choppable_C_2147482300
369.720367,Right Hand Released,CarrotTop_Choppable_C_2147482300
370.885498,Right Hand Grab,CarrotBotton_Choppable_C_2147482301
372.355652,Right Hand Released,CarrotBotton_Choppable_C_2147482301
376.061127,Right Hand Grab,None
377.570801,Right Hand Grab,BeefStewCookbook_C_0
379.444458,Right Hand Grab,BeefStewCookbook_C_0
382.627869,Left Hand Grab,Carrot_Choppable_C_2147482303
384.129974,Left Hand Released,Carrot_Choppable_C_2147482303
385.265778,Right Hand Grab,Knife_C_1
386.623657,Chopped,Carrot_Choppable_C_2147482303
387.508545,Chopped,CarrotTop_Choppable_C_2147482297
388.300873,Chopped,CarrotTop_Choppable_C_2147482297
389.068268,Chopped,CarrotBotton_Choppable_C_2147482296
390.772125,Right Hand Released,Knife_C_1
392.108673,Left Hand Grab,CarrotTopQuarter1_Choppable_C_2147482295
392.165802,Right Hand Grab,CarrotBottomQuarter2_Choppable_C_2147482292
393.782135,Left Hand Released,CarrotTopQuarter1_Choppable_C_2147482295
393.814819,Right Hand Released,CarrotBottomQuarter2_Choppable_C_2147482292
395.401886,Left Hand Grab,CarrotTopQuarter2_Choppable_C_2147482294
395.4552,Right Hand Grab,CarrotTopQuarter2_Choppable_C_2147482294
397.965057,Left Hand Released,CarrotTopQuarter2_Choppable_C_2147482294
398.542084,Right Hand Released,CarrotTopQuarter2_Choppable_C_2147482294
399.161011,Left Hand Grab,None
399.33844,Right Hand Grab,None
402.147247,Right Hand Grab,None
404.254395,Right Hand Grab,CarrotBottomQuarter1_Choppable_C_2147482293
405.720886,Right Hand Released,CarrotBottomQuarter1_Choppable_C_2147482293
408.345947,Right Hand Grab,StaticMeshActor_104
409.77005,Right Hand Released,StaticMeshActor_104
411.084137,Right Hand Grab,None
412.18689,Right Hand Grab,CarrotTopQuarter2_Choppable_C_2147482294
414.424713,Right Hand Released,CarrotTopQuarter2_Choppable_C_2147482294
415.73584,Right Hand Grab,Carrot_Choppable_C_2147482298
417.365143,Right Hand Released,Carrot_Choppable_C_2147482298
418.516602,Right Hand Grab,Knife_C_1
419.720032,Chopped,Carrot_Choppable_C_2147482298
420.515717,Chopped,CarrotBotton_Choppable_C_2147482289
421.277618,Chopped,CarrotBotton_Choppable_C_2147482289
422.308411,Chopped,CarrotBottomQuarter2_Choppable_C_2147482287
423.12738,Chopped,CarrotTop_Choppable_C_2147482290
424.772675,Right Hand Released,Knife_C_1
425.72522,Left Hand Grab,CarrotTopQuarter1_Choppable_C_2147482286
425.836914,Right Hand Grab,StaticMeshActor_84
426.79541,Right Hand Released,StaticMeshActor_84
427.569275,Right Hand Grab,CarrotBottomQuarter1_Choppable_C_2147482288
429.14389,Right Hand Released,CarrotBottomQuarter1_Choppable_C_2147482288
429.21048,Left Hand Released,CarrotTopQuarter1_Choppable_C_2147482286
430.380341,Left Hand Grab,CarrotTopQuarter2_Choppable_C_2147482285
430.446838,Right Hand Grab,CarrotBottomQuarter2_Choppable_C_2147482287
432.08316,Right Hand Released,CarrotBottomQuarter2_Choppable_C_2147482287
432.08316,Left Hand Released,CarrotTopQuarter2_Choppable_C_2147482285
434.993866,Right Hand Grab,BeefStewCookbook_C_0
437.223389,Right Hand Grab,StaticMeshActor_84
439.089386,Right Hand Released,StaticMeshActor_84
440.174622,Right Hand Grab,PepperShakerGrabable_C_2147482363
445.283661,Right Hand Released,PepperShakerGrabable_C_2147482363
446.574341,Right Hand Grab,SaltShakerGrabable_C_2147482364
451.397888,Right Hand Released,SaltShakerGrabable_C_2147482364
452.690125,Right Hand Grab,StaticMeshActor_84
453.889984,Right Hand Released,StaticMeshActor_84
454.751678,Right Hand Grab,SaltShakerGrabable_C_2147482364
455.229095,Right Hand Released,SaltShakerGrabable_C_2147482364
456.624359,Right Hand Grab,SaltShakerGrabable_C_2147482364
457.128204,Right Hand Released,SaltShakerGrabable_C_2147482364
457.895752,Right Hand Grab,PepperShakerGrabable_C_2147482363
459.528168,Right Hand Released,PepperShakerGrabable_C_2147482363
460.732117,Right Hand Grab,SaltShakerGrabable_C_2147482364
460.887634,Right Hand Released,SaltShakerGrabable_C_2147482364
467.088715,Right Hand Grab,StirSpoon_C_2147482367
472.626556,Right Hand Released,StirSpoon_C_2147482367
473.865356,Right Hand Grab,BeefStewCookbook_C_0
475.730652,Right Hand Grab,StirSpoon_C_2147482367
481.880676,Right Hand Released,StirSpoon_C_2147482367
499.893738,Left Hand Grab,None
501.336914,Left Hand Grab,None
502.421204,Right Hand Grab,None
503.534454,Right Hand Grab,oven_C_1
504.597443,Right Hand Grab,oven_C_1
508.530945,Right Hand Grab,NewLadle_C_2147482282
510.435608,Left Hand Grab,Meat_Choppable_C_2147482386
511.772003,Left Hand Released,Meat_Choppable_C_2147482386
520.065735,Right Hand Released,NewLadle_C_2147482282
522.299927,Left Hand Grab,StewBowl_C_2147482280
522.299927,Right Hand Grab,StewBowl_C_2147482280
526.122498,Left Hand Released,StewBowl_C_2147482280
526.145508,Right Hand Released,StewBowl_C_2147482280
526.61145,Left Hand Grab,StewBowl_C_2147482280
526.656006,Right Hand Grab,StewBowl_C_2147482280
528.616455,Left Hand Released,StewBowl_C_2147482280
528.661743,Right Hand Released,StewBowl_C_2147482280
