Session Time,Action Type,Interacted Object
8.87289,Right Hand Grab,BeefStewCookbook_C_0
23.448008,Right Hand Grab,BrothParent_C_2147482365
38.253365,Right Hand Released,BrothParent_C_2147482365
40.127579,Right Hand Grab,None
41.367043,Right Hand Grab,BeefStewCookbook_C_0
46.493202,Left Hand Grab,Meat_Choppable_C_2147482387
48.022903,Left Hand Released,Meat_Choppable_C_2147482387
49.25713,Left Hand Grab,Meat_Choppable_C_2147482359
50.82222,Left Hand Released,Meat_Choppable_C_2147482359
52.744396,Right Hand Grab,Knife_C_1
53.834225,Chopped,Meat_Choppable_C_2147482387
54.585697,Chopped,Meat_Choppable_C_2147482359
55.491261,Chopped,Meat_HalfLeft_Choppable_C_2147482357
56.157276,Chopped,Meat_QuarterLeft2_C_2147482352
59.868382,Chopped,Meat_QuarterLeft2_C_2147482352
60.797081,Chopped,Meat_QuarterLeft2_C_2147482352
62.293915,Chopped,Meat_HalfRight_Choppable_C_2147482354
63.330315,Chopped,Meat_QuarterLeft1_C_2147482353
64.031166,Chopped,Meat_QuarterLeft1_C_2147482353
65.765366,Right Hand Released,Knife_C_1
66.566422,Right Hand Grab,Meat_QuarterLeft2_C_2147482352
68.266022,Right Hand Released,Meat_QuarterLeft2_C_2147482352
68.964218,Right Hand Grab,Meat_QuarterRight1_C_2147482349
71.03112,Right Hand Released,Meat_QuarterRight1_C_2147482349
72.331253,Right Hand Grab,Meat_HalfRight_Choppable_C_2147482356
73.697197,Right Hand Released,Meat_HalfRight_Choppable_C_2147482356
74.73011,Right Hand Grab,Knife_C_1
75.763313,Chopped,Meat_HalfRight_Choppable_C_2147482356
77.496239,Right Hand Released,Knife_C_1
78.596359,Right Hand Grab,Meat_QuarterRight2_C_2147482346
81.379234,Right Hand Released,Meat_QuarterRight2_C_2147482346
83.021973,Right Hand Grab,Meat_QuarterRight1_C_2147482347
84.547379,Right Hand Released,Meat_QuarterRight1_C_2147482347
85.621284,Right Hand Grab,Meat_QuarterLeft1_C_2147482353
87.119827,Right Hand Released,Meat_QuarterLeft1_C_2147482353
88.21196,Right Hand Grab,Meat_QuarterRight2_C_2147482348
90.084534,Right Hand Released,Meat_QuarterRight2_C_2147482348
91.255272,Right Hand Grab,Meat_QuarterLeft2_C_2147482352
92.862579,Right Hand Released,Meat_QuarterLeft2_C_2147482352
94.065453,Right Hand Grab,Meat_QuarterRight1_C_2147482349
95.701286,Right Hand Released,Meat_QuarterRight1_C_2147482349
97.201607,Right Hand Grab,Knife_C_1
98.038826,Chopped,Meat_HalfLeft_Choppable_C_2147482355
101.248116,Right Hand Released,Knife_C_1
102.358452,Right Hand Grab,Meat_QuarterLeft1_C_2147482345
103.991447,Right Hand Released,Meat_QuarterLeft1_C_2147482345
105.110565,Right Hand Grab,Meat_QuarterLeft2_C_2147482344
106.521194,Right Hand Released,Meat_QuarterLeft2_C_2147482344
108.056976,Right Hand Grab,None
108.727623,Right Hand Grab,BeefStewCookbook_C_0
113.397545,Right Hand Grab,None
114.564156,Right Hand Grab,Onion_Choppable_C_2147482375
117.9086,Right Hand Released,Onion_Choppable_C_2147482375
119.364197,Right Hand Grab,Onion_Choppable_C_2147482379
121.06424,Right Hand Released,Onion_Choppable_C_2147482379
121.893608,Right Hand Grab,Knife_C_1
122.792809,Chopped,Onion_Choppable_C_2147482379
124.095528,Chopped,Onion_Peeled_C_2147482339
125.062897,Chopped,Onion_Choppable_C_2147482375
125.768517,Chopped,Onion_Peeled_C_2147482336
126.665314,Chopped,Onion_Peeled_C_2147482336
128.16394,Right Hand Released,Knife_C_1
129.806335,Right Hand Grab,Onion_Half2_C_2147482337
129.955551,Left Hand Grab,Onion_Half_C_2147482335
131.924759,Left Hand Released,Onion_Half_C_2147482335
132.452103,Right Hand Released,Onion_Half2_C_2147482337
132.818863,Right Hand Grab,Onion_Half2_C_2147482337
134.519012,Right Hand Released,Onion_Half2_C_2147482337
135.686172,Left Hand Grab,Onion_Half_C_2147482338
137.285248,Left Hand Released,Onion_Half_C_2147482338
138.518127,Right Hand Grab,Onion_Half2_C_2147482334
140.017288,Right Hand Released,Onion_Half2_C_2147482334
142.98996,Right Hand Grab,BeefStewCookbook_C_0
149.982925,Right Hand Grab,None
151.141953,Right Hand Grab,Tomato_Choppable_C_2147482384
153.51622,Right Hand Released,Tomato_Choppable_C_2147482384
155.607224,Right Hand Grab,Tomato_Choppable_C_2147482331
157.294556,Right Hand Released,Tomato_Choppable_C_2147482331
157.934586,Right Hand Grab,Knife_C_1
158.630661,Chopped,Tomato_Choppable_C_2147482331
161.034775,Chopped,Tomato_Choppable_C_2147482384
163.468521,Right Hand Released,Knife_C_1
164.435501,Right Hand Grab,Tomato_TopHalf_Choppable_C_2147482329
169.51416,Right Hand Released,Tomato_TopHalf_Choppable_C_2147482329
170.433319,Right Hand Grab,Tomato_BottomHalf_Choppable_C_2147482328
171.221909,Right Hand Released,Tomato_BottomHalf_Choppable_C_2147482328
173.356873,Right Hand Grab,Tomato_TopHalf_Choppable_C_2147482327
174.952438,Right Hand Released,Tomato_TopHalf_Choppable_C_2147482327
175.989059,Right Hand Grab,Tomato_BottomHalf_Choppable_C_2147482326
177.515091,Right Hand Released,Tomato_BottomHalf_Choppable_C_2147482326
180.387299,Right Hand Grab,Tomato_Choppable_C_2147482330
182.010727,Right Hand Released,Tomato_Choppable_C_2147482330
182.683914,Right Hand Grab,Knife_C_1
183.350525,Chopped,Tomato_Choppable_C_2147482330
184.216217,Right Hand Released,Knife_C_1
186.32016,Right Hand Grab,Tomato_BottomHalf_Choppable_C_2147482321
187.652679,Right Hand Released,Tomato_BottomHalf_Choppable_C_2147482321
188.565399,Right Hand Grab,Tomato_TopHalf_Choppable_C_2147482322
190.631485,Right Hand Released,Tomato_TopHalf_Choppable_C_2147482322
194.329315,Right Hand Grab,BeefStewCookbook_C_0
195.818604,Right Hand Grab,BeefStewCookbook_C_0
199.472565,Left Hand Grab,BeefStewCookbook_C_0
202.324509,Left Hand Grab,Potato_Choppable_C_2147482396
205.324783,Left Hand Released,Potato_Choppable_C_2147482396
206.423355,Left Hand Grab,Potato_Choppable_C_2147482397
208.261078,Left Hand Released,Potato_Choppable_C_2147482397
208.989624,Right Hand Grab,Knife_C_1
209.614853,Chopped,Potato_Choppable_C_2147482397
210.37027,Chopped,Potato_TopHalf_Choppable_C_2147482318
211.065857,Chopped,Potato_TopHalf_Choppable_C_2147482318
211.965714,Chopped,Potato_TopHalf_Choppable_C_2147482318
212.903519,Chopped,Potato_Choppable_C_2147482396
214.240616,Left Hand Grab,Potato_TopHalf_Choppable_C_2147482316
217.213959,Left Hand Released,Potato_TopHalf_Choppable_C_2147482316
218.557846,Left Hand Grab,Potato_BottomHalf_Choppable_C_2147482315
219.741714,Left Hand Released,Potato_BottomHalf_Choppable_C_2147482315
220.771988,Left Hand Grab,Potato_TopHalf_Choppable_C_2147482318
222.176193,Left Hand Released,Potato_TopHalf_Choppable_C_2147482318
223.212677,Left Hand Grab,Potato_BottomHalf_Choppable_C_2147482317
224.448074,Left Hand Released,Potato_BottomHalf_Choppable_C_2147482317
225.516876,Right Hand Released,Knife_C_1
227.560364,Right Hand Grab,BeefStewCookbook_C_0
230.004135,Left Hand Grab,None
232.136536,Left Hand Grab,Carrot_Choppable_C_2147482392
234.041504,Left Hand Released,Carrot_Choppable_C_2147482392
236.311966,Left Hand Grab,Carrot_Choppable_C_2147482388
238.702438,Left Hand Released,Carrot_Choppable_C_2147482388
239.76564,Right Hand Grab,Knife_C_1
240.636368,Chopped,Carrot_Choppable_C_2147482392
241.390991,Chopped,CarrotBotton_Choppable_C_2147482307
242.19812,Chopped,CarrotBotton_Choppable_C_2147482307
243.068146,Chopped,CarrotTop_Choppable_C_2147482308
244.272217,Right Hand Released,Knife_C_1
244.907944,Left Hand Grab,CarrotTopQuarter2_Choppable_C_2147482303
246.076111,Left Hand Released,CarrotTopQuarter2_Choppable_C_2147482303
247.009567,Left Hand Grab,CarrotTopQuarter1_Choppable_C_2147482304
247.907486,Left Hand Released,CarrotTopQuarter1_Choppable_C_2147482304
248.677933,Left Hand Grab,CarrotBottomQuarter2_Choppable_C_2147482305
249.609985,Left Hand Released,CarrotBottomQuarter2_Choppable_C_2147482305
250.443192,Left Hand Grab,CarrotBottomQuarter1_Choppable_C_2147482306
251.278046,Left Hand Released,CarrotBottomQuarter1_Choppable_C_2147482306
252.009949,Right Hand Grab,Knife_C_1
252.674789,Chopped,Carrot_Choppable_C_2147482388
253.340881,Chopped,CarrotTop_Choppable_C_2147482302
254.007965,Chopped,CarrotTop_Choppable_C_2147482302
254.774307,Chopped,CarrotBotton_Choppable_C_2147482301
255.807999,Right Hand Released,Knife_C_1
256.374939,Left Hand Grab,CarrotTopQuarter1_Choppable_C_2147482300
257.208344,Right Hand Grab,CarrotTopQuarter2_Choppable_C_2147482299
258.506195,Left Hand Released,CarrotTopQuarter1_Choppable_C_2147482300
258.639862,Right Hand Released,CarrotTopQuarter2_Choppable_C_2147482299
259.83963,Left Hand Grab,CarrotBottomQuarter2_Choppable_C_2147482297
260.540283,Right Hand Grab,CarrotBottomQuarter1_Choppable_C_2147482298
261.807892,Left Hand Released,CarrotBottomQuarter2_Choppable_C_2147482297
261.907654,Right Hand Released,CarrotBottomQuarter1_Choppable_C_2147482298
263.621277,Right Hand Grab,BeefStewCookbook_C_0
267.532532,Right Hand Grab,PepperShakerGrabable_C_2147482363
273.43573,Right Hand Released,PepperShakerGrabable_C_2147482363
274.106506,Right Hand Grab,SaltShakerGrabable_C_2147482364
279.139343,Right Hand Released,SaltShakerGrabable_C_2147482364
281.161865,Right Hand Grab,None
282.05365,Right Hand Grab,StirSpoon_C_2147482367
293.961212,Right Hand Released,StirSpoon_C_2147482367
296.525146,Right Hand Grab,BeefStewCookbook_C_0
304.34317,Left Hand Grab,NewLadle_C_2147482292
312.931183,Left Hand Released,NewLadle_C_2147482292
316.060333,Left Hand Grab,Meat_Choppable_C_2147482358
317.299225,Left Hand Released,Meat_Choppable_C_2147482358
318.205231,Left Hand Grab,NewLadle_C_2147482292
331.247986,Left Hand Released,NewLadle_C_2147482292
337.933899,Left Hand Grab,NewLadle_C_2147482292
348.104248,Left Hand Released,NewLadle_C_2147482292
350.956207,Right Hand Grab,BeefStewCookbook_C_0
357.336975,Left Hand Grab,StewBowl_C_2147482290
357.336975,Right Hand Grab,StewBowl_C_2147482290
