Session Time,Action Type,Interacted Object
99.596092,Right Hand Grab,BeefStewCookbook_C_0
160.330292,Right Hand Grab,None
161.176086,Right Hand Grab,BrothParent_C_2147482375
161.706924,Right Hand Released,BrothParent_C_2147482375
162.129105,Right Hand Grab,BrothParent_C_2147482375
180.336914,Right Hand Released,BrothParent_C_2147482375
187.826111,Right Hand Grab,None
189.181976,Right Hand Grab,BeefStewCookbook_C_0
194.692596,Right Hand Grab,Meat_Choppable_C_2147482397
195.867889,Right Hand Released,Meat_Choppable_C_2147482397
197.164658,Right Hand Grab,Knife_C_1
201.148193,Chopped,Meat_Choppable_C_2147482397
202.460312,Right Hand Released,Knife_C_1
203.018356,Right Hand Grab,Meat_HalfRight_Choppable_C_2147482365
204.258514,Right Hand Released,Meat_HalfRight_Choppable_C_2147482365
204.722031,Right Hand Grab,Knife_C_1
205.676254,Chopped,Meat_HalfRight_Choppable_C_2147482365
206.658478,Right Hand Released,Knife_C_1
208.277145,Right Hand Grab,Meat_QuarterRight2_C_2147482363
210.076096,Right Hand Released,Meat_QuarterRight2_C_2147482363
210.565338,Right Hand Grab,Meat_HalfLeft_Choppable_C_2147482366
212.225006,Right Hand Released,Meat_HalfLeft_Choppable_C_2147482366
212.909302,Right Hand Grab,Meat_QuarterRight2_C_2147482363
214.537277,Right Hand Released,Meat_QuarterRight2_C_2147482363
216.260498,Right Hand Grab,Meat_QuarterRight1_C_2147482364
218.101334,Right Hand Released,Meat_QuarterRight1_C_2147482364
223.569046,Right Hand Grab,Knife_C_1
224.677902,Chopped,Meat_HalfLeft_Choppable_C_2147482366
226.225449,Chopped,Meat_QuarterLeft2_C_2147482361
226.788773,Right Hand Released,Knife_C_1
227.322144,Right Hand Grab,Meat_QuarterLeft2_C_2147482361
228.725204,Right Hand Released,Meat_QuarterLeft2_C_2147482361
229.799286,Right Hand Grab,Meat_QuarterLeft1_C_2147482362
230.967834,Right Hand Released,Meat_QuarterLeft1_C_2147482362
235.625153,Right Hand Grab,Meat_Choppable_C_2147482367
237.164566,Right Hand Released,Meat_Choppable_C_2147482367
237.946518,Right Hand Grab,Knife_C_1
239.260635,Chopped,Meat_Choppable_C_2147482367
242.014587,Right Hand Released,Knife_C_1
242.52565,Right Hand Grab,Meat_HalfRight_Choppable_C_2147482356
243.655701,Right Hand Released,Meat_HalfRight_Choppable_C_2147482356
244.652603,Right Hand Grab,Meat_HalfLeft_Choppable_C_2147482357
245.603577,Right Hand Released,Meat_HalfLeft_Choppable_C_2147482357
255.629196,Right Hand Grab,Meat_Choppable_C_2147482360
256.859375,Right Hand Released,Meat_Choppable_C_2147482360
257.525696,Right Hand Grab,Knife_C_1
258.687866,Chopped,Meat_Choppable_C_2147482360
259.625519,Chopped,Meat_HalfRight_Choppable_C_2147482353
260.605255,Chopped,Meat_HalfLeft_Choppable_C_2147482354
261.63974,Chopped,Meat_QuarterLeft1_C_2147482352
262.747498,Right Hand Released,Knife_C_1
263.416687,Right Hand Grab,Meat_HalfRight_Choppable_C_2147482353
264.319885,Right Hand Released,Meat_HalfRight_Choppable_C_2147482353
264.787018,Right Hand Grab,Meat_HalfRight_Choppable_C_2147482353
265.588776,Right Hand Released,Meat_HalfRight_Choppable_C_2147482353
266.127472,Right Hand Grab,Knife_C_1
267.251953,Chopped,Meat_HalfRight_Choppable_C_2147482353
268.524353,Chopped,Meat_QuarterLeft2_C_2147482351
270.553192,Chopped,Meat_QuarterLeft2_C_2147482351
271.725464,Right Hand Released,Knife_C_1
272.566315,Right Hand Grab,Meat_QuarterRight2_C_2147482347
274.098846,Right Hand Released,Meat_QuarterRight2_C_2147482347
274.85144,Right Hand Grab,Meat_QuarterRight1_C_2147482348
275.876923,Right Hand Released,Meat_QuarterRight1_C_2147482348
276.765198,Right Hand Grab,Meat_QuarterLeft2_C_2147482351
278.031311,Right Hand Released,Meat_QuarterLeft2_C_2147482351
278.804138,Right Hand Grab,Meat_QuarterLeft1_C_2147482352
279.756317,Right Hand Released,Meat_QuarterLeft1_C_2147482352
283.947266,Right Hand Grab,BeefStewCookbook_C_0
287.872894,Right Hand Grab,Onion_Choppable_C_2147482385
289.4935,Right Hand Released,Onion_Choppable_C_2147482385
289.957153,Right Hand Grab,Knife_C_1
290.86734,Chopped,Onion_Choppable_C_2147482385
292.533569,Right Hand Released,Knife_C_1
293.063171,Right Hand Grab,Onion_Peeled_C_2147482343
293.641541,Right Hand Released,Onion_Peeled_C_2147482343
294.05954,Right Hand Grab,Knife_C_1
295.05954,Chopped,Onion_Peeled_C_2147482343
295.966583,Right Hand Released,Knife_C_1
296.499573,Right Hand Grab,Onion_Half2_C_2147482341
297.428497,Right Hand Released,Onion_Half2_C_2147482341
298.002655,Right Hand Grab,Onion_Half_C_2147482342
298.87384,Right Hand Released,Onion_Half_C_2147482342
299.707214,Right Hand Grab,Onion_Choppable_C_2147482344
306.277893,Right Hand Released,Onion_Choppable_C_2147482344
307.096436,Right Hand Grab,Knife_C_1
308.315643,Chopped,Onion_Choppable_C_2147482344
309.053833,Chopped,Onion_Peeled_C_2147482339
310.306641,Right Hand Released,Knife_C_1
310.839691,Right Hand Grab,Onion_Peeled_C_2147482339
311.508606,Right Hand Released,Onion_Peeled_C_2147482339
311.876038,Right Hand Grab,Knife_C_1
312.77887,Chopped,Onion_Peeled_C_2147482339
313.746613,Right Hand Released,Knife_C_1
314.383301,Right Hand Grab,Onion_Half_C_2147482338
315.818329,Right Hand Released,Onion_Half_C_2147482338
316.884705,Right Hand Grab,Onion_Half2_C_2147482337
318.251953,Right Hand Released,Onion_Half2_C_2147482337
319.715912,Right Hand Grab,Onion_Choppable_C_2147482340
321.238037,Right Hand Released,Onion_Choppable_C_2147482340
321.802399,Right Hand Grab,Knife_C_1
322.661377,Chopped,Onion_Choppable_C_2147482340
323.415405,Chopped,Onion_Peeled_C_2147482335
324.203247,Right Hand Released,Knife_C_1
324.703461,Right Hand Grab,Onion_Peeled_C_2147482335
325.407166,Right Hand Released,Onion_Peeled_C_2147482335
325.874908,Right Hand Grab,StaticMeshActor_84
326.759003,Right Hand Released,StaticMeshActor_84
327.226746,Right Hand Grab,Knife_C_1
328.02356,Chopped,Onion_Peeled_C_2147482335
329.129059,Right Hand Released,Knife_C_1
329.819458,Right Hand Grab,Onion_Half2_C_2147482333
331.195557,Right Hand Released,Onion_Half2_C_2147482333
332.198883,Right Hand Grab,Onion_Half_C_2147482334
333.668732,Right Hand Released,Onion_Half_C_2147482334
342.923706,Right Hand Grab,BeefStewCookbook_C_0
346.683838,Right Hand Grab,Tomato_Choppable_C_2147482390
348.480286,Right Hand Released,Tomato_Choppable_C_2147482390
349.098328,Right Hand Grab,Knife_C_1
349.961792,Chopped,Tomato_Choppable_C_2147482390
350.769562,Right Hand Released,Knife_C_1
351.339996,Right Hand Grab,Tomato_BottomHalf_Choppable_C_2147482330
353.531158,Right Hand Released,Tomato_BottomHalf_Choppable_C_2147482330
354.523285,Right Hand Grab,Tomato_TopHalf_Choppable_C_2147482331
355.962524,Right Hand Released,Tomato_TopHalf_Choppable_C_2147482331
357.466522,Right Hand Grab,Tomato_Choppable_C_2147482332
359.248901,Right Hand Released,Tomato_Choppable_C_2147482332
359.866669,Right Hand Grab,Knife_C_1
360.707214,Chopped,Tomato_Choppable_C_2147482332
361.374847,Right Hand Released,Knife_C_1
361.991577,Right Hand Grab,Tomato_BottomHalf_Choppable_C_2147482325
363.187408,Right Hand Released,Tomato_BottomHalf_Choppable_C_2147482325
364.810272,Right Hand Grab,Tomato_TopHalf_Choppable_C_2147482326
365.925995,Right Hand Released,Tomato_TopHalf_Choppable_C_2147482326
366.929199,Right Hand Grab,Knife_C_1
368.376862,Right Hand Released,Knife_C_1
369.668854,Right Hand Grab,BeefStewCookbook_C_0
372.899323,Right Hand Grab,Potato_Choppable_C_2147482407
374.564575,Right Hand Released,Potato_Choppable_C_2147482407
375.760864,Right Hand Grab,Potato_Choppable_C_2147482404
377.75235,Right Hand Released,Potato_Choppable_C_2147482404
378.459839,Right Hand Grab,Knife_C_1
379.389771,Chopped,Potato_Choppable_C_2147482407
380.350677,Chopped,Potato_Choppable_C_2147482404
381.233032,Right Hand Released,Knife_C_1
381.72226,Right Hand Grab,Potato_BottomHalf_Choppable_C_2147482321
382.755798,Right Hand Released,Potato_BottomHalf_Choppable_C_2147482321
383.458984,Right Hand Grab,Potato_TopHalf_Choppable_C_2147482322
384.261871,Right Hand Released,Potato_TopHalf_Choppable_C_2147482322
384.862579,Right Hand Grab,Potato_TopHalf_Choppable_C_2147482320
386.036041,Right Hand Released,Potato_TopHalf_Choppable_C_2147482320
386.935486,Right Hand Grab,Potato_BottomHalf_Choppable_C_2147482319
388.410187,Right Hand Released,Potato_BottomHalf_Choppable_C_2147482319
389.513367,Right Hand Grab,Potato_Choppable_C_2147482323
391.235443,Right Hand Released,Potato_Choppable_C_2147482323
391.835266,Right Hand Grab,Knife_C_1
392.509613,Chopped,Potato_Choppable_C_2147482323
393.545166,Right Hand Released,Knife_C_1
394.103882,Right Hand Grab,Potato_TopHalf_Choppable_C_2147482317
395.187897,Right Hand Released,Potato_TopHalf_Choppable_C_2147482317
396.326202,Right Hand Grab,Knife_C_1
397.34729,Right Hand Released,Knife_C_1
397.725769,Right Hand Grab,Potato_BottomHalf_Choppable_C_2147482316
398.343353,Right Hand Released,Potato_BottomHalf_Choppable_C_2147482316
399.450714,Right Hand Grab,BeefStewCookbook_C_0
402.191681,Right Hand Grab,Carrot_Choppable_C_2147482402
403.618347,Right Hand Released,Carrot_Choppable_C_2147482402
404.531036,Right Hand Grab,Carrot_Choppable_C_2147482315
406.141296,Right Hand Released,Carrot_Choppable_C_2147482315
406.575104,Right Hand Grab,Knife_C_1
407.511871,Chopped,Carrot_Choppable_C_2147482315
408.416382,Chopped,CarrotTop_Choppable_C_2147482313
409.352264,Chopped,CarrotBotton_Choppable_C_2147482312
410.421509,Chopped,Carrot_Choppable_C_2147482402
411.221802,Chopped,CarrotBotton_Choppable_C_2147482308
411.85498,Chopped,CarrotTop_Choppable_C_2147482309
413.088776,Right Hand Released,Knife_C_1
413.921875,Right Hand Grab,CarrotBotton_Choppable_C_2147482308
415.153076,Right Hand Released,CarrotBotton_Choppable_C_2147482308
415.586182,Right Hand Grab,CarrotTopQuarter1_Choppable_C_2147482307
416.687744,Right Hand Released,CarrotTopQuarter1_Choppable_C_2147482307
417.358917,Right Hand Grab,CarrotTopQuarter2_Choppable_C_2147482306
418.221527,Right Hand Released,CarrotTopQuarter2_Choppable_C_2147482306
419.887329,Right Hand Grab,CarrotBottomQuarter1_Choppable_C_2147482311
421.487152,Right Hand Released,CarrotBottomQuarter1_Choppable_C_2147482311
422.353058,Right Hand Grab,CarrotBottomQuarter2_Choppable_C_2147482310
423.487549,Right Hand Released,CarrotBottomQuarter2_Choppable_C_2147482310
424.319794,Right Hand Grab,CarrotTop_Choppable_C_2147482313
425.354584,Right Hand Released,CarrotTop_Choppable_C_2147482313
428.585815,Right Hand Grab,Knife_C_1
429.953583,Chopped,CarrotBotton_Choppable_C_2147482308
430.776855,Chopped,CarrotTop_Choppable_C_2147482313
432.102936,Right Hand Released,Knife_C_1
432.612427,Right Hand Grab,CarrotBottomQuarter2_Choppable_C_2147482304
433.852112,Right Hand Released,CarrotBottomQuarter2_Choppable_C_2147482304
435.075958,Right Hand Grab,CarrotBottomQuarter1_Choppable_C_2147482305
436.41275,Right Hand Released,CarrotBottomQuarter1_Choppable_C_2147482305
437.182007,Right Hand Grab,CarrotTopQuarter1_Choppable_C_2147482303
438.484283,Right Hand Released,CarrotTopQuarter1_Choppable_C_2147482303
439.385651,Right Hand Grab,CarrotTopQuarter2_Choppable_C_2147482302
440.61795,Right Hand Released,CarrotTopQuarter2_Choppable_C_2147482302
443.46637,Right Hand Grab,BeefStewCookbook_C_0
463.786438,Right Hand Grab,PepperShakerGrabable_C_2147482373
469.007111,Right Hand Released,PepperShakerGrabable_C_2147482373
469.84967,Right Hand Grab,PepperShakerGrabable_C_2147482373
474.296539,Right Hand Released,PepperShakerGrabable_C_2147482373
474.918671,Right Hand Grab,SaltShakerGrabable_C_2147482374
482.401794,Right Hand Released,SaltShakerGrabable_C_2147482374
484.759369,Right Hand Grab,StaticMeshActor_23
487.059204,Right Hand Released,StaticMeshActor_23
487.491852,Right Hand Grab,StaticMeshActor_23
488.047638,Right Hand Released,StaticMeshActor_23
488.806091,Right Hand Grab,StirSpoon_C_2147482377
490.339935,Right Hand Released,StirSpoon_C_2147482377
490.938721,Right Hand Grab,StirSpoon_C_2147482377
499.010254,Right Hand Released,StirSpoon_C_2147482377
501.62854,Right Hand Grab,BeefStewCookbook_C_0
504.430511,Right Hand Grab,None
506.989655,Right Hand Grab,NewLadle_C_2147482297
518.301025,Right Hand Released,NewLadle_C_2147482297
519.636841,Right Hand Grab,BeefStewCookbook_C_0
536.047852,Right Hand Grab,Exit_C_0
