Session Time,Action Type,Interacted Object
88.432007,Right Hand Grab,None
89.556389,Right Hand Grab,BeefStewCookbook_C_0
111.08699,Right Hand Grab,None
153.440659,Right Hand Grab,BrothParent_C_2147482363
168.27034,Right Hand Released,BrothParent_C_2147482363
181.254135,Right Hand Grab,None
184.678024,Right Hand Grab,BeefStewCookbook_C_0
193.83699,Right Hand Grab,Meat_Choppable_C_2147482385
195.429672,Right Hand Released,Meat_Choppable_C_2147482385
198.572968,Right Hand Grab,Knife_C_1
200.528229,Chopped,Meat_Choppable_C_2147482385
201.221207,Chopped,Meat_HalfRight_Choppable_C_2147482353
202.323914,Right Hand Released,Knife_C_1
215.532333,Right Hand Grab,Meat_HalfRight_Choppable_C_2147482353
218.407578,Right Hand Released,Meat_HalfRight_Choppable_C_2147482353
221.440979,Right Hand Grab,Meat_HalfLeft_Choppable_C_2147482354
223.018127,Right Hand Released,Meat_HalfLeft_Choppable_C_2147482354
224.489532,Right Hand Grab,Meat_HalfRight_Choppable_C_2147482353
230.270035,Right Hand Released,Meat_HalfRight_Choppable_C_2147482353
231.551849,Right Hand Grab,Knife_C_1
232.592789,Chopped,Meat_HalfRight_Choppable_C_2147482353
233.103271,Right Hand Released,Knife_C_1
234.917465,Right Hand Grab,Meat_HalfLeft_Choppable_C_2147482354
236.277008,Right Hand Released,Meat_HalfLeft_Choppable_C_2147482354
237.491135,Right Hand Grab,Knife_C_1
238.246994,Chopped,Meat_HalfLeft_Choppable_C_2147482354
239.087463,Right Hand Released,Knife_C_1
240.85408,Right Hand Grab,Meat_QuarterLeft2_C_2147482347
241.657104,Right Hand Released,Meat_QuarterLeft2_C_2147482347
242.660614,Right Hand Grab,Meat_QuarterRight2_C_2147482349
244.164383,Right Hand Released,Meat_QuarterRight2_C_2147482349
246.388443,Right Hand Grab,Meat_QuarterRight2_C_2147482349
247.351593,Right Hand Released,Meat_QuarterRight2_C_2147482349
249.395493,Right Hand Grab,Meat_QuarterRight1_C_2147482350
250.498657,Right Hand Released,Meat_QuarterRight1_C_2147482350
253.065826,Right Hand Grab,Meat_QuarterLeft2_C_2147482347
254.798996,Right Hand Released,Meat_QuarterLeft2_C_2147482347
256.665222,Right Hand Grab,Knife_C_1
258.132629,Right Hand Released,Knife_C_1
259.132599,Right Hand Grab,Meat_QuarterLeft1_C_2147482348
260.632538,Right Hand Released,Meat_QuarterLeft1_C_2147482348
266.316925,Right Hand Grab,Meat_Choppable_C_2147482355
267.621277,Right Hand Released,Meat_Choppable_C_2147482355
268.958252,Right Hand Grab,Meat_Choppable_C_2147482355
269.627716,Right Hand Released,Meat_Choppable_C_2147482355
271.008789,Right Hand Grab,Knife_C_1
272.363037,Chopped,Meat_Choppable_C_2147482355
273.45282,Chopped,Meat_HalfLeft_Choppable_C_2147482343
273.58548,Right Hand Released,Knife_C_1
275.891602,Right Hand Grab,Knife_C_1
276.593231,Chopped,Meat_QuarterLeft1_C_2147482341
276.593231,Right Hand Released,Knife_C_1
277.427338,Right Hand Grab,Meat_HalfRight_Choppable_C_2147482342
278.394836,Right Hand Released,Meat_HalfRight_Choppable_C_2147482342
279.595734,Right Hand Grab,Knife_C_1
281.264374,Chopped,Meat_HalfRight_Choppable_C_2147482342
281.395996,Right Hand Released,Knife_C_1
283.062256,Right Hand Grab,Knife_C_1
284.4935,Chopped,Meat_QuarterLeft1_C_2147482341
284.727386,Right Hand Released,Knife_C_1
285.79425,Right Hand Grab,Meat_QuarterRight1_C_2147482337
286.859802,Right Hand Released,Meat_QuarterRight1_C_2147482337
292.613922,Right Hand Grab,Meat_QuarterRight2_C_2147482336
293.884644,Right Hand Released,Meat_QuarterRight2_C_2147482336
295.42453,Right Hand Grab,Knife_C_1
297.058319,Right Hand Released,Knife_C_1
298.859314,Right Hand Grab,Meat_QuarterLeft2_C_2147482340
300.42569,Right Hand Released,Meat_QuarterLeft2_C_2147482340
304.69046,Right Hand Grab,Meat_QuarterLeft1_C_2147482341
305.0914,Right Hand Released,Meat_QuarterLeft1_C_2147482341
306.257202,Right Hand Grab,Knife_C_1
307.726166,Chopped,Meat_QuarterLeft1_C_2147482341
308.026123,Right Hand Released,Knife_C_1
309.45874,Right Hand Grab,Knife_C_1
310.491669,Right Hand Released,Knife_C_1
311.523254,Right Hand Grab,Meat_QuarterLeft1_C_2147482341
315.864136,Right Hand Released,Meat_QuarterLeft1_C_2147482341
318.263336,Right Hand Grab,Meat_Choppable_C_2147482346
319.275604,Right Hand Released,Meat_Choppable_C_2147482346
320.975037,Right Hand Grab,Knife_C_1
321.901581,Chopped,Meat_Choppable_C_2147482346
322.21167,Right Hand Released,Knife_C_1
323.588715,Right Hand Grab,Knife_C_1
323.656006,Chopped,Meat_HalfLeft_Choppable_C_2147482332
324.407959,Right Hand Released,Knife_C_1
325.05191,Right Hand Grab,Meat_HalfRight_Choppable_C_2147482331
325.896881,Right Hand Released,Meat_HalfRight_Choppable_C_2147482331
326.843964,Right Hand Grab,Knife_C_1
327.781586,Chopped,Meat_QuarterLeft2_C_2147482329
328.003448,Right Hand Released,Knife_C_1
329.187073,Right Hand Grab,Meat_HalfRight_Choppable_C_2147482331
329.961761,Right Hand Released,Meat_HalfRight_Choppable_C_2147482331
331.902618,Right Hand Grab,Knife_C_1
332.00296,Chopped,Meat_QuarterLeft1_C_2147482330
333.006531,Right Hand Released,Knife_C_1
333.306519,Right Hand Grab,Knife_C_1
333.576599,Chopped,Meat_HalfRight_Choppable_C_2147482331
333.67749,Right Hand Released,Knife_C_1
334.980255,Right Hand Grab,Knife_C_1
335.915771,Chopped,Meat_QuarterRight1_C_2147482328
336.08313,Right Hand Released,Knife_C_1
336.817352,Right Hand Grab,Knife_C_1
337.518829,Right Hand Released,Knife_C_1
338.951477,Right Hand Grab,Knife_C_1
339.617737,Right Hand Released,Knife_C_1
342.816742,Right Hand Grab,Knife_C_1
343.77655,Right Hand Released,Knife_C_1
345.195374,Right Hand Grab,Meat_QuarterRight1_C_2147482328
346.644592,Right Hand Released,Meat_QuarterRight1_C_2147482328
353.015503,Right Hand Grab,BeefStewCookbook_C_0
363.944916,Right Hand Grab,Onion_Choppable_C_2147482374
365.67807,Right Hand Released,Onion_Choppable_C_2147482374
367.714935,Right Hand Grab,Meat_QuarterRight2_C_2147482327
368.499634,Right Hand Released,Meat_QuarterRight2_C_2147482327
370.48877,Right Hand Grab,Knife_C_1
371.177185,Chopped,Onion_Choppable_C_2147482374
371.447449,Right Hand Released,Knife_C_1
372.977631,Right Hand Grab,Onion_Peeled_C_2147482323
373.95401,Right Hand Released,Onion_Peeled_C_2147482323
375.395599,Right Hand Grab,Knife_C_1
377.031372,Chopped,Onion_Peeled_C_2147482323
377.369568,Right Hand Released,Knife_C_1
380.407349,Right Hand Grab,Onion_Half_C_2147482322
382.541138,Right Hand Released,Onion_Half_C_2147482322
387.184357,Right Hand Grab,Onion_Half2_C_2147482321
388.465271,Right Hand Released,Onion_Half2_C_2147482321
389.935394,Right Hand Grab,Meat_QuarterLeft2_C_2147482329
391.508759,Right Hand Released,Meat_QuarterLeft2_C_2147482329
392.541962,Right Hand Grab,Onion_Half_C_2147482322
394.340607,Right Hand Released,Onion_Half_C_2147482322
400.072113,Right Hand Grab,Onion_Choppable_C_2147482324
401.188751,Right Hand Released,Onion_Choppable_C_2147482324
402.467834,Right Hand Grab,Knife_C_1
403.963959,Chopped,Onion_Choppable_C_2147482324
404.297272,Right Hand Released,Knife_C_1
405.936798,Right Hand Grab,Onion_Peeled_C_2147482317
406.705963,Right Hand Released,Onion_Peeled_C_2147482317
407.638428,Right Hand Grab,Knife_C_1
409.038879,Chopped,Onion_Peeled_C_2147482317
409.539856,Right Hand Released,Knife_C_1
411.437927,Right Hand Grab,Onion_Half2_C_2147482315
413.405792,Right Hand Released,Onion_Half2_C_2147482315
415.357391,Right Hand Grab,Onion_Half_C_2147482316
417.202942,Right Hand Released,Onion_Half_C_2147482316
417.982391,Right Hand Grab,None
418.850525,Right Hand Grab,Onion_Half_C_2147482316
420.157379,Right Hand Released,Onion_Half_C_2147482316
431.431244,Right Hand Grab,BeefStewCookbook_C_0
434.588165,Right Hand Grab,Tomato_Choppable_C_2147482380
435.9711,Right Hand Released,Tomato_Choppable_C_2147482380
437.102234,Right Hand Grab,Knife_C_1
439.358673,Chopped,Tomato_Choppable_C_2147482380
439.728607,Right Hand Released,Knife_C_1
442.253754,Right Hand Grab,Knife_C_1
443.187256,Chopped,Meat_QuarterLeft2_C_2147482329
443.391144,Right Hand Released,Knife_C_1
444.257446,Right Hand Grab,Tomato_TopHalf_Choppable_C_2147482313
445.428314,Right Hand Released,Tomato_TopHalf_Choppable_C_2147482313
447.528778,Right Hand Grab,Tomato_BottomHalf_Choppable_C_2147482312
448.558533,Right Hand Released,Tomato_BottomHalf_Choppable_C_2147482312
450.613892,Right Hand Grab,Tomato_Choppable_C_2147482379
452.217041,Right Hand Released,Tomato_Choppable_C_2147482379
454.187073,Right Hand Grab,Tomato_Choppable_C_2147482379
455.387451,Right Hand Released,Tomato_Choppable_C_2147482379
456.390594,Right Hand Grab,Knife_C_1
457.760315,Chopped,Tomato_Choppable_C_2147482379
458.194031,Right Hand Released,Knife_C_1
460.162537,Right Hand Grab,Knife_C_1
461.027893,Right Hand Released,Knife_C_1
462.1604,Right Hand Grab,Tomato_TopHalf_Choppable_C_2147482310
463.662445,Right Hand Released,Tomato_TopHalf_Choppable_C_2147482310
465.040253,Right Hand Grab,Tomato_BottomHalf_Choppable_C_2147482309
467.614197,Right Hand Released,Tomato_BottomHalf_Choppable_C_2147482309
471.503845,Right Hand Grab,BeefStewCookbook_C_0
474.59433,Right Hand Grab,Potato_Choppable_C_2147482393
476.246216,Right Hand Released,Potato_Choppable_C_2147482393
477.633545,Right Hand Grab,StaticMeshActor_84
478.370239,Right Hand Released,StaticMeshActor_84
479.395355,Right Hand Grab,StaticMeshActor_84
479.862183,Right Hand Released,StaticMeshActor_84
481.218231,Right Hand Grab,Knife_C_1
482.480255,Chopped,Potato_Choppable_C_2147482393
483.214508,Chopped,Potato_BottomHalf_Choppable_C_2147482304
483.344086,Right Hand Released,Knife_C_1
485.07373,Right Hand Grab,Knife_C_1
485.68045,Chopped,Potato_BottomHalf_Choppable_C_2147482304
486.283234,Right Hand Released,Knife_C_1
487.586792,Right Hand Grab,Potato_TopHalf_Choppable_C_2147482305
488.755035,Right Hand Released,Potato_TopHalf_Choppable_C_2147482305
490.209869,Right Hand Grab,Potato_TopHalf_Choppable_C_2147482305
491.083496,Right Hand Released,Potato_TopHalf_Choppable_C_2147482305
492.948975,Right Hand Grab,Potato_BottomHalf_Choppable_C_2147482304
493.98645,Right Hand Released,Potato_BottomHalf_Choppable_C_2147482304
498.332184,Right Hand Grab,Potato_Choppable_C_2147482395
499.653992,Right Hand Released,Potato_Choppable_C_2147482395
502.105316,Right Hand Grab,Knife_C_1
503.074524,Chopped,Potato_Choppable_C_2147482395
503.805939,Right Hand Released,Knife_C_1
505.008209,Right Hand Grab,Potato_BottomHalf_Choppable_C_2147482301
506.211639,Right Hand Released,Potato_BottomHalf_Choppable_C_2147482301
507.249878,Right Hand Grab,Potato_TopHalf_Choppable_C_2147482302
508.149689,Right Hand Released,Potato_TopHalf_Choppable_C_2147482302
513.478821,Right Hand Grab,BeefStewCookbook_C_0
515.522644,Right Hand Grab,Carrot_Choppable_C_2147482390
516.609924,Right Hand Released,Carrot_Choppable_C_2147482390
517.781494,Right Hand Grab,StirSpoon_C_2147482365
518.718384,Right Hand Released,StirSpoon_C_2147482365
519.718628,Right Hand Grab,StaticMeshActor_23
520.208374,Right Hand Released,StaticMeshActor_23
521.343506,Right Hand Grab,StaticMeshActor_23
521.876038,Right Hand Released,StaticMeshActor_23
522.677002,Right Hand Grab,StaticMeshActor_23
523.098938,Right Hand Released,StaticMeshActor_23
523.788879,Right Hand Grab,StaticMeshActor_84
524.501404,Right Hand Released,StaticMeshActor_84
525.278809,Right Hand Grab,StaticMeshActor_84
525.678711,Right Hand Released,StaticMeshActor_84
527.944641,Right Hand Grab,StaticMeshActor_84
528.564636,Right Hand Released,StaticMeshActor_84
529.053528,Right Hand Grab,Knife_C_1
530.564392,Chopped,Carrot_Choppable_C_2147482390
530.784363,Right Hand Released,Knife_C_1
532.811462,Right Hand Grab,Meat_QuarterRight2_C_2147482327
534.013245,Right Hand Released,Meat_QuarterRight2_C_2147482327
534.88269,Right Hand Grab,CarrotBotton_Choppable_C_2147482298
536.08197,Right Hand Released,CarrotBotton_Choppable_C_2147482298
540.773804,Right Hand Grab,CarrotTop_Choppable_C_2147482299
541.503113,Right Hand Released,CarrotTop_Choppable_C_2147482299
554.791321,Right Hand Grab,Knife_C_1
557.336914,Chopped,CarrotTop_Choppable_C_2147482299
557.770447,Right Hand Released,Knife_C_1
559.442444,Right Hand Grab,CarrotTopQuarter2_Choppable_C_2147482292
560.874939,Right Hand Released,CarrotTopQuarter2_Choppable_C_2147482292
562.405396,Right Hand Grab,Meat_QuarterLeft1_C_2147482330
564.002319,Right Hand Released,Meat_QuarterLeft1_C_2147482330
565.354858,Right Hand Grab,CarrotTopQuarter1_Choppable_C_2147482293
566.151306,Right Hand Released,CarrotTopQuarter1_Choppable_C_2147482293
568.811035,Right Hand Grab,Carrot_Choppable_C_2147482300
570.90387,Right Hand Released,Carrot_Choppable_C_2147482300
572.292236,Right Hand Grab,Knife_C_1
572.492249,Chopped,Meat_QuarterRight2_C_2147482327
574.095825,Chopped,Carrot_Choppable_C_2147482300
574.565186,Right Hand Released,Knife_C_1
576.639648,Right Hand Grab,Knife_C_1
578.152161,Right Hand Released,Knife_C_1
579.932922,Right Hand Grab,Knife_C_1
581.965881,Chopped,CarrotBotton_Choppable_C_2147482289
583.102722,Chopped,CarrotTop_Choppable_C_2147482290
584.637756,Right Hand Released,Knife_C_1
585.903503,Right Hand Grab,CarrotBottomQuarter2_Choppable_C_2147482287
587.167969,Right Hand Released,CarrotBottomQuarter2_Choppable_C_2147482287
589.701172,Left Hand Grab,None
592.434753,Left Hand Grab,StaticMeshActor_31
593.234558,Left Hand Released,StaticMeshActor_31
594.00238,Left Hand Grab,StaticMeshActor_31
594.768127,Left Hand Released,StaticMeshActor_31
595.401306,Left Hand Grab,StaticMeshActor_31
598.000549,Left Hand Released,StaticMeshActor_31
599.168335,Left Hand Grab,CarrotBottomQuarter1_Choppable_C_2147482288
601.000793,Left Hand Released,CarrotBottomQuarter1_Choppable_C_2147482288
602.190308,Right Hand Grab,CarrotTopQuarter2_Choppable_C_2147482285
603.648987,Right Hand Released,CarrotTopQuarter2_Choppable_C_2147482285
604.561707,Left Hand Grab,CarrotTopQuarter1_Choppable_C_2147482286
606.191467,Left Hand Released,CarrotTopQuarter1_Choppable_C_2147482286
608.398254,Right Hand Grab,Carrot_Choppable_C_2147482291
609.617249,Right Hand Released,Carrot_Choppable_C_2147482291
610.835144,Right Hand Grab,Meat_QuarterLeft1_C_2147482330
611.772888,Right Hand Released,Meat_QuarterLeft1_C_2147482330
612.397095,Right Hand Grab,Knife_C_1
613.197388,Chopped,Carrot_Choppable_C_2147482291
613.82373,Chopped,CarrotBotton_Choppable_C_2147482278
614.557678,Chopped,CarrotBotton_Choppable_C_2147482278
615.690247,Chopped,CarrotTop_Choppable_C_2147482279
617.040405,Right Hand Released,Knife_C_1
618.10376,Right Hand Grab,CarrotBottomQuarter2_Choppable_C_2147482276
619.643494,Right Hand Released,CarrotBottomQuarter2_Choppable_C_2147482276
620.514526,Left Hand Grab,CarrotTopQuarter2_Choppable_C_2147482274
621.351624,Left Hand Released,CarrotTopQuarter2_Choppable_C_2147482274
623.97998,Left Hand Grab,CarrotBottomQuarter1_Choppable_C_2147482277
625.131042,Left Hand Released,CarrotBottomQuarter1_Choppable_C_2147482277
626.914368,Right Hand Grab,CarrotTopQuarter1_Choppable_C_2147482275
628.214172,Right Hand Released,CarrotTopQuarter1_Choppable_C_2147482275
630.425476,Right Hand Grab,BeefStewCookbook_C_0
634.579956,Right Hand Grab,PepperShakerGrabable_C_2147482361
643.050598,Right Hand Released,PepperShakerGrabable_C_2147482361
644.319702,Right Hand Grab,SaltShakerGrabable_C_2147482362
648.806946,Right Hand Released,SaltShakerGrabable_C_2147482362
653.433105,Right Hand Grab,StirSpoon_C_2147482365
663.605469,Right Hand Released,StirSpoon_C_2147482365
665.226318,Right Hand Grab,BeefStewCookbook_C_0
669.753967,Left Hand Grab,None
669.788086,Right Hand Grab,BeefStewCookbook_C_0
672.019226,Left Hand Grab,None
672.130249,Right Hand Grab,BeefStewCookbook_C_0
677.743103,Right Hand Grab,NewLadle_C_2147482273
682.818604,Right Hand Released,NewLadle_C_2147482273
