Session Time,Action Type,Interacted Object
57.794533,Right Hand Grab,BeefStewCookbook_C_0
86.779274,Right Hand Grab,BrothParent_C_2147482377
101.475761,Right Hand Released,BrothParent_C_2147482377
103.369019,Right Hand Grab,BeefStewCookbook_C_0
107.607048,Right Hand Grab,Meat_Choppable_C_2147482399
108.825554,Right Hand Released,Meat_Choppable_C_2147482399
111.19754,Right Hand Grab,PepperShakerGrabable_C_2147482375
111.668381,Right Hand Released,PepperShakerGrabable_C_2147482375
112.493546,Right Hand Grab,PepperShakerGrabable_C_2147482375
113.652397,Right Hand Released,PepperShakerGrabable_C_2147482375
114.318596,Right Hand Grab,PepperShakerGrabable_C_2147482375
115.617622,Right Hand Released,PepperShakerGrabable_C_2147482375
117.195663,Right Hand Grab,Knife_C_1
121.325661,Chopped,Meat_Choppable_C_2147482399
122.80719,Chopped,Meat_HalfLeft_Choppable_C_2147482368
123.939415,Chopped,Meat_QuarterLeft2_C_2147482365
124.735329,Chopped,Meat_QuarterLeft2_C_2147482365
125.849831,Chopped,Meat_QuarterLeft1_C_2147482366
127.686234,Chopped,Meat_QuarterLeft1_C_2147482366
128.526978,Chopped,Meat_HalfRight_Choppable_C_2147482367
129.859833,Chopped,Meat_QuarterLeft2_C_2147482365
136.860474,Chopped,Meat_QuarterLeft2_C_2147482365
141.666306,Chopped,Meat_QuarterRight1_C_2147482364
141.910019,Right Hand Released,Knife_C_1
145.421143,Right Hand Grab,Meat_QuarterRight2_C_2147482363
146.954208,Right Hand Released,Meat_QuarterRight2_C_2147482363
148.010651,Right Hand Grab,Meat_QuarterRight2_C_2147482363
150.495331,Right Hand Released,Meat_QuarterRight2_C_2147482363
151.114471,Right Hand Grab,Meat_QuarterLeft1_C_2147482366
152.384796,Right Hand Released,Meat_QuarterLeft1_C_2147482366
153.591003,Right Hand Grab,Meat_QuarterRight2_C_2147482363
155.228378,Right Hand Released,Meat_QuarterRight2_C_2147482363
156.668365,Right Hand Grab,Meat_QuarterLeft1_C_2147482366
158.012543,Right Hand Released,Meat_QuarterLeft1_C_2147482366
159.194107,Right Hand Grab,Meat_QuarterRight1_C_2147482364
160.630615,Right Hand Released,Meat_QuarterRight1_C_2147482364
161.76712,Right Hand Grab,Meat_QuarterLeft2_C_2147482365
162.985977,Right Hand Released,Meat_QuarterLeft2_C_2147482365
164.639496,Right Hand Grab,Meat_Choppable_C_2147482369
166.466095,Right Hand Released,Meat_Choppable_C_2147482369
168.440659,Right Hand Grab,Knife_C_1
168.507858,Chopped,Meat_Choppable_C_2147482369
171.312119,Chopped,Meat_HalfRight_Choppable_C_2147482358
172.069321,Chopped,Meat_HalfLeft_Choppable_C_2147482359
172.984436,Chopped,Meat_QuarterRight2_C_2147482356
174.004501,Chopped,Meat_QuarterLeft1_C_2147482355
175.006149,Chopped,Meat_QuarterLeft1_C_2147482355
177.117126,Right Hand Released,Knife_C_1
178.597733,Right Hand Grab,Meat_QuarterRight2_C_2147482356
180.37825,Right Hand Released,Meat_QuarterRight2_C_2147482356
181.71582,Right Hand Grab,Meat_QuarterRight1_C_2147482357
183.119324,Right Hand Released,Meat_QuarterRight1_C_2147482357
184.188934,Right Hand Grab,Meat_QuarterLeft2_C_2147482354
185.638275,Right Hand Released,Meat_QuarterLeft2_C_2147482354
186.677429,Right Hand Grab,Meat_QuarterLeft1_C_2147482355
187.792053,Right Hand Released,Meat_QuarterLeft1_C_2147482355
196.575455,Right Hand Grab,BeefStewCookbook_C_0
203.927811,Right Hand Grab,Onion_Choppable_C_2147482391
205.617264,Right Hand Released,Onion_Choppable_C_2147482391
211.167969,Right Hand Grab,Knife_C_1
212.501923,Chopped,Onion_Choppable_C_2147482391
214.480072,Chopped,Onion_Peeled_C_2147482350
215.17038,Right Hand Released,Knife_C_1
216.415817,Right Hand Grab,Onion_Half_C_2147482349
220.349747,Right Hand Released,Onion_Half_C_2147482349
221.444656,Right Hand Grab,Onion_Half2_C_2147482348
222.700974,Right Hand Released,Onion_Half2_C_2147482348
224.325867,Right Hand Grab,Onion_Choppable_C_2147482351
226.01593,Right Hand Released,Onion_Choppable_C_2147482351
227.038452,Right Hand Grab,Knife_C_1
228.392578,Chopped,Onion_Choppable_C_2147482351
229.414413,Chopped,Onion_Peeled_C_2147482346
230.159103,Right Hand Released,Knife_C_1
231.174011,Right Hand Grab,Onion_Peeled_C_2147482346
232.162766,Right Hand Released,Onion_Peeled_C_2147482346
232.877808,Right Hand Grab,StaticMeshActor_84
233.610519,Right Hand Released,StaticMeshActor_84
234.722778,Right Hand Grab,Knife_C_1
235.956833,Chopped,Onion_Peeled_C_2147482346
236.834747,Chopped,Onion_Half2_C_2147482344
236.925537,Right Hand Released,Knife_C_1
238.494568,Right Hand Grab,Onion_Half_C_2147482345
239.69136,Right Hand Released,Onion_Half_C_2147482345
240.694077,Right Hand Grab,Onion_Half2_C_2147482344
241.81279,Right Hand Released,Onion_Half2_C_2147482344
244.487579,Right Hand Grab,BeefStewCookbook_C_0
249.192917,Right Hand Grab,Tomato_Choppable_C_2147482396
250.926819,Right Hand Released,Tomato_Choppable_C_2147482396
252.611938,Right Hand Grab,Knife_C_1
253.825928,Chopped,Tomato_Choppable_C_2147482396
254.844452,Right Hand Released,Knife_C_1
256.668213,Right Hand Grab,Tomato_BottomHalf_Choppable_C_2147482339
258.088959,Right Hand Released,Tomato_BottomHalf_Choppable_C_2147482339
259.09201,Right Hand Grab,Tomato_TopHalf_Choppable_C_2147482340
261.541779,Right Hand Released,Tomato_TopHalf_Choppable_C_2147482340
262.990143,Right Hand Grab,None
263.993439,Right Hand Grab,Tomato_Choppable_C_2147482341
265.684631,Right Hand Released,Tomato_Choppable_C_2147482341
266.753937,Right Hand Grab,StaticMeshActor_84
267.281738,Right Hand Released,StaticMeshActor_84
268.505829,Right Hand Grab,Knife_C_1
269.882446,Chopped,Tomato_Choppable_C_2147482341
270.394318,Right Hand Released,Knife_C_1
272.474731,Right Hand Grab,Tomato_TopHalf_Choppable_C_2147482337
273.781677,Right Hand Released,Tomato_TopHalf_Choppable_C_2147482337
274.895142,Right Hand Grab,Tomato_BottomHalf_Choppable_C_2147482336
276.139374,Right Hand Released,Tomato_BottomHalf_Choppable_C_2147482336
278.964691,Right Hand Grab,BeefStewCookbook_C_0
284.460602,Right Hand Grab,Potato_Choppable_C_2147482409
284.886902,Right Hand Released,Potato_Choppable_C_2147482409
285.397827,Right Hand Grab,Potato_Choppable_C_2147482409
288.600403,Right Hand Released,Potato_Choppable_C_2147482409
289.925385,Right Hand Grab,StaticMeshActor_23
291.017548,Right Hand Released,StaticMeshActor_23
292.060364,Right Hand Grab,StaticMeshActor_84
292.992737,Right Hand Released,StaticMeshActor_84
294.104248,Right Hand Grab,Knife_C_1
295.574646,Right Hand Released,Knife_C_1
296.915314,Right Hand Grab,StaticMeshActor_31
298.11261,Right Hand Released,StaticMeshActor_31
299.606354,Right Hand Grab,Knife_C_1
300.577148,Chopped,Potato_Choppable_C_2147482409
302.990692,Right Hand Released,Knife_C_1
304.299042,Right Hand Grab,Potato_BottomHalf_Choppable_C_2147482333
310.906189,Right Hand Released,Potato_BottomHalf_Choppable_C_2147482333
312.108887,Right Hand Grab,Potato_TopHalf_Choppable_C_2147482334
313.483856,Right Hand Released,Potato_TopHalf_Choppable_C_2147482334
316.934265,Right Hand Grab,Potato_Choppable_C_2147482408
318.869354,Right Hand Released,Potato_Choppable_C_2147482408
319.974609,Right Hand Grab,Knife_C_1
321.834991,Chopped,Potato_Choppable_C_2147482408
323.499146,Right Hand Released,Knife_C_1
324.667175,Right Hand Grab,Potato_TopHalf_Choppable_C_2147482327
326.234406,Right Hand Released,Potato_TopHalf_Choppable_C_2147482327
327.403107,Right Hand Grab,Potato_BottomHalf_Choppable_C_2147482326
328.710571,Right Hand Released,Potato_BottomHalf_Choppable_C_2147482326
331.468994,Right Hand Grab,BeefStewCookbook_C_0
335.117035,Right Hand Grab,Carrot_Choppable_C_2147482404
336.693878,Right Hand Released,Carrot_Choppable_C_2147482404
337.805176,Right Hand Grab,Knife_C_1
339.887146,Chopped,Carrot_Choppable_C_2147482404
340.912292,Chopped,CarrotBotton_Choppable_C_2147482323
342.119843,Chopped,CarrotTop_Choppable_C_2147482324
343.31604,Right Hand Released,Knife_C_1
344.386658,Right Hand Grab,CarrotTopQuarter1_Choppable_C_2147482320
345.756989,Right Hand Released,CarrotTopQuarter1_Choppable_C_2147482320
346.682281,Right Hand Grab,CarrotBottomQuarter2_Choppable_C_2147482321
347.597137,Right Hand Released,CarrotBottomQuarter2_Choppable_C_2147482321
348.525482,Right Hand Grab,CarrotBottomQuarter1_Choppable_C_2147482322
349.572815,Right Hand Released,CarrotBottomQuarter1_Choppable_C_2147482322
350.347595,Right Hand Grab,CarrotTopQuarter2_Choppable_C_2147482319
351.23819,Right Hand Released,CarrotTopQuarter2_Choppable_C_2147482319
353.884796,Right Hand Grab,Carrot_Choppable_C_2147482325
355.571167,Right Hand Released,Carrot_Choppable_C_2147482325
358.015533,Right Hand Grab,Carrot_Choppable_C_2147482325
358.637299,Right Hand Released,Carrot_Choppable_C_2147482325
359.522949,Right Hand Grab,Knife_C_1
361.207977,Chopped,Carrot_Choppable_C_2147482325
362.186035,Chopped,CarrotBotton_Choppable_C_2147482316
363.654541,Chopped,CarrotBotton_Choppable_C_2147482316
364.653015,Chopped,CarrotTop_Choppable_C_2147482317
365.898743,Right Hand Released,Knife_C_1
367.032196,Right Hand Grab,CarrotBottomQuarter2_Choppable_C_2147482314
368.230804,Right Hand Released,CarrotBottomQuarter2_Choppable_C_2147482314
369.322693,Right Hand Grab,CarrotTopQuarter1_Choppable_C_2147482313
370.41922,Right Hand Released,CarrotTopQuarter1_Choppable_C_2147482313
371.364563,Right Hand Grab,CarrotBottomQuarter1_Choppable_C_2147482315
372.34491,Right Hand Released,CarrotBottomQuarter1_Choppable_C_2147482315
373.27005,Right Hand Grab,CarrotTopQuarter2_Choppable_C_2147482312
374.410614,Right Hand Released,CarrotTopQuarter2_Choppable_C_2147482312
376.473694,Right Hand Grab,BeefStewCookbook_C_0
379.861298,Right Hand Grab,StaticMeshActor_84
380.398834,Right Hand Released,StaticMeshActor_84
381.402893,Right Hand Grab,StaticMeshActor_84
381.936249,Right Hand Released,StaticMeshActor_84
382.381226,Right Hand Grab,SaltShakerGrabable_C_2147482376
387.863525,Right Hand Released,SaltShakerGrabable_C_2147482376
389.468536,Right Hand Grab,StaticMeshActor_84
390.558899,Right Hand Released,StaticMeshActor_84
391.334808,Right Hand Grab,StaticMeshActor_23
391.823669,Right Hand Released,StaticMeshActor_23
392.868896,Right Hand Grab,PepperShakerGrabable_C_2147482375
404.54303,Right Hand Released,PepperShakerGrabable_C_2147482375
409.252869,Right Hand Grab,StaticMeshActor_31
418.629303,Right Hand Released,StaticMeshActor_31
421.095612,Right Hand Grab,BrothParent_C_2147482377
422.320831,Right Hand Released,BrothParent_C_2147482377
423.476379,Right Hand Grab,BrothParent_C_2147482377
425.028015,Right Hand Released,BrothParent_C_2147482377
426.232635,Right Hand Grab,StirSpoon_C_2147482379
438.36792,Right Hand Released,StirSpoon_C_2147482379
439.631989,Right Hand Grab,BeefStewCookbook_C_0
440.768738,Right Hand Grab,StirSpoon_C_2147482379
442.367279,Right Hand Released,StirSpoon_C_2147482379
453.877594,Right Hand Grab,NewLadle_C_2147482307
471.335358,Right Hand Released,NewLadle_C_2147482307
471.969238,Right Hand Grab,StewBowl_C_2147482305
475.358826,Right Hand Released,StewBowl_C_2147482305
476.091736,Right Hand Grab,StewBowl_C_2147482305
477.355194,Right Hand Released,StewBowl_C_2147482305
485.508759,Right Hand Grab,BeefStewCookbook_C_0
488.618042,Right Hand Grab,Exit_C_0
