Session Time,Action Type,Interacted Object
7.880408,Right Hand Grab,BeefStewCookbook_C_0
12.146532,Right Hand Grab,BrothParent_C_2147482365
26.409163,Right Hand Released,BrothParent_C_2147482365
27.253353,Right Hand Grab,BrothParent_C_2147482365
27.435158,Right Hand Released,BrothParent_C_2147482365
30.872189,Right Hand Grab,Carrot_Choppable_C_2147482392
32.432404,Right Hand Released,Carrot_Choppable_C_2147482392
37.61124,Right Hand Grab,Carrot_Choppable_C_2147482359
39.630718,Right Hand Released,Carrot_Choppable_C_2147482359
41.585258,Right Hand Grab,PepperShakerGrabable_C_2147482363
43.074432,Right Hand Released,PepperShakerGrabable_C_2147482363
44.140411,Right Hand Grab,PepperShakerGrabable_C_2147482363
45.253712,Right Hand Released,PepperShakerGrabable_C_2147482363
46.656517,Right Hand Grab,Knife_C_1
48.45607,Chopped,Carrot_Choppable_C_2147482392
49.429504,Chopped,CarrotBotton_Choppable_C_2147482356
50.432449,Chopped,CarrotBotton_Choppable_C_2147482356
51.61356,Chopped,CarrotTop_Choppable_C_2147482357
52.386772,Chopped,CarrotTopQuarter2_Choppable_C_2147482352
53.253765,Chopped,CarrotBottomQuarter1_Choppable_C_2147482355
55.139107,Chopped,CarrotTopQuarter1_Choppable_C_2147482353
55.965248,Chopped,CarrotBottomQuarter1_Choppable_C_2147482355
56.591343,Chopped,Carrot_Choppable_C_2147482359
57.458393,Chopped,CarrotBottomQuarter1_Choppable_C_2147482355
58.347157,Chopped,CarrotTop_Choppable_C_2147482351
59.371307,Chopped,CarrotBottomQuarter1_Choppable_C_2147482355
60.08231,Chopped,CarrotBotton_Choppable_C_2147482350
61.351364,Right Hand Released,Knife_C_1
62.753933,Right Hand Grab,CarrotBottomQuarter2_Choppable_C_2147482354
63.777905,Right Hand Released,CarrotBottomQuarter2_Choppable_C_2147482354
64.194473,Right Hand Grab,CarrotTopQuarter2_Choppable_C_2147482346
65.531311,Right Hand Released,CarrotTopQuarter2_Choppable_C_2147482346
66.816139,Right Hand Grab,CarrotBottomQuarter2_Choppable_C_2147482354
68.153099,Right Hand Released,CarrotBottomQuarter2_Choppable_C_2147482354
69.401054,Right Hand Grab,CarrotBottomQuarter1_Choppable_C_2147482345
71.979958,Right Hand Grab,CarrotBottomQuarter1_Choppable_C_2147482355
73.490891,Right Hand Released,CarrotBottomQuarter1_Choppable_C_2147482355
74.872383,Right Hand Grab,Knife_C_1
75.805336,Right Hand Released,Knife_C_1
77.025291,Right Hand Grab,CarrotBottomQuarter2_Choppable_C_2147482344
78.581139,Right Hand Released,CarrotBottomQuarter2_Choppable_C_2147482344
79.822693,Right Hand Grab,CarrotTopQuarter2_Choppable_C_2147482352
81.329506,Right Hand Released,CarrotTopQuarter2_Choppable_C_2147482352
82.307091,Right Hand Grab,CarrotTopQuarter1_Choppable_C_2147482353
85.520927,Right Hand Grab,CarrotTopQuarter1_Choppable_C_2147482347
86.924217,Right Hand Released,CarrotTopQuarter1_Choppable_C_2147482347
90.841904,Right Hand Grab,None
92.201881,Right Hand Grab,None
94.197281,Right Hand Grab,BeefStewCookbook_C_0
98.048256,Right Hand Grab,Meat_Choppable_C_2147482387
99.617859,Right Hand Released,Meat_Choppable_C_2147482387
103.154228,Right Hand Grab,Knife_C_1
104.00251,Chopped,Meat_Choppable_C_2147482387
105.976669,Chopped,Meat_HalfLeft_Choppable_C_2147482342
106.667175,Chopped,Meat_QuarterLeft1_C_2147482340
109.170624,Chopped,Meat_QuarterLeft2_C_2147482339
110.506233,Chopped,Meat_QuarterLeft2_C_2147482339
111.462456,Chopped,Meat_HalfRight_Choppable_C_2147482341
112.728752,Right Hand Released,Knife_C_1
114.03553,Right Hand Grab,Knife_C_1
114.701111,Right Hand Released,Knife_C_1
115.459808,Right Hand Grab,Knife_C_1
116.326393,Right Hand Released,Knife_C_1
117.389145,Right Hand Grab,Meat_QuarterRight1_C_2147482338
119.009193,Right Hand Released,Meat_QuarterRight1_C_2147482338
120.601097,Right Hand Grab,Meat_QuarterLeft2_C_2147482339
122.109154,Right Hand Released,Meat_QuarterLeft2_C_2147482339
123.203995,Right Hand Grab,Meat_QuarterRight2_C_2147482337
124.58506,Right Hand Released,Meat_QuarterRight2_C_2147482337
125.521667,Right Hand Grab,Meat_QuarterLeft1_C_2147482340
126.921043,Right Hand Released,Meat_QuarterLeft1_C_2147482340
127.547165,Right Hand Grab,Meat_QuarterLeft1_C_2147482340
129.214172,Right Hand Grab,Meat_Choppable_C_2147482343
130.584152,Right Hand Released,Meat_Choppable_C_2147482343
131.317383,Right Hand Grab,Meat_Choppable_C_2147482343
132.273911,Right Hand Released,Meat_Choppable_C_2147482343
133.604065,Right Hand Grab,Knife_C_1
134.651962,Chopped,Meat_Choppable_C_2147482343
135.781342,Chopped,Meat_HalfRight_Choppable_C_2147482332
137.007339,Chopped,Meat_HalfLeft_Choppable_C_2147482333
137.785324,Right Hand Released,Knife_C_1
139.524933,Right Hand Grab,Meat_QuarterRight1_C_2147482331
140.996185,Right Hand Released,Meat_QuarterRight1_C_2147482331
142.183716,Right Hand Grab,Meat_QuarterLeft2_C_2147482328
143.590942,Right Hand Released,Meat_QuarterLeft2_C_2147482328
144.660721,Right Hand Grab,Meat_QuarterRight2_C_2147482330
146.10556,Right Hand Released,Meat_QuarterRight2_C_2147482330
147.128616,Right Hand Grab,Meat_QuarterLeft1_C_2147482329
148.508209,Right Hand Released,Meat_QuarterLeft1_C_2147482329
151.739105,Right Hand Grab,BeefStewCookbook_C_0
155.491821,Right Hand Grab,Onion_Choppable_C_2147482376
158.049042,Right Hand Released,Onion_Choppable_C_2147482376
159.687073,Right Hand Grab,Onion_Choppable_C_2147482327
161.378937,Right Hand Released,Onion_Choppable_C_2147482327
164.935501,Right Hand Grab,Knife_C_1
166.379974,Chopped,Onion_Choppable_C_2147482376
168.528015,Right Hand Released,Knife_C_1
170.418457,Right Hand Grab,Knife_C_1
171.392975,Chopped,Onion_Choppable_C_2147482327
172.499878,Chopped,Onion_Peeled_C_2147482325
173.478699,Chopped,Onion_Peeled_C_2147482322
174.794586,Right Hand Released,Knife_C_1
176.478378,Right Hand Grab,Onion_Half_C_2147482321
177.740356,Right Hand Released,Onion_Half_C_2147482321
178.788681,Right Hand Grab,Onion_Half2_C_2147482318
180.5681,Right Hand Released,Onion_Half2_C_2147482318
181.103302,Right Hand Grab,Onion_Half2_C_2147482318
181.969864,Right Hand Released,Onion_Half2_C_2147482318
183.073975,Right Hand Grab,Onion_Half_C_2147482319
186.54689,Right Hand Grab,Onion_Half2_C_2147482320
187.910889,Right Hand Released,Onion_Half2_C_2147482320
218.116928,Right Hand Grab,BeefStewCookbook_C_0
223.25322,Right Hand Grab,Tomato_Choppable_C_2147482381
226.295227,Right Hand Released,Tomato_Choppable_C_2147482381
227.602539,Right Hand Grab,Tomato_Choppable_C_2147482382
229.448303,Right Hand Released,Tomato_Choppable_C_2147482382
232.467499,Right Hand Grab,Knife_C_1
233.465881,Chopped,Tomato_Choppable_C_2147482381
234.000214,Chopped,Tomato_TopHalf_Choppable_C_2147482313
234.843246,Chopped,Tomato_Choppable_C_2147482382
236.017365,Right Hand Released,Knife_C_1
237.889404,Right Hand Grab,Tomato_BottomHalf_Choppable_C_2147482310
239.329315,Right Hand Released,Tomato_BottomHalf_Choppable_C_2147482310
240.283569,Right Hand Grab,Tomato_TopHalf_Choppable_C_2147482311
241.614273,Right Hand Released,Tomato_TopHalf_Choppable_C_2147482311
242.881042,Right Hand Grab,Tomato_TopHalf_Choppable_C_2147482313
244.439362,Right Hand Released,Tomato_TopHalf_Choppable_C_2147482313
245.612015,Right Hand Grab,Tomato_BottomHalf_Choppable_C_2147482312
247.041046,Right Hand Released,Tomato_BottomHalf_Choppable_C_2147482312
249.464966,Right Hand Grab,BeefStewCookbook_C_0
254.818329,Left Hand Grab,Potato_Choppable_C_2147482393
256.711212,Left Hand Released,Potato_Choppable_C_2147482393
258.374634,Left Hand Grab,Potato_Choppable_C_2147482396
260.026489,Left Hand Released,Potato_Choppable_C_2147482396
263.498169,Right Hand Grab,Knife_C_1
264.43515,Chopped,Potato_Choppable_C_2147482393
265.479645,Chopped,Potato_Choppable_C_2147482396
267.968109,Chopped,Potato_BottomHalf_Choppable_C_2147482304
268.767242,Chopped,Potato_TopHalf_Choppable_C_2147482303
269.589569,Right Hand Released,Knife_C_1
271.259125,Right Hand Grab,Potato_BottomHalf_Choppable_C_2147482302
273.807343,Right Hand Grab,Potato_TopHalf_Choppable_C_2147482303
275.12442,Right Hand Released,Potato_TopHalf_Choppable_C_2147482303
276.128387,Right Hand Grab,Potato_BottomHalf_Choppable_C_2147482304
277.460449,Right Hand Released,Potato_BottomHalf_Choppable_C_2147482304
278.436951,Right Hand Grab,Potato_TopHalf_Choppable_C_2147482305
279.549591,Right Hand Released,Potato_TopHalf_Choppable_C_2147482305
281.933685,Right Hand Grab,None
284.496216,Right Hand Grab,BeefStewCookbook_C_0
288.962585,Right Hand Grab,BeefStewCookbook_C_0
293.114319,Right Hand Grab,SaltShakerGrabable_C_2147482364
302.489258,Right Hand Released,SaltShakerGrabable_C_2147482364
304.022675,Right Hand Grab,PepperShakerGrabable_C_2147482363
309.154144,Right Hand Released,PepperShakerGrabable_C_2147482363
313.713837,Right Hand Grab,StirSpoon_C_2147482367
333.8591,Right Hand Released,StirSpoon_C_2147482367
336.679626,Right Hand Grab,StirSpoon_C_2147482367
345.61261,Right Hand Released,StirSpoon_C_2147482367
351.146667,Right Hand Grab,None
354.062683,Right Hand Grab,BeefStewCookbook_C_0
360.164948,Left Hand Grab,StaticMeshActor_31
361.139954,Left Hand Released,StaticMeshActor_31
362.003174,Left Hand Grab,NewLadle_C_2147482297
366.471252,Left Hand Released,NewLadle_C_2147482297
367.785767,Left Hand Grab,NewLadle_C_2147482297
369.219421,Left Hand Released,NewLadle_C_2147482297
372.677612,Right Hand Grab,BeefStewCookbook_C_0
