Session Time,Action Type,Interacted Object
11.164168,Left Hand Grab,BeefStewCookbook_C_0
74.865181,Right Hand Grab,BeefStewCookbook_C_0
100.259918,Left Hand Grab,Meat_Choppable_C_2147482399
101.598877,Left Hand Released,Meat_Choppable_C_2147482399
102.781532,Right Hand Grab,Knife_C_1
104.692856,Chopped,Meat_Choppable_C_2147482399
105.492561,Chopped,Meat_HalfLeft_Choppable_C_2147482370
106.025467,Right Hand Released,Knife_C_1
106.937065,Right Hand Grab,Knife_C_1
107.803635,Chopped,Meat_HalfRight_Choppable_C_2147482369
108.581032,Chopped,Meat_QuarterRight2_C_2147482367
110.424637,Chopped,Meat_QuarterRight1_C_2147482368
110.979591,Chopped,Meat_HalfLeft_Choppable_C_2147482370
112.047447,Right Hand Released,Knife_C_1
112.957909,Right Hand Grab,Meat_QuarterRight1_C_2147482368
113.824005,Right Hand Released,Meat_QuarterRight1_C_2147482368
115.733978,Right Hand Grab,Meat_QuarterRight1_C_2147482368
116.735321,Right Hand Released,Meat_QuarterRight1_C_2147482368
117.99733,Right Hand Grab,Meat_QuarterRight2_C_2147482367
119.114052,Right Hand Released,Meat_QuarterRight2_C_2147482367
123.094788,Right Hand Grab,Knife_C_1
123.625114,Chopped,Meat_QuarterLeft1_C_2147482366
124.223457,Right Hand Released,Knife_C_1
124.934845,Right Hand Grab,Meat_QuarterLeft2_C_2147482365
125.468559,Left Hand Grab,Meat_QuarterLeft2_C_2147482365
126.001366,Left Hand Released,Meat_QuarterLeft2_C_2147482365
126.356758,Right Hand Released,Meat_QuarterLeft2_C_2147482365
127.466591,Right Hand Grab,Meat_QuarterLeft1_C_2147482366
128.44487,Right Hand Released,Meat_QuarterLeft1_C_2147482366
132.22023,Left Hand Grab,Meat_Choppable_C_2147482398
133.262604,Left Hand Released,Meat_Choppable_C_2147482398
133.950165,Right Hand Grab,Knife_C_1
134.820328,Chopped,Meat_Choppable_C_2147482398
135.755142,Chopped,Meat_HalfRight_Choppable_C_2147482362
136.642914,Chopped,Meat_HalfLeft_Choppable_C_2147482363
137.598907,Chopped,Meat_QuarterLeft1_C_2147482361
138.553772,Chopped,Meat_HalfRight_Choppable_C_2147482362
138.909332,Right Hand Released,Knife_C_1
139.731598,Left Hand Grab,Meat_QuarterRight2_C_2147482358
140.619797,Right Hand Grab,Meat_QuarterRight1_C_2147482359
141.641083,Left Hand Released,Meat_QuarterRight2_C_2147482358
141.709015,Right Hand Released,Meat_QuarterRight1_C_2147482359
142.863571,Left Hand Grab,Knife_C_1
142.953751,Right Hand Grab,Meat_QuarterLeft2_C_2147482360
144.041351,Left Hand Released,Knife_C_1
145.064392,Left Hand Grab,Meat_QuarterLeft1_C_2147482361
146.218964,Left Hand Released,Meat_QuarterLeft1_C_2147482361
146.23999,Right Hand Released,Meat_QuarterLeft2_C_2147482360
148.574295,Right Hand Grab,BeefStewCookbook_C_0
153.803467,Right Hand Grab,Onion_Choppable_C_2147482391
155.426758,Right Hand Released,Onion_Choppable_C_2147482391
156.401062,Left Hand Grab,Knife_C_1
156.645889,Chopped,Meat_Choppable_C_2147482371
157.952637,Right Hand Grab,Knife_C_1
158.041901,Left Hand Released,Knife_C_1
158.866943,Chopped,Onion_Choppable_C_2147482391
159.979218,Chopped,Onion_Peeled_C_2147482351
163.026749,Right Hand Released,Knife_C_1
163.845383,Right Hand Grab,Onion_Half2_C_2147482349
163.867584,Left Hand Grab,Onion_Half2_C_2147482349
165.133118,Left Hand Released,Onion_Half2_C_2147482349
165.846481,Right Hand Released,Onion_Half2_C_2147482349
166.981079,Right Hand Grab,Onion_Half_C_2147482350
167.936081,Right Hand Released,Onion_Half_C_2147482350
169.133209,Right Hand Grab,Onion_Choppable_C_2147482355
170.39473,Right Hand Released,Onion_Choppable_C_2147482355
171.105515,Right Hand Grab,Knife_C_1
171.970642,Chopped,Onion_Choppable_C_2147482355
172.727539,Chopped,Onion_Peeled_C_2147482347
174.149261,Chopped,Onion_Peeled_C_2147482347
175.16954,Right Hand Released,Knife_C_1
175.879883,Right Hand Grab,Onion_Half_C_2147482346
176.170609,Left Hand Grab,Onion_Half2_C_2147482345
177.237198,Left Hand Released,Onion_Half2_C_2147482345
177.280655,Right Hand Released,Onion_Half_C_2147482346
180.220215,Right Hand Grab,BeefStewCookbook_C_0
183.773209,Right Hand Grab,Tomato_Choppable_C_2147482396
183.973816,Left Hand Grab,BeefStewCookbook_C_0
185.4422,Left Hand Grab,Tomato_Choppable_C_2147482394
186.883011,Left Hand Released,Tomato_Choppable_C_2147482394
186.905838,Right Hand Released,Tomato_Choppable_C_2147482396
187.70282,Right Hand Grab,Knife_C_1
188.362595,Chopped,Tomato_Choppable_C_2147482396
189.477753,Chopped,Tomato_Choppable_C_2147482394
191.471802,Right Hand Released,Knife_C_1
205.406021,Right Hand Grab,Tomato_BottomHalf_Choppable_C_2147482341
205.427811,Left Hand Grab,Tomato_TopHalf_Choppable_C_2147482340
206.41066,Left Hand Released,Tomato_TopHalf_Choppable_C_2147482340
206.455841,Right Hand Released,Tomato_BottomHalf_Choppable_C_2147482341
207.369598,Left Hand Grab,Tomato_BottomHalf_Choppable_C_2147482339
207.414902,Right Hand Grab,Tomato_TopHalf_Choppable_C_2147482342
208.349045,Left Hand Released,Tomato_BottomHalf_Choppable_C_2147482339
208.369919,Right Hand Released,Tomato_TopHalf_Choppable_C_2147482342
210.481705,Right Hand Grab,BeefStewCookbook_C_0
213.72879,Right Hand Grab,Carrot_Choppable_C_2147482404
213.838882,Left Hand Grab,Carrot_Choppable_C_2147482400
219.387665,Right Hand Released,Carrot_Choppable_C_2147482404
219.409607,Left Hand Released,Carrot_Choppable_C_2147482400
220.365479,Right Hand Grab,Carrot_Choppable_C_2147482404
221.340149,Right Hand Released,Carrot_Choppable_C_2147482404
222.029266,Right Hand Grab,Knife_C_1
223.010254,Chopped,Carrot_Choppable_C_2147482400
223.855362,Chopped,CarrotBotton_Choppable_C_2147482335
224.698883,Chopped,CarrotBotton_Choppable_C_2147482335
225.518433,Chopped,CarrotBottomQuarter1_Choppable_C_2147482334
226.319244,Chopped,CarrotTop_Choppable_C_2147482336
227.737946,Chopped,Carrot_Choppable_C_2147482404
228.600723,Chopped,CarrotBotton_Choppable_C_2147482327
229.403763,Chopped,CarrotTop_Choppable_C_2147482328
230.274612,Chopped,CarrotBotton_Choppable_C_2147482327
231.255615,Right Hand Released,Knife_C_1
231.899216,Right Hand Grab,CarrotBottomQuarter2_Choppable_C_2147482323
232.855331,Left Hand Grab,CarrotTopQuarter1_Choppable_C_2147482326
233.881226,Left Hand Released,CarrotTopQuarter1_Choppable_C_2147482326
233.944962,Right Hand Released,CarrotBottomQuarter2_Choppable_C_2147482323
235.476364,Right Hand Grab,CarrotBottomQuarter1_Choppable_C_2147482324
235.564636,Left Hand Grab,CarrotBottomQuarter1_Choppable_C_2147482324
236.521378,Left Hand Released,CarrotBottomQuarter1_Choppable_C_2147482324
236.610611,Right Hand Released,CarrotBottomQuarter1_Choppable_C_2147482324
237.78595,Right Hand Grab,CarrotBottomQuarter1_Choppable_C_2147482324
238.82692,Right Hand Released,CarrotBottomQuarter1_Choppable_C_2147482324
239.555481,Left Hand Grab,CarrotTopQuarter1_Choppable_C_2147482330
240.177658,Right Hand Grab,CarrotBottomQuarter2_Choppable_C_2147482333
240.77739,Left Hand Released,CarrotTopQuarter1_Choppable_C_2147482330
241.292969,Right Hand Released,CarrotBottomQuarter2_Choppable_C_2147482333
242.313477,Right Hand Grab,CarrotBottomQuarter1_Choppable_C_2147482334
242.40242,Left Hand Grab,CarrotTopQuarter2_Choppable_C_2147482329
243.314133,Right Hand Released,CarrotBottomQuarter1_Choppable_C_2147482334
243.314133,Left Hand Released,CarrotTopQuarter2_Choppable_C_2147482329
244.272736,Right Hand Grab,CarrotTopQuarter2_Choppable_C_2147482325
245.251419,Right Hand Released,CarrotTopQuarter2_Choppable_C_2147482325
246.870377,Right Hand Grab,BeefStewCookbook_C_0
249.499954,Right Hand Grab,PepperShakerGrabable_C_2147482375
253.269882,Right Hand Released,PepperShakerGrabable_C_2147482375
254.562164,Right Hand Grab,SaltShakerGrabable_C_2147482376
258.205872,Right Hand Released,SaltShakerGrabable_C_2147482376
261.518097,Right Hand Grab,StirSpoon_C_2147482379
263.723511,Right Hand Released,StirSpoon_C_2147482379
264.812714,Right Hand Grab,BeefStewCookbook_C_0
265.654968,Right Hand Grab,StirSpoon_C_2147482379
271.118408,Right Hand Released,StirSpoon_C_2147482379
272.325836,Right Hand Grab,BeefStewCookbook_C_0
273.596375,Left Hand Grab,None
274.487793,Left Hand Grab,BeefStewCookbook_C_0
290.415222,Left Hand Grab,BeefStewCookbook_C_0
298.876526,Right Hand Grab,StirSpoon_C_2147482379
302.581757,Right Hand Released,StirSpoon_C_2147482379
302.802979,Right Hand Grab,Meat_QuarterRight2_C_2147482367
303.316467,Right Hand Released,Meat_QuarterRight2_C_2147482367
304.182098,Right Hand Grab,StirSpoon_C_2147482379
306.1409,Right Hand Released,StirSpoon_C_2147482379
309.526886,Right Hand Grab,BeefStewCookbook_C_0
