Session Time,Action Type,Interacted Object
19.258781,Right Hand Grab,None
20.885752,Right Hand Grab,None
22.240891,Right Hand Grab,BeefStewCookbook_C_0
56.352726,Right Hand Grab,None
57.37516,Right Hand Grab,Carrot_Choppable_C_2147482392
60.835728,Right Hand Released,Carrot_Choppable_C_2147482392
108.526871,Left Hand Grab,None
109.393425,Left Hand Grab,None
115.326767,Left Hand Grab,None
116.525627,Left Hand Grab,None
117.481354,Left Hand Grab,None
120.235168,Left Hand Grab,None
121.253624,Left Hand Grab,None
121.880325,Left Hand Grab,None
122.791672,Left Hand Grab,None
125.167603,Left Hand Grab,None
126.634186,Left Hand Grab,None
128.16864,Left Hand Grab,None
132.278214,Left Hand Grab,None
132.901428,Left Hand Grab,None
133.612213,Left Hand Grab,None
137.8405,Left Hand Grab,None
138.753372,Left Hand Grab,Carrot_Choppable_C_2147482388
139.932693,Left Hand Released,Carrot_Choppable_C_2147482388
163.700485,Left Hand Grab,None
173.731705,Right Hand Grab,BrothParent_C_2147482365
187.453903,Right Hand Released,BrothParent_C_2147482365
189.490524,Right Hand Grab,BrothParent_C_2147482365
190.334885,Right Hand Released,BrothParent_C_2147482365
191.222443,Right Hand Grab,BrothParent_C_2147482365
193.80072,Right Hand Released,BrothParent_C_2147482365
202.286301,Right Hand Grab,None
203.662262,Right Hand Grab,None
205.508698,Right Hand Grab,None
207.042801,Right Hand Grab,None
210.438629,Right Hand Grab,None
212.030853,Right Hand Grab,None
213.186646,Right Hand Grab,None
214.544968,Right Hand Grab,None
217.986664,Right Hand Grab,BeefStewCookbook_C_0
222.360565,Right Hand Grab,Meat_Choppable_C_2147482387
224.655945,Right Hand Released,Meat_Choppable_C_2147482387
226.424271,Right Hand Grab,Knife_C_1
228.551926,Chopped,Meat_Choppable_C_2147482387
229.547333,Chopped,Meat_HalfRight_Choppable_C_2147482349
230.103073,Chopped,Meat_HalfRight_Choppable_C_2147482349
230.679306,Chopped,Meat_HalfLeft_Choppable_C_2147482350
231.301331,Chopped,Meat_QuarterLeft1_C_2147482346
232.008911,Chopped,Meat_QuarterRight2_C_2147482347
232.604736,Chopped,Meat_QuarterLeft2_C_2147482345
233.338394,Chopped,Meat_QuarterRight2_C_2147482347
233.941818,Chopped,Meat_QuarterRight2_C_2147482347
234.567184,Chopped,Meat_QuarterLeft1_C_2147482346
235.144806,Chopped,Meat_QuarterLeft1_C_2147482346
236.937225,Right Hand Released,Knife_C_1
237.841324,Right Hand Grab,Knife_C_1
239.515442,Right Hand Released,Knife_C_1
240.851868,Right Hand Grab,Meat_QuarterRight2_C_2147482347
247.705032,Right Hand Released,Meat_QuarterRight2_C_2147482347
249.914322,Right Hand Grab,None
251.088867,Right Hand Grab,Meat_QuarterRight1_C_2147482348
252.440491,Right Hand Released,Meat_QuarterRight1_C_2147482348
254.151276,Right Hand Grab,Meat_QuarterLeft2_C_2147482345
255.620911,Right Hand Released,Meat_QuarterLeft2_C_2147482345
257.092133,Right Hand Grab,Meat_QuarterLeft1_C_2147482346
258.328094,Right Hand Released,Meat_QuarterLeft1_C_2147482346
260.468964,Right Hand Grab,Meat_Choppable_C_2147482351
262.605835,Right Hand Released,Meat_Choppable_C_2147482351
263.770416,Right Hand Grab,Knife_C_1
264.641296,Chopped,Meat_Choppable_C_2147482351
265.374237,Chopped,Meat_HalfLeft_Choppable_C_2147482339
266.238464,Chopped,Meat_HalfLeft_Choppable_C_2147482339
267.006348,Chopped,Meat_QuarterLeft2_C_2147482336
267.806091,Chopped,Meat_QuarterLeft2_C_2147482336
269.005493,Right Hand Released,Knife_C_1
272.672302,Right Hand Grab,Knife_C_1
273.494781,Right Hand Released,Knife_C_1
275.732666,Right Hand Grab,Meat_HalfRight_Choppable_C_2147482338
279.271393,Right Hand Released,Meat_HalfRight_Choppable_C_2147482338
280.765717,Right Hand Grab,Knife_C_1
282.610687,Chopped,Meat_HalfRight_Choppable_C_2147482338
283.833527,Chopped,Meat_QuarterLeft2_C_2147482336
284.836182,Chopped,Meat_QuarterLeft2_C_2147482336
285.536652,Chopped,Meat_QuarterLeft2_C_2147482336
286.274231,Chopped,Meat_QuarterLeft2_C_2147482336
287.077484,Chopped,Meat_QuarterLeft2_C_2147482336
289.85498,Right Hand Released,Knife_C_1
290.888702,Right Hand Grab,Meat_QuarterRight1_C_2147482335
292.821259,Right Hand Released,Meat_QuarterRight1_C_2147482335
295.287048,Right Hand Grab,Meat_QuarterLeft2_C_2147482336
296.955597,Right Hand Released,Meat_QuarterLeft2_C_2147482336
299.255035,Right Hand Grab,Meat_QuarterRight2_C_2147482334
301.621704,Right Hand Released,Meat_QuarterRight2_C_2147482334
304.0849,Right Hand Grab,Meat_QuarterLeft1_C_2147482337
306.017883,Right Hand Released,Meat_QuarterLeft1_C_2147482337
308.085052,Right Hand Grab,None
309.81897,Right Hand Grab,Meat_Choppable_C_2147482386
311.745483,Right Hand Released,Meat_Choppable_C_2147482386
314.464569,Right Hand Grab,Knife_C_1
315.217194,Chopped,Meat_Choppable_C_2147482386
316.568298,Chopped,Meat_HalfLeft_Choppable_C_2147482332
317.410065,Chopped,Meat_QuarterLeft2_C_2147482329
318.138245,Chopped,Meat_QuarterLeft2_C_2147482329
318.904083,Chopped,Meat_HalfRight_Choppable_C_2147482331
319.739929,Chopped,Meat_QuarterRight2_C_2147482325
320.606354,Chopped,Meat_QuarterLeft1_C_2147482330
320.677551,Right Hand Released,Knife_C_1
321.610107,Right Hand Grab,Knife_C_1
322.280243,Right Hand Released,Knife_C_1
322.680695,Right Hand Grab,Knife_C_1
324.283386,Right Hand Released,Knife_C_1
327.282684,Right Hand Grab,Meat_QuarterRight1_C_2147482326
329.582062,Right Hand Released,Meat_QuarterRight1_C_2147482326
331.81485,Right Hand Grab,Meat_QuarterLeft2_C_2147482329
333.381012,Right Hand Released,Meat_QuarterLeft2_C_2147482329
335.147736,Right Hand Grab,Meat_QuarterLeft1_C_2147482330
336.446198,Right Hand Released,Meat_QuarterLeft1_C_2147482330
339.270996,Right Hand Grab,Meat_QuarterRight2_C_2147482325
340.303558,Right Hand Released,Meat_QuarterRight2_C_2147482325
342.236694,Right Hand Grab,Meat_Choppable_C_2147482340
343.369812,Right Hand Released,Meat_Choppable_C_2147482340
344.369568,Right Hand Grab,Knife_C_1
345.403961,Chopped,Meat_Choppable_C_2147482340
346.236328,Chopped,Meat_HalfRight_Choppable_C_2147482322
346.935242,Chopped,Meat_HalfLeft_Choppable_C_2147482323
347.733917,Chopped,Meat_QuarterLeft2_C_2147482320
349.501282,Chopped,Meat_HalfRight_Choppable_C_2147482322
350.700409,Chopped,Meat_QuarterRight2_C_2147482318
351.729584,Chopped,Meat_QuarterRight1_C_2147482319
353.367096,Right Hand Released,Knife_C_1
354.034241,Right Hand Grab,StaticMeshActor_84
356.179749,Right Hand Released,StaticMeshActor_84
357.602875,Right Hand Grab,Meat_QuarterRight1_C_2147482319
359.725006,Right Hand Released,Meat_QuarterRight1_C_2147482319
364.530579,Right Hand Grab,None
365.90271,Right Hand Grab,None
369.303741,Right Hand Grab,None
370.037231,Right Hand Grab,BeefStewCookbook_C_0
376.453308,Right Hand Grab,None
378.053833,Right Hand Grab,None
379.432129,Right Hand Grab,None
380.942108,Right Hand Grab,Onion_Choppable_C_2147482376
382.100128,Right Hand Released,Onion_Choppable_C_2147482376
382.30307,Right Hand Grab,None
383.496887,Right Hand Grab,Onion_Choppable_C_2147482376
385.913757,Right Hand Released,Onion_Choppable_C_2147482376
387.713531,Right Hand Grab,Meat_QuarterLeft2_C_2147482320
388.54657,Right Hand Released,Meat_QuarterLeft2_C_2147482320
389.34906,Right Hand Grab,Meat_QuarterRight2_C_2147482318
390.249329,Right Hand Released,Meat_QuarterRight2_C_2147482318
391.049622,Right Hand Grab,Meat_QuarterLeft1_C_2147482321
391.882721,Right Hand Released,Meat_QuarterLeft1_C_2147482321
395.767639,Right Hand Grab,Knife_C_1
396.639801,Chopped,Onion_Choppable_C_2147482376
397.964569,Chopped,Onion_Peeled_C_2147482316
400.145691,Right Hand Released,Knife_C_1
401.87912,Right Hand Grab,Onion_Half_C_2147482313
403.810577,Right Hand Released,Onion_Half_C_2147482313
405.073181,Right Hand Grab,Onion_Half_C_2147482313
405.9758,Right Hand Released,Onion_Half_C_2147482313
407.809326,Right Hand Grab,Onion_Half2_C_2147482312
408.675568,Right Hand Released,Onion_Half2_C_2147482312
411.405884,Right Hand Grab,None
412.579712,Right Hand Grab,Onion_Choppable_C_2147482317
414.445587,Right Hand Released,Onion_Choppable_C_2147482317
415.463531,Right Hand Grab,Knife_C_1
416.221893,Chopped,Onion_Choppable_C_2147482317
417.100525,Chopped,Onion_Peeled_C_2147482310
418.06366,Chopped,Onion_Peeled_C_2147482310
419.87085,Right Hand Released,Knife_C_1
420.773743,Right Hand Grab,Onion_Half_C_2147482309
422.608704,Right Hand Released,Onion_Half_C_2147482309
423.907227,Right Hand Grab,Onion_Half2_C_2147482308
425.008514,Right Hand Released,Onion_Half2_C_2147482308
428.088165,Right Hand Grab,None
429.290405,Right Hand Grab,None
430.514038,Right Hand Grab,Onion_Choppable_C_2147482311
434.171814,Right Hand Released,Onion_Choppable_C_2147482311
436.059906,Right Hand Grab,Knife_C_1
437.085785,Chopped,Onion_Choppable_C_2147482311
438.192444,Chopped,Onion_Peeled_C_2147482304
439.897034,Right Hand Released,Knife_C_1
440.329742,Right Hand Grab,Onion_Half_C_2147482303
443.669434,Right Hand Released,Onion_Half_C_2147482303
445.138245,Right Hand Grab,Onion_Half2_C_2147482302
446.904602,Right Hand Released,Onion_Half2_C_2147482302
450.330963,Right Hand Grab,BeefStewCookbook_C_0
453.955475,Right Hand Grab,None
454.955505,Right Hand Grab,Tomato_Choppable_C_2147482381
457.834747,Right Hand Released,Tomato_Choppable_C_2147482381
459.301971,Right Hand Grab,Knife_C_1
460.548431,Chopped,Tomato_Choppable_C_2147482381
462.696503,Right Hand Released,Knife_C_1
463.766998,Right Hand Grab,Tomato_TopHalf_Choppable_C_2147482300
466.546112,Right Hand Released,Tomato_TopHalf_Choppable_C_2147482300
467.610138,Right Hand Grab,Tomato_BottomHalf_Choppable_C_2147482299
468.671722,Right Hand Released,Tomato_BottomHalf_Choppable_C_2147482299
473.854645,Right Hand Grab,Tomato_Choppable_C_2147482301
475.793243,Right Hand Released,Tomato_Choppable_C_2147482301
477.055969,Right Hand Grab,Knife_C_1
477.656067,Chopped,Tomato_Choppable_C_2147482301
479.522278,Right Hand Released,Knife_C_1
480.486755,Right Hand Grab,Tomato_BottomHalf_Choppable_C_2147482294
482.194275,Right Hand Released,Tomato_BottomHalf_Choppable_C_2147482294
483.264832,Right Hand Grab,Tomato_TopHalf_Choppable_C_2147482295
484.46347,Right Hand Released,Tomato_TopHalf_Choppable_C_2147482295
487.212921,Right Hand Grab,BeefStewCookbook_C_0
491.079407,Right Hand Grab,Potato_Choppable_C_2147482393
492.870056,Right Hand Released,Potato_Choppable_C_2147482393
493.479248,Right Hand Grab,Potato_Choppable_C_2147482393
495.050659,Right Hand Released,Potato_Choppable_C_2147482393
495.888184,Right Hand Grab,StaticMeshActor_31
497.125122,Right Hand Released,StaticMeshActor_31
497.874756,Right Hand Grab,Potato_Choppable_C_2147482393
500.319214,Right Hand Released,Potato_Choppable_C_2147482393
501.659454,Right Hand Grab,Knife_C_1
502.691833,Chopped,Potato_Choppable_C_2147482393
504.30899,Right Hand Released,Knife_C_1
505.314789,Right Hand Grab,Potato_TopHalf_Choppable_C_2147482290
508.124573,Right Hand Released,Potato_TopHalf_Choppable_C_2147482290
509.364899,Right Hand Grab,Potato_BottomHalf_Choppable_C_2147482289
510.410187,Right Hand Released,Potato_BottomHalf_Choppable_C_2147482289
514.480164,Right Hand Grab,None
515.639526,Right Hand Grab,Potato_Choppable_C_2147482397
517.187866,Right Hand Released,Potato_Choppable_C_2147482397
517.950195,Right Hand Grab,Knife_C_1
518.616821,Chopped,Potato_Choppable_C_2147482397
519.821472,Right Hand Released,Knife_C_1
520.52179,Right Hand Grab,Potato_BottomHalf_Choppable_C_2147482286
522.189026,Right Hand Released,Potato_BottomHalf_Choppable_C_2147482286
523.523987,Right Hand Grab,Potato_TopHalf_Choppable_C_2147482287
524.723267,Right Hand Released,Potato_TopHalf_Choppable_C_2147482287
526.424255,Right Hand Grab,Potato_Choppable_C_2147482288
527.923096,Right Hand Released,Potato_Choppable_C_2147482288
528.425659,Right Hand Grab,Knife_C_1
529.061279,Chopped,Potato_Choppable_C_2147482288
530.190613,Right Hand Released,Knife_C_1
531.2948,Right Hand Grab,Potato_BottomHalf_Choppable_C_2147482283
532.564209,Right Hand Released,Potato_BottomHalf_Choppable_C_2147482283
533.831543,Right Hand Grab,Potato_TopHalf_Choppable_C_2147482284
534.434875,Right Hand Released,Potato_TopHalf_Choppable_C_2147482284
536.789185,Right Hand Grab,BeefStewCookbook_C_0
540.918335,Right Hand Grab,None
542.030334,Right Hand Grab,None
543.208984,Right Hand Grab,None
544.455933,Right Hand Grab,None
545.615295,Right Hand Grab,Carrot_Choppable_C_2147482361
547.253784,Right Hand Released,Carrot_Choppable_C_2147482361
551.118225,Right Hand Grab,Knife_C_1
551.740479,Chopped,Carrot_Choppable_C_2147482361
552.692078,Chopped,CarrotTop_Choppable_C_2147482281
553.761719,Chopped,CarrotTop_Choppable_C_2147482281
554.968933,Chopped,CarrotBotton_Choppable_C_2147482280
556.572144,Right Hand Released,Knife_C_1
557.340027,Right Hand Grab,CarrotBottomQuarter1_Choppable_C_2147482277
559.139954,Right Hand Released,CarrotBottomQuarter1_Choppable_C_2147482277
560.339172,Right Hand Grab,CarrotTopQuarter2_Choppable_C_2147482278
561.606323,Right Hand Released,CarrotTopQuarter2_Choppable_C_2147482278
562.739746,Right Hand Grab,CarrotTopQuarter1_Choppable_C_2147482279
563.872437,Right Hand Released,CarrotTopQuarter1_Choppable_C_2147482279
564.876099,Right Hand Grab,CarrotTopQuarter1_Choppable_C_2147482279
566.149719,Right Hand Released,CarrotTopQuarter1_Choppable_C_2147482279
567.515259,Right Hand Grab,CarrotBottomQuarter2_Choppable_C_2147482276
568.883301,Right Hand Released,CarrotBottomQuarter2_Choppable_C_2147482276
570.815857,Right Hand Grab,Carrot_Choppable_C_2147482282
572.347229,Right Hand Released,Carrot_Choppable_C_2147482282
573.082397,Right Hand Grab,Knife_C_1
574.116028,Chopped,Carrot_Choppable_C_2147482282
575.650574,Chopped,CarrotTop_Choppable_C_2147482272
576.91626,Chopped,CarrotBotton_Choppable_C_2147482271
578.582397,Right Hand Released,Knife_C_1
580.783813,Right Hand Grab,CarrotBottomQuarter1_Choppable_C_2147482268
582.380066,Right Hand Released,CarrotBottomQuarter1_Choppable_C_2147482268
583.784607,Right Hand Grab,CarrotBottomQuarter2_Choppable_C_2147482267
585.313354,Right Hand Released,CarrotBottomQuarter2_Choppable_C_2147482267
586.713867,Right Hand Grab,CarrotTopQuarter1_Choppable_C_2147482270
588.113159,Right Hand Released,CarrotTopQuarter1_Choppable_C_2147482270
588.946228,Right Hand Grab,BeefStewCookbook_C_0
590.27832,Right Hand Grab,CarrotTopQuarter2_Choppable_C_2147482269
591.445557,Right Hand Released,CarrotTopQuarter2_Choppable_C_2147482269
597.663818,Right Hand Grab,SaltShakerGrabable_C_2147482364
603.475403,Right Hand Released,SaltShakerGrabable_C_2147482364
605.607971,Right Hand Grab,BeefStewCookbook_C_0
606.856323,Right Hand Grab,BeefStewCookbook_C_0
614.49939,Right Hand Grab,SaltShakerGrabable_C_2147482364
619.860718,Right Hand Released,SaltShakerGrabable_C_2147482364
621.475586,Right Hand Grab,PepperShakerGrabable_C_2147482363
628.892761,Right Hand Released,PepperShakerGrabable_C_2147482363
637.153748,Right Hand Grab,SaltShakerGrabable_C_2147482364
643.852112,Right Hand Released,SaltShakerGrabable_C_2147482364
645.141785,Right Hand Grab,StaticMeshActor_23
646.228088,Right Hand Released,StaticMeshActor_23
646.983276,Right Hand Grab,PepperShakerGrabable_C_2147482363
655.43219,Right Hand Released,PepperShakerGrabable_C_2147482363
656.143555,Right Hand Grab,PepperShakerGrabable_C_2147482363
657.98761,Right Hand Released,PepperShakerGrabable_C_2147482363
663.791931,Right Hand Grab,StirSpoon_C_2147482367
674.74762,Right Hand Released,StirSpoon_C_2147482367
677.021057,Right Hand Grab,BeefStewCookbook_C_0
682.282837,Right Hand Grab,NewLadle_C_2147482262
690.014771,Right Hand Released,NewLadle_C_2147482262
695.511963,Right Hand Grab,StewBowl_C_2147482260
700.446899,Right Hand Released,StewBowl_C_2147482260
