Session Time,Action Type,Interacted Object
7.167913,Right Hand Grab,BeefStewCookbook_C_0
11.62844,Right Hand Grab,BrothParent_C_2147482365
28.04141,Right Hand Released,BrothParent_C_2147482365
31.538145,Right Hand Grab,BeefStewCookbook_C_0
34.133064,Left Hand Grab,Meat_Choppable_C_2147482387
35.923763,Left Hand Released,Meat_Choppable_C_2147482387
36.926796,Right Hand Grab,Knife_C_1
38.349117,Chopped,Meat_Choppable_C_2147482387
40.501431,Chopped,Meat_HalfLeft_Choppable_C_2147482358
44.073959,Right Hand Released,Knife_C_1
45.566616,Right Hand Grab,Meat_QuarterLeft2_C_2147482355
48.025749,Right Hand Grab,Meat_HalfRight_Choppable_C_2147482357
49.55619,Right Hand Released,Meat_HalfRight_Choppable_C_2147482357
50.469585,Right Hand Grab,Meat_QuarterLeft1_C_2147482356
52.08416,Right Hand Released,Meat_QuarterLeft1_C_2147482356
53.776745,Right Hand Grab,Knife_C_1
54.735348,Chopped,Meat_HalfRight_Choppable_C_2147482357
57.901348,Right Hand Released,Knife_C_1
58.744522,Right Hand Grab,Meat_QuarterRight2_C_2147482353
61.338879,Right Hand Grab,Meat_QuarterRight1_C_2147482354
64.640488,Left Hand Grab,Meat_Choppable_C_2147482359
66.844009,Right Hand Grab,Knife_C_1
67.65889,Chopped,Meat_Choppable_C_2147482359
70.558334,Chopped,Meat_HalfLeft_Choppable_C_2147482351
71.088005,Chopped,Meat_QuarterLeft1_C_2147482349
73.531883,Right Hand Released,Knife_C_1
74.823837,Right Hand Grab,Meat_HalfRight_Choppable_C_2147482350
76.307083,Right Hand Released,Meat_HalfRight_Choppable_C_2147482350
77.328415,Right Hand Grab,Knife_C_1
78.301834,Chopped,Meat_HalfRight_Choppable_C_2147482350
81.064873,Right Hand Released,Knife_C_1
81.775513,Right Hand Grab,Meat_QuarterRight2_C_2147482346
84.550117,Right Hand Grab,Meat_QuarterRight1_C_2147482347
87.437721,Left Hand Grab,Meat_QuarterLeft1_C_2147482349
90.247902,Right Hand Grab,Meat_QuarterLeft2_C_2147482348
91.851913,Right Hand Released,Meat_QuarterLeft2_C_2147482348
93.80307,Right Hand Grab,BeefStewCookbook_C_0
96.389275,Right Hand Grab,Onion_Choppable_C_2147482375
98.364937,Right Hand Released,Onion_Choppable_C_2147482375
99.450249,Left Hand Grab,Onion_Choppable_C_2147482375
100.001495,Right Hand Grab,Knife_C_1
100.756935,Chopped,Onion_Choppable_C_2147482375
102.135353,Chopped,Onion_Peeled_C_2147482342
104.229637,Right Hand Released,Knife_C_1
105.256149,Right Hand Grab,Onion_Half_C_2147482341
106.385078,Left Hand Grab,Onion_Half2_C_2147482340
108.296013,Right Hand Released,Onion_Half_C_2147482341
110.280434,Right Hand Grab,Onion_Choppable_C_2147482343
112.13102,Right Hand Released,Onion_Choppable_C_2147482343
112.813904,Right Hand Grab,Knife_C_1
113.610123,Left Hand Grab,Onion_Choppable_C_2147482343
114.079872,Chopped,Onion_Choppable_C_2147482343
115.416641,Chopped,Onion_Peeled_C_2147482338
117.475639,Right Hand Released,Knife_C_1
118.501335,Right Hand Grab,Onion_Half_C_2147482337
119.674759,Left Hand Grab,Onion_Half2_C_2147482336
123.614738,Right Hand Released,Onion_Half_C_2147482337
126.070648,Right Hand Grab,BeefStewCookbook_C_0
129.631958,Right Hand Grab,Tomato_Choppable_C_2147482384
131.935074,Right Hand Released,Tomato_Choppable_C_2147482384
132.887115,Left Hand Grab,Tomato_Choppable_C_2147482384
133.31012,Right Hand Grab,Knife_C_1
134.017578,Chopped,Tomato_Choppable_C_2147482384
135.728241,Right Hand Released,Knife_C_1
136.631119,Right Hand Grab,Tomato_BottomHalf_Choppable_C_2147482333
137.227066,Right Hand Released,Tomato_BottomHalf_Choppable_C_2147482333
137.897903,Left Hand Grab,Tomato_TopHalf_Choppable_C_2147482334
140.923309,Right Hand Grab,Tomato_BottomHalf_Choppable_C_2147482333
141.403137,Right Hand Released,Tomato_BottomHalf_Choppable_C_2147482333
141.780838,Right Hand Grab,Tomato_BottomHalf_Choppable_C_2147482333
142.766357,Right Hand Released,Tomato_BottomHalf_Choppable_C_2147482333
143.165558,Left Hand Grab,Tomato_BottomHalf_Choppable_C_2147482333
144.403,Left Hand Released,Tomato_BottomHalf_Choppable_C_2147482333
144.569031,Right Hand Grab,Tomato_BottomHalf_Choppable_C_2147482333
145.240189,Right Hand Released,Tomato_BottomHalf_Choppable_C_2147482333
145.772827,Right Hand Grab,Tomato_BottomHalf_Choppable_C_2147482333
146.587738,Right Hand Released,Tomato_BottomHalf_Choppable_C_2147482333
147.433289,Left Hand Grab,Tomato_BottomHalf_Choppable_C_2147482333
148.500137,Left Hand Released,Tomato_BottomHalf_Choppable_C_2147482333
150.040054,Right Hand Grab,Tomato_Choppable_C_2147482383
152.26207,Right Hand Released,Tomato_Choppable_C_2147482383
152.857651,Left Hand Grab,Tomato_Choppable_C_2147482383
153.280045,Right Hand Grab,Knife_C_1
153.926788,Chopped,Tomato_Choppable_C_2147482383
155.875122,Right Hand Released,Knife_C_1
156.608154,Right Hand Grab,Tomato_BottomHalf_Choppable_C_2147482330
157.186005,Right Hand Released,Tomato_BottomHalf_Choppable_C_2147482330
157.808655,Right Hand Grab,Tomato_BottomHalf_Choppable_C_2147482330
158.413452,Right Hand Released,Tomato_BottomHalf_Choppable_C_2147482330
159.444473,Left Hand Grab,Tomato_TopHalf_Choppable_C_2147482331
163.577621,Left Hand Released,Tomato_TopHalf_Choppable_C_2147482331
164.533157,Left Hand Grab,Tomato_BottomHalf_Choppable_C_2147482330
165.906662,Left Hand Released,Tomato_BottomHalf_Choppable_C_2147482330
166.127731,Right Hand Grab,Tomato_BottomHalf_Choppable_C_2147482330
166.641174,Right Hand Released,Tomato_BottomHalf_Choppable_C_2147482330
167.111328,Right Hand Grab,Tomato_BottomHalf_Choppable_C_2147482330
167.705811,Right Hand Released,Tomato_BottomHalf_Choppable_C_2147482330
168.45755,Right Hand Grab,Tomato_BottomHalf_Choppable_C_2147482330
169.504318,Right Hand Released,Tomato_BottomHalf_Choppable_C_2147482330
170.374802,Right Hand Grab,Tomato_BottomHalf_Choppable_C_2147482330
171.153976,Right Hand Released,Tomato_BottomHalf_Choppable_C_2147482330
172.017609,Right Hand Grab,Knife_C_1
172.931839,Chopped,Tomato_TopHalf_Choppable_C_2147482331
174.690704,Chopped,Tomato_TopHalf_Choppable_C_2147482331
176.261154,Right Hand Released,Knife_C_1
178.091034,Right Hand Grab,Tomato_BottomHalf_Choppable_C_2147482333
178.698044,Right Hand Released,Tomato_BottomHalf_Choppable_C_2147482333
179.197998,Left Hand Grab,Tomato_TopHalf_Choppable_C_2147482331
181.511475,Left Hand Released,Tomato_TopHalf_Choppable_C_2147482331
183.518585,Right Hand Grab,Tomato_BottomHalf_Choppable_C_2147482330
184.41069,Right Hand Released,Tomato_BottomHalf_Choppable_C_2147482330
184.699661,Right Hand Grab,Tomato_BottomHalf_Choppable_C_2147482330
185.479355,Right Hand Released,Tomato_BottomHalf_Choppable_C_2147482330
186.07518,Right Hand Grab,Tomato_BottomHalf_Choppable_C_2147482330
187.097458,Right Hand Released,Tomato_BottomHalf_Choppable_C_2147482330
187.675171,Left Hand Grab,Tomato_BottomHalf_Choppable_C_2147482333
188.538574,Left Hand Released,Tomato_BottomHalf_Choppable_C_2147482333
188.956848,Right Hand Grab,Tomato_BottomHalf_Choppable_C_2147482330
188.978821,Left Hand Grab,None
189.872055,Right Hand Released,Tomato_BottomHalf_Choppable_C_2147482330
191.694824,Right Hand Grab,Tomato_Choppable_C_2147482335
194.253922,Right Hand Released,Tomato_Choppable_C_2147482335
195.072433,Left Hand Grab,Tomato_Choppable_C_2147482335
195.935593,Right Hand Grab,Knife_C_1
196.865631,Chopped,Tomato_Choppable_C_2147482335
199.107086,Right Hand Released,Knife_C_1
199.910431,Right Hand Grab,Tomato_TopHalf_Choppable_C_2147482326
203.480438,Right Hand Grab,Tomato_BottomHalf_Choppable_C_2147482330
204.242447,Right Hand Released,Tomato_BottomHalf_Choppable_C_2147482330
204.750534,Right Hand Grab,Tomato_TopHalf_Choppable_C_2147482331
208.704758,Right Hand Grab,BeefStewCookbook_C_0
210.044373,Right Hand Grab,Tomato_Choppable_C_2147482382
212.540543,Right Hand Released,Tomato_Choppable_C_2147482382
213.361786,Left Hand Grab,Tomato_Choppable_C_2147482382
213.91301,Right Hand Grab,Knife_C_1
214.513702,Chopped,Tomato_Choppable_C_2147482382
215.862625,Right Hand Released,Knife_C_1
216.729126,Right Hand Grab,Tomato_BottomHalf_Choppable_C_2147482325
217.444244,Right Hand Released,Tomato_BottomHalf_Choppable_C_2147482325
218.18866,Right Hand Grab,Tomato_BottomHalf_Choppable_C_2147482330
218.721786,Right Hand Released,Tomato_BottomHalf_Choppable_C_2147482330
219.125381,Right Hand Grab,Tomato_TopHalf_Choppable_C_2147482321
224.698303,Left Hand Grab,Potato_Choppable_C_2147482396
227.754288,Right Hand Grab,Knife_C_1
228.127869,Chopped,Potato_Choppable_C_2147482396
229.547073,Right Hand Released,Knife_C_1
230.454681,Right Hand Grab,Potato_TopHalf_Choppable_C_2147482318
232.039429,Right Hand Released,Potato_TopHalf_Choppable_C_2147482318
233.065704,Right Hand Grab,Potato_BottomHalf_Choppable_C_2147482317
234.489731,Right Hand Released,Potato_BottomHalf_Choppable_C_2147482317
235.797607,Left Hand Grab,Potato_Choppable_C_2147482397
238.044998,Right Hand Grab,Knife_C_1
238.801208,Chopped,Potato_Choppable_C_2147482397
240.175934,Right Hand Released,Knife_C_1
241.263336,Right Hand Grab,Potato_TopHalf_Choppable_C_2147482315
242.32579,Left Hand Grab,Tomato_BottomHalf_Choppable_C_2147482330
243.211746,Left Hand Released,Tomato_BottomHalf_Choppable_C_2147482330
244.984558,Right Hand Grab,Potato_BottomHalf_Choppable_C_2147482314
247.85434,Right Hand Grab,BeefStewCookbook_C_0
250.281418,Left Hand Grab,Carrot_Choppable_C_2147482391
252.385529,Right Hand Grab,Knife_C_1
253.293228,Chopped,Carrot_Choppable_C_2147482391
255.977875,Right Hand Released,Knife_C_1
257.984863,Right Hand Grab,CarrotTop_Choppable_C_2147482310
259.72171,Right Hand Released,CarrotTop_Choppable_C_2147482310
260.692017,Right Hand Grab,Tomato_BottomHalf_Choppable_C_2147482330
261.594879,Right Hand Released,Tomato_BottomHalf_Choppable_C_2147482330
262.352142,Right Hand Grab,Tomato_BottomHalf_Choppable_C_2147482320
265.149017,Right Hand Released,Tomato_BottomHalf_Choppable_C_2147482320
266.551849,Right Hand Grab,Tomato_BottomHalf_Choppable_C_2147482330
267.125885,Right Hand Released,Tomato_BottomHalf_Choppable_C_2147482330
267.459381,Right Hand Grab,Tomato_BottomHalf_Choppable_C_2147482325
269.406433,Right Hand Released,Tomato_BottomHalf_Choppable_C_2147482325
270.87323,Right Hand Grab,CarrotTop_Choppable_C_2147482310
272.613495,Right Hand Released,CarrotTop_Choppable_C_2147482310
273.576294,Right Hand Grab,Knife_C_1
274.491913,Left Hand Grab,CarrotTop_Choppable_C_2147482310
274.983612,Chopped,CarrotTop_Choppable_C_2147482310
277.178833,Right Hand Released,Knife_C_1
279.105377,Right Hand Grab,CarrotTopQuarter2_Choppable_C_2147482305
279.971039,Left Hand Grab,CarrotTopQuarter1_Choppable_C_2147482306
283.691925,Left Hand Grab,CarrotBotton_Choppable_C_2147482309
284.777618,Right Hand Grab,Knife_C_1
285.759247,Chopped,CarrotBotton_Choppable_C_2147482309
286.472107,Chopped,Tomato_BottomHalf_Choppable_C_2147482333
287.432007,Right Hand Released,Knife_C_1
288.743408,Right Hand Grab,Tomato_BottomHalf_Choppable_C_2147482333
289.7836,Right Hand Released,Tomato_BottomHalf_Choppable_C_2147482333
290.247314,Right Hand Grab,CarrotBottomQuarter2_Choppable_C_2147482303
291.065521,Left Hand Grab,CarrotBottomQuarter1_Choppable_C_2147482304
293.101685,Left Hand Released,CarrotBottomQuarter1_Choppable_C_2147482304
294.842346,Right Hand Grab,Carrot_Choppable_C_2147482392
296.801666,Right Hand Released,Carrot_Choppable_C_2147482392
297.556274,Right Hand Grab,Knife_C_1
298.246216,Left Hand Grab,None
299.109222,Chopped,Carrot_Choppable_C_2147482392
300.285309,Chopped,CarrotBotton_Choppable_C_2147482300
301.972687,Chopped,CarrotTop_Choppable_C_2147482301
303.353851,Right Hand Released,Knife_C_1
304.040344,Right Hand Grab,CarrotTopQuarter1_Choppable_C_2147482297
304.861694,Left Hand Grab,StaticMeshActor_31
306.726227,Left Hand Released,StaticMeshActor_31
307.522583,Left Hand Grab,CarrotTopQuarter1_Choppable_C_2147482297
308.907562,Left Hand Released,CarrotTopQuarter1_Choppable_C_2147482297
310.627747,Right Hand Grab,Tomato_BottomHalf_Choppable_C_2147482330
311.373413,Right Hand Released,Tomato_BottomHalf_Choppable_C_2147482330
311.618164,Left Hand Grab,CarrotBottomQuarter1_Choppable_C_2147482299
314.331635,Right Hand Grab,CarrotTopQuarter2_Choppable_C_2147482296
316.08551,Right Hand Released,CarrotTopQuarter2_Choppable_C_2147482296
317.320251,Right Hand Grab,Tomato_BottomHalf_Choppable_C_2147482330
317.880737,Right Hand Released,Tomato_BottomHalf_Choppable_C_2147482330
318.19043,Left Hand Grab,CarrotBottomQuarter2_Choppable_C_2147482298
321.667755,Right Hand Grab,BeefStewCookbook_C_0
323.989502,Right Hand Grab,None
325.148987,Right Hand Grab,BeefStewCookbook_C_0
326.263794,Right Hand Grab,BeefStewCookbook_C_0
329.21167,Right Hand Grab,PepperShakerGrabable_C_2147482363
336.787811,Right Hand Released,PepperShakerGrabable_C_2147482363
340.186157,Right Hand Grab,StaticMeshActor_23
341.100128,Right Hand Released,StaticMeshActor_23
343.388641,Right Hand Grab,PepperShakerGrabable_C_2147482363
343.855438,Right Hand Released,PepperShakerGrabable_C_2147482363
345.522705,Right Hand Grab,SaltShakerGrabable_C_2147482364
353.511505,Right Hand Released,SaltShakerGrabable_C_2147482364
357.785004,Right Hand Grab,StaticMeshActor_31
377.307037,Right Hand Released,StaticMeshActor_31
382.534485,Right Hand Grab,StaticMeshActor_84
383.931519,Right Hand Released,StaticMeshActor_84
385.667694,Right Hand Grab,StaticMeshActor_84
386.777161,Right Hand Released,StaticMeshActor_84
389.393127,Right Hand Grab,StirSpoon_C_2147482367
401.559021,Right Hand Released,StirSpoon_C_2147482367
403.542542,Right Hand Grab,BeefStewCookbook_C_0
408.169708,Right Hand Grab,NewLadle_C_2147482293
417.773926,Right Hand Released,NewLadle_C_2147482293
428.474152,Right Hand Grab,BeefStewCookbook_C_0
431.261597,Left Hand Grab,StewBowl_C_2147482291
431.284302,Right Hand Grab,StewBowl_C_2147482291
433.926758,Left Hand Released,StewBowl_C_2147482291
434.22757,Right Hand Released,StewBowl_C_2147482291
