Session Time,Action Type,Interacted Object
25.245382,Left Hand Grab,None
26.911528,Left Hand Grab,StaticMeshActor_31
30.800169,Left Hand Released,StaticMeshActor_31
41.108894,Left Hand Grab,StaticMeshActor_102
41.997662,Left Hand Released,StaticMeshActor_102
42.864521,Left Hand Grab,StaticMeshActor_102
47.240921,Left Hand Released,StaticMeshActor_102
60.645191,Left Hand Grab,None
63.645351,Left Hand Grab,BeefStewCookbook_C_0
154.958603,Left Hand Grab,BrothParent_C_2147482365
170.2155,Left Hand Released,BrothParent_C_2147482365
171.016785,Left Hand Grab,None
172.634705,Left Hand Grab,BrothParent_C_2147482365
176.730621,Left Hand Released,BrothParent_C_2147482365
178.865891,Left Hand Grab,BrothParent_C_2147482365
181.600266,Left Hand Released,BrothParent_C_2147482365
188.057114,Right Hand Grab,BeefStewCookbook_C_0
195.117142,Left Hand Grab,Meat_Choppable_C_2147482387
200.157211,Right Hand Grab,Knife_C_1
202.937393,Chopped,Meat_Choppable_C_2147482387
204.066513,Right Hand Released,Knife_C_1
205.706421,Right Hand Grab,Knife_C_1
206.746826,Chopped,Meat_HalfRight_Choppable_C_2147482353
207.74234,Chopped,Meat_QuarterRight1_C_2147482352
209.159973,Chopped,Meat_QuarterRight2_C_2147482351
211.942856,Chopped,Meat_HalfLeft_Choppable_C_2147482354
213.461914,Chopped,Meat_QuarterLeft2_C_2147482349
214.576157,Chopped,Meat_QuarterRight2_C_2147482351
215.376053,Chopped,Meat_QuarterRight2_C_2147482351
216.200256,Right Hand Released,Knife_C_1
216.797073,Right Hand Grab,StaticMeshActor_84
217.085999,Right Hand Released,StaticMeshActor_84
218.747406,Right Hand Grab,Meat_QuarterLeft2_C_2147482349
219.658051,Right Hand Released,Meat_QuarterLeft2_C_2147482349
220.80658,Right Hand Grab,StaticMeshActor_84
222.24791,Right Hand Released,StaticMeshActor_84
222.933136,Right Hand Grab,None
224.541504,Right Hand Grab,StaticMeshActor_84
227.215149,Right Hand Released,StaticMeshActor_84
228.932663,Right Hand Grab,Knife_C_1
232.267593,Right Hand Released,Knife_C_1
235.158127,Left Hand Grab,Meat_QuarterLeft1_C_2147482350
235.713013,Left Hand Released,Meat_QuarterLeft1_C_2147482350
236.691162,Left Hand Grab,Meat_QuarterLeft1_C_2147482350
237.491776,Left Hand Released,Meat_QuarterLeft1_C_2147482350
238.598923,Left Hand Grab,StaticMeshActor_31
239.377106,Left Hand Released,StaticMeshActor_31
244.193726,Right Hand Grab,Meat_QuarterRight2_C_2147482351
249.722717,Left Hand Grab,Meat_QuarterLeft2_C_2147482349
251.448318,Left Hand Released,Meat_QuarterLeft2_C_2147482349
252.917923,Left Hand Grab,Meat_QuarterLeft1_C_2147482350
258.851135,Left Hand Grab,Meat_Choppable_C_2147482355
260.250336,Left Hand Released,Meat_Choppable_C_2147482355
261.408936,Left Hand Grab,Knife_C_1
262.102448,Chopped,Meat_Choppable_C_2147482355
262.657745,Chopped,Meat_HalfLeft_Choppable_C_2147482341
263.301147,Chopped,Meat_HalfRight_Choppable_C_2147482340
264.149048,Chopped,Meat_QuarterRight1_C_2147482339
264.88678,Chopped,Meat_HalfLeft_Choppable_C_2147482341
265.619232,Chopped,Meat_QuarterLeft2_C_2147482336
266.286194,Left Hand Released,Knife_C_1
267.306885,Right Hand Grab,Meat_QuarterRight1_C_2147482339
268.834259,Right Hand Released,Meat_QuarterRight1_C_2147482339
269.652313,Right Hand Grab,Meat_QuarterRight2_C_2147482338
270.921936,Right Hand Released,Meat_QuarterRight2_C_2147482338
271.807312,Right Hand Grab,Meat_QuarterLeft2_C_2147482336
274.378967,Right Hand Grab,Meat_QuarterLeft1_C_2147482337
275.91214,Right Hand Released,Meat_QuarterLeft1_C_2147482337
276.848999,Left Hand Grab,Meat_Choppable_C_2147482342
278.140381,Left Hand Released,Meat_Choppable_C_2147482342
280.851318,Left Hand Grab,Knife_C_1
282.053528,Chopped,Meat_Choppable_C_2147482342
282.695923,Chopped,Meat_HalfLeft_Choppable_C_2147482334
283.296539,Chopped,Meat_HalfRight_Choppable_C_2147482333
283.648468,Left Hand Released,Knife_C_1
284.868835,Left Hand Grab,Knife_C_1
286.264038,Left Hand Released,Knife_C_1
287.648834,Right Hand Grab,Meat_QuarterRight2_C_2147482331
289.385834,Right Hand Released,Meat_QuarterRight2_C_2147482331
292.963989,Right Hand Grab,BeefStewCookbook_C_0
297.146637,Left Hand Grab,Meat_HalfLeft_Choppable_C_2147482334
298.387482,Left Hand Released,Meat_HalfLeft_Choppable_C_2147482334
300.118347,Left Hand Grab,Meat_QuarterRight1_C_2147482332
301.337311,Left Hand Released,Meat_QuarterRight1_C_2147482332
304.930481,Left Hand Grab,Onion_Choppable_C_2147482379
306.538025,Left Hand Released,Onion_Choppable_C_2147482379
307.852112,Left Hand Grab,Onion_Choppable_C_2147482375
309.720123,Left Hand Released,Onion_Choppable_C_2147482375
310.738617,Right Hand Grab,Knife_C_1
311.965027,Chopped,Onion_Choppable_C_2147482379
313.980988,Chopped,Onion_Choppable_C_2147482375
314.820801,Right Hand Released,Knife_C_1
316.399414,Left Hand Grab,Onion_Peeled_C_2147482325
319.329529,Left Hand Released,Onion_Peeled_C_2147482325
320.68692,Left Hand Grab,Knife_C_1
321.375214,Chopped,Onion_Peeled_C_2147482325
322.869781,Left Hand Released,Knife_C_1
324.646545,Left Hand Grab,Knife_C_1
325.598053,Chopped,Onion_Peeled_C_2147482326
326.905579,Left Hand Released,Knife_C_1
327.464844,Left Hand Grab,Knife_C_1
328.131714,Left Hand Released,Knife_C_1
331.284149,Left Hand Grab,Onion_Half2_C_2147482323
332.509705,Left Hand Released,Onion_Half2_C_2147482323
333.483887,Right Hand Grab,Onion_Half_C_2147482322
335.013916,Right Hand Released,Onion_Half_C_2147482322
336.421417,Left Hand Grab,Onion_Half2_C_2147482321
337.839355,Left Hand Released,Onion_Half2_C_2147482321
338.858124,Right Hand Grab,Onion_Half_C_2147482324
340.390411,Right Hand Released,Onion_Half_C_2147482324
343.016571,Right Hand Grab,BeefStewCookbook_C_0
346.316498,Left Hand Grab,Tomato_Choppable_C_2147482384
347.566559,Right Hand Grab,Tomato_Choppable_C_2147482382
348.940887,Left Hand Released,Tomato_Choppable_C_2147482384
348.986206,Right Hand Released,Tomato_Choppable_C_2147482382
350.688812,Right Hand Grab,Tomato_Choppable_C_2147482383
352.225952,Right Hand Released,Tomato_Choppable_C_2147482383
353.398926,Left Hand Grab,Knife_C_1
355.935364,Chopped,Tomato_Choppable_C_2147482384
357.420197,Chopped,Tomato_Choppable_C_2147482383
358.90567,Left Hand Released,Knife_C_1
359.812653,Left Hand Grab,Tomato_BottomHalf_Choppable_C_2147482316
360.853363,Left Hand Released,Tomato_BottomHalf_Choppable_C_2147482316
361.632965,Right Hand Grab,Tomato_BottomHalf_Choppable_C_2147482314
362.696655,Right Hand Released,Tomato_BottomHalf_Choppable_C_2147482314
363.514496,Left Hand Grab,Tomato_TopHalf_Choppable_C_2147482317
364.781219,Left Hand Released,Tomato_TopHalf_Choppable_C_2147482317
365.29129,Right Hand Grab,Tomato_TopHalf_Choppable_C_2147482315
366.499146,Right Hand Released,Tomato_TopHalf_Choppable_C_2147482315
368.252289,Right Hand Grab,BeefStewCookbook_C_0
371.329132,Left Hand Grab,Potato_Choppable_C_2147482396
372.907318,Left Hand Released,Potato_Choppable_C_2147482396
374.259705,Left Hand Grab,Potato_Choppable_C_2147482393
375.9263,Left Hand Released,Potato_Choppable_C_2147482393
376.656891,Right Hand Grab,Knife_C_1
377.521729,Chopped,Potato_Choppable_C_2147482396
378.873291,Chopped,Potato_Choppable_C_2147482393
379.872711,Right Hand Released,Knife_C_1
381.565887,Right Hand Grab,Knife_C_1
382.388184,Right Hand Released,Knife_C_1
382.857483,Left Hand Grab,Potato_BottomHalf_Choppable_C_2147482306
383.482056,Left Hand Released,Potato_BottomHalf_Choppable_C_2147482306
384.699585,Left Hand Grab,Potato_BottomHalf_Choppable_C_2147482306
385.874176,Left Hand Released,Potato_BottomHalf_Choppable_C_2147482306
387.010315,Left Hand Grab,Potato_TopHalf_Choppable_C_2147482307
388.255859,Left Hand Released,Potato_TopHalf_Choppable_C_2147482307
388.985962,Right Hand Grab,Knife_C_1
389.938324,Chopped,Potato_TopHalf_Choppable_C_2147482309
391.677063,Chopped,Potato_TopHalf_Choppable_C_2147482309
392.921478,Right Hand Released,Knife_C_1
393.836517,Left Hand Grab,Potato_BottomHalf_Choppable_C_2147482308
395.144104,Left Hand Released,Potato_BottomHalf_Choppable_C_2147482308
395.963104,Right Hand Grab,Potato_TopHalf_Choppable_C_2147482309
397.055908,Right Hand Released,Potato_TopHalf_Choppable_C_2147482309
399.461212,Right Hand Grab,BeefStewCookbook_C_0
403.037903,Left Hand Grab,Carrot_Choppable_C_2147482388
404.985168,Left Hand Released,Carrot_Choppable_C_2147482388
406.052185,Left Hand Grab,None
407.82254,Left Hand Grab,Carrot_Choppable_C_2147482305
410.044189,Left Hand Released,Carrot_Choppable_C_2147482305
411.106873,Right Hand Grab,Knife_C_1
412.375214,Chopped,Carrot_Choppable_C_2147482305
413.737701,Chopped,CarrotTop_Choppable_C_2147482303
414.914948,Chopped,Carrot_Choppable_C_2147482388
416.162079,Chopped,CarrotBotton_Choppable_C_2147482302
417.272552,Chopped,CarrotBottomQuarter2_Choppable_C_2147482296
417.895386,Right Hand Released,Knife_C_1
418.982483,Left Hand Grab,Knife_C_1
420.406372,Left Hand Released,Knife_C_1
421.954254,Right Hand Grab,CarrotBottomQuarter1_Choppable_C_2147482297
423.420715,Right Hand Released,CarrotBottomQuarter1_Choppable_C_2147482297
424.912109,Right Hand Grab,CarrotBottomQuarter2_Choppable_C_2147482296
425.874847,Right Hand Released,CarrotBottomQuarter2_Choppable_C_2147482296
427.671509,Right Hand Grab,CarrotTopQuarter1_Choppable_C_2147482301
428.742157,Right Hand Released,CarrotTopQuarter1_Choppable_C_2147482301
432.719788,Right Hand Grab,None
434.168152,Right Hand Grab,Knife_C_1
435.14032,Chopped,CarrotTop_Choppable_C_2147482299
435.647736,Right Hand Released,Knife_C_1
436.404053,Right Hand Grab,CarrotTopQuarter2_Choppable_C_2147482300
438.039429,Right Hand Released,CarrotTopQuarter2_Choppable_C_2147482300
439.24353,Left Hand Grab,None
441.808197,Left Hand Grab,Knife_C_1
442.275787,Chopped,CarrotTopQuarter1_Choppable_C_2147482295
442.938049,Chopped,CarrotBotton_Choppable_C_2147482298
444.089508,Chopped,CarrotBottomQuarter2_Choppable_C_2147482290
444.77417,Chopped,CarrotTopQuarter2_Choppable_C_2147482294
445.578217,Left Hand Released,Knife_C_1
445.778107,Right Hand Grab,CarrotBottomQuarter2_Choppable_C_2147482290
447.352783,Right Hand Released,CarrotBottomQuarter2_Choppable_C_2147482290
448.523193,Right Hand Grab,CarrotTopQuarter2_Choppable_C_2147482294
450.059753,Right Hand Released,CarrotTopQuarter2_Choppable_C_2147482294
451.284973,Right Hand Grab,CarrotBottomQuarter1_Choppable_C_2147482291
453.033508,Right Hand Released,CarrotBottomQuarter1_Choppable_C_2147482291
454.258881,Right Hand Grab,CarrotTopQuarter1_Choppable_C_2147482295
455.724701,Right Hand Released,CarrotTopQuarter1_Choppable_C_2147482295
457.262573,Right Hand Grab,BeefStewCookbook_C_0
460.895935,Left Hand Grab,SaltShakerGrabable_C_2147482364
468.184509,Left Hand Released,SaltShakerGrabable_C_2147482364
469.341888,Left Hand Grab,SaltShakerGrabable_C_2147482364
470.896301,Left Hand Released,SaltShakerGrabable_C_2147482364
471.961517,Left Hand Grab,SaltShakerGrabable_C_2147482364
472.93927,Left Hand Released,SaltShakerGrabable_C_2147482364
474.161804,Right Hand Grab,PepperShakerGrabable_C_2147482363
486.675873,Right Hand Released,PepperShakerGrabable_C_2147482363
488.551147,Left Hand Grab,SaltShakerGrabable_C_2147482364
495.756592,Left Hand Released,SaltShakerGrabable_C_2147482364
502.091278,Right Hand Grab,StirSpoon_C_2147482367
518.618652,Right Hand Released,StirSpoon_C_2147482367
520.734131,Right Hand Grab,BeefStewCookbook_C_0
530.514282,Left Hand Grab,Knife_C_1
531.734375,Left Hand Released,Knife_C_1
532.906921,Left Hand Grab,NewLadle_C_2147482285
572.238586,Left Hand Released,NewLadle_C_2147482285
574.104492,Left Hand Grab,StewBowl_C_2147482283
574.104492,Right Hand Grab,StewBowl_C_2147482283
577.858215,Right Hand Released,StewBowl_C_2147482283
577.94873,Left Hand Released,StewBowl_C_2147482283
580.347412,Right Hand Grab,BeefStewCookbook_C_0
