Session Time,Action Type,Interacted Object
7.050766,Left Hand Grab,BeefStewCookbook_C_0
19.82177,Right Hand Grab,BrothParent_C_2147482365
19.978127,Left Hand Grab,BrothParent_C_2147482365
36.562153,Right Hand Released,BrothParent_C_2147482365
36.583702,Left Hand Released,BrothParent_C_2147482365
38.679604,Right Hand Grab,BrothParent_C_2147482365
38.723976,Left Hand Grab,PepperShakerGrabable_C_2147482363
41.154255,Right Hand Released,BrothParent_C_2147482365
41.198967,Left Hand Released,PepperShakerGrabable_C_2147482363
51.587673,Right Hand Grab,None
52.63699,Right Hand Grab,None
54.261078,Right Hand Grab,None
54.284122,Left Hand Grab,None
55.816498,Right Hand Grab,None
57.304504,Right Hand Grab,None
59.122513,Right Hand Grab,None
62.925121,Right Hand Grab,None
65.211838,Right Hand Grab,None
66.414452,Right Hand Grab,None
66.636566,Right Hand Grab,None
67.059525,Right Hand Grab,None
67.503082,Right Hand Grab,None
67.748459,Right Hand Grab,None
67.94767,Right Hand Grab,None
68.169167,Right Hand Grab,None
68.369942,Right Hand Grab,None
69.946564,Right Hand Grab,None
70.610764,Right Hand Grab,None
70.85524,Right Hand Grab,None
71.077286,Right Hand Grab,None
71.317902,Right Hand Grab,None
73.312759,Right Hand Grab,None
74.248802,Right Hand Grab,None
74.804756,Left Hand Grab,None
75.897514,Right Hand Grab,None
76.49987,Right Hand Grab,None
76.743713,Right Hand Grab,None
76.83329,Left Hand Grab,None
76.9888,Right Hand Grab,None
85.206543,Right Hand Grab,None
85.739662,Right Hand Grab,None
86.142662,Right Hand Grab,None
86.365189,Right Hand Grab,None
86.60981,Right Hand Grab,None
92.553093,Right Hand Grab,None
94.226906,Right Hand Grab,None
96.094109,Right Hand Grab,None
97.673096,Left Hand Grab,None
97.718521,Right Hand Grab,None
100.441895,Right Hand Grab,None
102.530495,Right Hand Grab,None
104.404076,Right Hand Grab,BeefStewCookbook_C_0
113.106064,Left Hand Grab,None
114.664482,Left Hand Grab,None
115.602303,Left Hand Grab,None
117.15918,Left Hand Grab,None
119.517044,Left Hand Grab,None
120.915596,Left Hand Grab,None
123.580231,Left Hand Grab,None
125.467773,Left Hand Grab,None
127.245201,Left Hand Grab,None
130.289902,Left Hand Grab,BeefStewCookbook_C_0
133.024551,Right Hand Grab,BeefStewCookbook_C_0
140.70459,Left Hand Grab,Meat_Choppable_C_2147482387
140.70459,Right Hand Grab,Meat_Choppable_C_2147482387
142.608398,Right Hand Released,Meat_Choppable_C_2147482387
142.678177,Left Hand Released,Meat_Choppable_C_2147482387
144.474533,Right Hand Grab,BrothParent_C_2147482365
145.456009,Right Hand Released,BrothParent_C_2147482365
146.104324,Left Hand Grab,Knife_C_1
146.104324,Right Hand Grab,Knife_C_1
147.43718,Chopped,Meat_Choppable_C_2147482387
148.001083,Chopped,Meat_HalfLeft_Choppable_C_2147482356
149.740265,Chopped,Meat_HalfRight_Choppable_C_2147482355
150.040131,Left Hand Released,Knife_C_1
152.991638,Chopped,Meat_HalfLeft_Choppable_C_2147482356
153.633102,Chopped,Meat_QuarterRight1_C_2147482352
155.702209,Chopped,Meat_QuarterLeft2_C_2147482349
156.43959,Chopped,Meat_QuarterRight1_C_2147482352
157.743347,Chopped,Meat_QuarterLeft2_C_2147482349
158.843506,Right Hand Released,Knife_C_1
161.209518,Right Hand Grab,Meat_QuarterRight1_C_2147482352
161.242493,Left Hand Grab,Meat_QuarterLeft2_C_2147482349
162.572021,Right Hand Released,Meat_QuarterRight1_C_2147482352
162.638901,Left Hand Released,Meat_QuarterLeft2_C_2147482349
167.910309,Right Hand Grab,Meat_QuarterRight1_C_2147482352
167.959152,Left Hand Grab,Meat_QuarterRight2_C_2147482351
169.676559,Right Hand Released,Meat_QuarterRight1_C_2147482352
169.710052,Left Hand Released,Meat_QuarterRight2_C_2147482351
172.141495,Left Hand Grab,Meat_QuarterLeft2_C_2147482349
172.141495,Right Hand Grab,Meat_QuarterLeft2_C_2147482349
174.108368,Right Hand Released,Meat_QuarterLeft2_C_2147482349
174.108368,Left Hand Released,Meat_QuarterLeft2_C_2147482349
175.841522,Right Hand Grab,Meat_QuarterLeft1_C_2147482350
175.874619,Left Hand Grab,Meat_QuarterLeft1_C_2147482350
177.640823,Left Hand Released,Meat_QuarterLeft1_C_2147482350
177.67424,Right Hand Released,Meat_QuarterLeft1_C_2147482350
179.573257,Right Hand Grab,Meat_QuarterRight2_C_2147482351
179.606339,Left Hand Grab,Meat_QuarterRight2_C_2147482351
182.13768,Left Hand Released,Meat_QuarterRight2_C_2147482351
182.171021,Right Hand Released,Meat_QuarterRight2_C_2147482351
182.570602,Right Hand Grab,BeefStewCookbook_C_0
182.670517,Left Hand Grab,None
184.003479,Right Hand Grab,Meat_QuarterRight2_C_2147482351
184.037155,Left Hand Grab,Meat_QuarterRight2_C_2147482351
185.703613,Left Hand Released,Meat_QuarterRight2_C_2147482351
186.037415,Right Hand Released,Meat_QuarterRight2_C_2147482351
195.403229,Left Hand Grab,StaticMeshActor_31
195.403229,Right Hand Grab,None
196.404236,Left Hand Released,StaticMeshActor_31
196.937485,Right Hand Grab,Meat_Choppable_C_2147482357
197.003967,Left Hand Grab,Meat_Choppable_C_2147482357
198.500687,Right Hand Released,Meat_Choppable_C_2147482357
198.533768,Left Hand Released,Meat_Choppable_C_2147482357
199.79747,Left Hand Grab,Knife_C_1
199.83046,Right Hand Grab,Knife_C_1
201.044388,Chopped,Meat_Choppable_C_2147482357
201.596832,Chopped,Meat_HalfRight_Choppable_C_2147482344
203.269165,Chopped,Meat_HalfRight_Choppable_C_2147482344
204.801819,Chopped,Meat_QuarterRight2_C_2147482342
205.869949,Right Hand Released,Knife_C_1
206.003479,Left Hand Released,Knife_C_1
206.936172,Right Hand Grab,Meat_QuarterRight2_C_2147482342
206.968811,Left Hand Grab,Meat_QuarterRight2_C_2147482342
207.836792,Right Hand Released,Meat_QuarterRight2_C_2147482342
207.937134,Left Hand Released,Meat_QuarterRight2_C_2147482342
208.59964,Left Hand Grab,Meat_HalfLeft_Choppable_C_2147482345
208.633194,Right Hand Grab,Meat_QuarterRight1_C_2147482343
209.500504,Right Hand Released,Meat_QuarterRight1_C_2147482343
209.634064,Left Hand Released,Meat_HalfLeft_Choppable_C_2147482345
210.23468,Right Hand Grab,Meat_QuarterRight1_C_2147482343
210.301239,Left Hand Grab,Meat_HalfLeft_Choppable_C_2147482345
210.867722,Right Hand Released,Meat_QuarterRight1_C_2147482343
211.001556,Left Hand Released,Meat_HalfLeft_Choppable_C_2147482345
212.134796,Right Hand Grab,Meat_QuarterRight1_C_2147482343
213.03508,Right Hand Released,Meat_QuarterRight1_C_2147482343
213.769943,Right Hand Grab,Meat_HalfLeft_Choppable_C_2147482345
214.96907,Right Hand Released,Meat_HalfLeft_Choppable_C_2147482345
215.96904,Left Hand Grab,Meat_HalfLeft_Choppable_C_2147482345
215.96904,Right Hand Grab,Knife_C_1
217.302338,Left Hand Released,Meat_HalfLeft_Choppable_C_2147482345
218.168015,Chopped,Meat_HalfLeft_Choppable_C_2147482345
219.900909,Chopped,Meat_QuarterLeft1_C_2147482339
221.135086,Chopped,Meat_QuarterLeft1_C_2147482339
222.301895,Right Hand Released,Knife_C_1
223.134827,Right Hand Grab,Meat_QuarterLeft1_C_2147482339
223.167862,Left Hand Grab,Meat_QuarterRight2_C_2147482342
224.034149,Left Hand Released,Meat_QuarterRight2_C_2147482342
226.032486,Right Hand Released,Meat_QuarterLeft1_C_2147482339
227.766098,Right Hand Grab,Meat_QuarterLeft2_C_2147482338
227.865799,Left Hand Grab,Meat_QuarterLeft2_C_2147482338
229.431213,Left Hand Released,Meat_QuarterLeft2_C_2147482338
229.664551,Right Hand Released,Meat_QuarterLeft2_C_2147482338
231.129532,Right Hand Grab,Meat_QuarterRight2_C_2147482342
231.296631,Left Hand Grab,Meat_QuarterRight2_C_2147482342
232.696762,Left Hand Released,Meat_QuarterRight2_C_2147482342
232.763092,Right Hand Released,Meat_QuarterRight2_C_2147482342
234.62944,Right Hand Grab,Meat_QuarterRight1_C_2147482343
234.862701,Left Hand Grab,Knife_C_1
236.09581,Left Hand Released,Knife_C_1
237.824829,Right Hand Released,Meat_QuarterRight1_C_2147482343
242.535156,Left Hand Grab,BeefStewCookbook_C_0
248.360519,Right Hand Grab,BeefStewCookbook_C_0
259.129761,Right Hand Grab,Onion_Choppable_C_2147482379
259.152435,Left Hand Grab,Onion_Choppable_C_2147482379
260.726562,Right Hand Released,Onion_Choppable_C_2147482379
260.726562,Left Hand Released,Onion_Choppable_C_2147482379
261.722443,Right Hand Grab,Knife_C_1
262.284973,Chopped,Onion_Choppable_C_2147482379
262.985535,Chopped,Onion_Peeled_C_2147482336
263.988647,Right Hand Released,Knife_C_1
266.228241,Right Hand Grab,Knife_C_1
268.028503,Right Hand Released,Knife_C_1
269.416229,Right Hand Grab,Onion_Peeled_C_2147482336
269.658203,Left Hand Grab,None
270.25473,Right Hand Released,Onion_Peeled_C_2147482336
270.688354,Right Hand Grab,Knife_C_1
270.921661,Chopped,Onion_Peeled_C_2147482336
271.483704,Right Hand Released,Knife_C_1
272.654297,Left Hand Grab,None
273.622223,Right Hand Grab,Onion_Half_C_2147482333
273.65567,Left Hand Grab,Onion_Half_C_2147482333
275.423279,Right Hand Released,Onion_Half_C_2147482333
275.423279,Left Hand Released,Onion_Half_C_2147482333
277.291534,Right Hand Grab,Knife_C_1
277.358459,Left Hand Grab,Knife_C_1
277.558197,Chopped,Onion_Half2_C_2147482332
278.457611,Right Hand Released,Knife_C_1
278.524475,Left Hand Released,Knife_C_1
279.558899,Right Hand Grab,Onion_Half2_C_2147482332
279.658844,Left Hand Grab,Onion_Half2_C_2147482332
280.159576,Right Hand Released,Onion_Half2_C_2147482332
280.192627,Left Hand Released,Onion_Half2_C_2147482332
280.693024,Right Hand Grab,Knife_C_1
280.759033,Left Hand Grab,Onion_Half2_C_2147482332
284.723724,Right Hand Released,Knife_C_1
287.504425,Left Hand Grab,Onion_Choppable_C_2147482378
287.504425,Right Hand Grab,Onion_Choppable_C_2147482377
289.376801,Left Hand Released,Onion_Choppable_C_2147482378
289.402374,Right Hand Released,Onion_Choppable_C_2147482377
290.555725,Left Hand Grab,Knife_C_1
290.555725,Right Hand Grab,Knife_C_1
292.275513,Chopped,Onion_Choppable_C_2147482378
293.582764,Chopped,Onion_Peeled_C_2147482328
294.016327,Right Hand Released,Knife_C_1
294.113892,Left Hand Released,Knife_C_1
296.764709,Right Hand Grab,Onion_Half_C_2147482327
296.786682,Left Hand Grab,Onion_Half_C_2147482327
298.512848,Left Hand Released,Onion_Half_C_2147482327
298.545502,Right Hand Released,Onion_Half_C_2147482327
300.150848,Right Hand Grab,Onion_Half2_C_2147482326
300.217529,Left Hand Grab,Onion_Half2_C_2147482326
301.750336,Left Hand Released,Onion_Half2_C_2147482326
301.950287,Right Hand Released,Onion_Half2_C_2147482326
306.964264,Right Hand Grab,BeefStewCookbook_C_0
309.795685,Right Hand Grab,BeefStewCookbook_C_0
311.174194,Right Hand Grab,BeefStewCookbook_C_0
316.991333,Left Hand Grab,BeefStewCookbook_C_0
320.167297,Left Hand Grab,BeefStewCookbook_C_0
324.146118,Right Hand Grab,Tomato_Choppable_C_2147482382
324.258179,Left Hand Grab,Tomato_Choppable_C_2147482384
326.43277,Left Hand Released,Tomato_Choppable_C_2147482384
326.899811,Right Hand Released,Tomato_Choppable_C_2147482382
329.140259,Right Hand Grab,StaticMeshActor_23
329.207397,Left Hand Grab,SaltShakerGrabable_C_2147482364
329.984772,Right Hand Released,StaticMeshActor_23
330.028625,Left Hand Released,SaltShakerGrabable_C_2147482364
330.853943,Right Hand Grab,BrothParent_C_2147482365
330.941956,Left Hand Grab,Onion_Choppable_C_2147482377
331.610199,Left Hand Released,Onion_Choppable_C_2147482377
331.676147,Right Hand Released,BrothParent_C_2147482365
332.298584,Right Hand Grab,StaticMeshActor_23
333.120117,Right Hand Released,StaticMeshActor_23
333.764038,Right Hand Grab,StaticMeshActor_118
333.831238,Left Hand Grab,Onion_Choppable_C_2147482377
334.653839,Left Hand Released,Onion_Choppable_C_2147482377
334.720276,Right Hand Released,StaticMeshActor_118
335.676208,Right Hand Grab,StaticMeshActor_23
335.72049,Left Hand Grab,StaticMeshActor_84
336.743164,Right Hand Released,StaticMeshActor_23
336.76535,Left Hand Released,StaticMeshActor_84
337.51944,Left Hand Grab,Knife_C_1
338.163452,Chopped,Onion_Choppable_C_2147482377
339.029175,Chopped,Tomato_Choppable_C_2147482384
340.144836,Chopped,Tomato_Choppable_C_2147482382
341.579193,Left Hand Released,Knife_C_1
343.144043,Right Hand Grab,Tomato_TopHalf_Choppable_C_2147482318
343.243713,Left Hand Grab,Tomato_BottomHalf_Choppable_C_2147482319
345.007172,Left Hand Released,Tomato_BottomHalf_Choppable_C_2147482319
346.042938,Right Hand Released,Tomato_TopHalf_Choppable_C_2147482318
347.576843,Right Hand Grab,Tomato_BottomHalf_Choppable_C_2147482317
347.644196,Left Hand Grab,Tomato_TopHalf_Choppable_C_2147482320
350.675903,Right Hand Released,Tomato_BottomHalf_Choppable_C_2147482317
354.42804,Right Hand Grab,BeefStewCookbook_C_0
366.238922,Left Hand Grab,Meat_Choppable_C_2147482346
367.169556,Left Hand Released,Meat_Choppable_C_2147482346
367.857361,Left Hand Grab,StaticMeshActor_102
369.526917,Left Hand Released,StaticMeshActor_102
371.059723,Right Hand Grab,Knife_C_1
371.69397,Chopped,Onion_Peeled_C_2147482321
373.619354,Left Hand Grab,StaticMeshActor_102
374.889496,Left Hand Released,StaticMeshActor_102
379.905121,Left Hand Grab,StaticMeshActor_23
380.595093,Left Hand Released,StaticMeshActor_23
381.595428,Chopped,Onion_Half2_C_2147482313
382.869843,Right Hand Released,Knife_C_1
385.741608,Left Hand Grab,StaticMeshActor_103
387.622772,Left Hand Released,StaticMeshActor_103
388.826752,Right Hand Grab,Knife_C_1
389.563629,Chopped,Onion_Half2_C_2147482313
391.290192,Left Hand Grab,StaticMeshActor_103
393.088928,Left Hand Released,StaticMeshActor_103
395.754944,Right Hand Released,Knife_C_1
397.540924,Left Hand Grab,StaticMeshActor_103
397.874695,Left Hand Released,StaticMeshActor_103
398.326721,Left Hand Grab,StaticMeshActor_103
400.059296,Left Hand Released,StaticMeshActor_103
402.699127,Left Hand Grab,Potato_Choppable_C_2147482397
404.559814,Left Hand Released,Potato_Choppable_C_2147482397
405.487396,Right Hand Grab,Onion_Half2_C_2147482313
406.423706,Right Hand Released,Onion_Half2_C_2147482313
407.093384,Right Hand Grab,Knife_C_1
408.556641,Chopped,Potato_Choppable_C_2147482397
409.952484,Right Hand Released,Knife_C_1
411.185974,Right Hand Grab,Potato_BottomHalf_Choppable_C_2147482310
411.253021,Left Hand Grab,Potato_TopHalf_Choppable_C_2147482311
412.618469,Left Hand Released,Potato_TopHalf_Choppable_C_2147482311
413.48877,Right Hand Released,Potato_BottomHalf_Choppable_C_2147482310
416.09491,Right Hand Grab,Potato_TopHalf_Choppable_C_2147482311
416.128174,Left Hand Grab,StaticMeshActor_31
417.295807,Left Hand Released,StaticMeshActor_31
418.762604,Right Hand Released,Potato_TopHalf_Choppable_C_2147482311
421.298096,Left Hand Grab,Potato_Choppable_C_2147482312
423.057251,Left Hand Released,Potato_Choppable_C_2147482312
424.227081,Right Hand Grab,Knife_C_1
425.319244,Chopped,Potato_Choppable_C_2147482312
425.862976,Right Hand Released,Knife_C_1
426.926239,Right Hand Grab,Onion_Half2_C_2147482313
427.267456,Right Hand Released,Onion_Half2_C_2147482313
427.77829,Right Hand Grab,StirSpoon_C_2147482367
429.184937,Right Hand Released,StirSpoon_C_2147482367
430.255585,Right Hand Grab,PepperShakerGrabable_C_2147482363
431.257477,Right Hand Released,PepperShakerGrabable_C_2147482363
431.946472,Right Hand Grab,Knife_C_1
432.568604,Chopped,Onion_Half_C_2147482314
432.968781,Right Hand Released,Knife_C_1
433.945007,Right Hand Grab,Onion_Half2_C_2147482313
434.900482,Right Hand Released,Onion_Half2_C_2147482313
435.767731,Right Hand Grab,Knife_C_1
436.231842,Chopped,Onion_Half2_C_2147482313
436.786957,Right Hand Released,Knife_C_1
437.973633,Right Hand Grab,Potato_BottomHalf_Choppable_C_2147482305
439.590637,Right Hand Released,Potato_BottomHalf_Choppable_C_2147482305
440.851807,Right Hand Grab,Potato_TopHalf_Choppable_C_2147482306
446.538696,Right Hand Grab,BeefStewCookbook_C_0
451.299469,Left Hand Grab,Carrot_Choppable_C_2147482390
452.954712,Left Hand Released,Carrot_Choppable_C_2147482390
454.654938,Right Hand Grab,PepperShakerGrabable_C_2147482363
455.557739,Right Hand Released,PepperShakerGrabable_C_2147482363
456.161896,Right Hand Grab,Knife_C_1
457.958649,Chopped,Carrot_Choppable_C_2147482390
458.998993,Chopped,CarrotBotton_Choppable_C_2147482298
460.049683,Chopped,CarrotTop_Choppable_C_2147482299
461.878784,Right Hand Released,Knife_C_1
463.122345,Right Hand Grab,CarrotBottomQuarter2_Choppable_C_2147482296
464.73996,Right Hand Released,CarrotBottomQuarter2_Choppable_C_2147482296
466.273895,Right Hand Grab,CarrotTopQuarter2_Choppable_C_2147482294
468.94635,Left Hand Grab,CarrotTopQuarter1_Choppable_C_2147482295
470.318817,Left Hand Released,CarrotTopQuarter1_Choppable_C_2147482295
471.151733,Right Hand Grab,CarrotBottomQuarter1_Choppable_C_2147482297
472.552399,Right Hand Released,CarrotBottomQuarter1_Choppable_C_2147482297
474.852142,Right Hand Grab,Carrot_Choppable_C_2147482300
476.383453,Right Hand Released,Carrot_Choppable_C_2147482300
477.812805,Right Hand Grab,Onion_Half_C_2147482314
478.771759,Right Hand Released,Onion_Half_C_2147482314
479.286499,Right Hand Grab,Knife_C_1
480.445679,Chopped,Carrot_Choppable_C_2147482300
481.352844,Chopped,CarrotBotton_Choppable_C_2147482291
482.348389,Chopped,CarrotBotton_Choppable_C_2147482291
483.384705,Chopped,CarrotTop_Choppable_C_2147482292
484.253662,Right Hand Released,Knife_C_1
486.060669,Left Hand Grab,CarrotTopQuarter2_Choppable_C_2147482287
487.578735,Left Hand Released,CarrotTopQuarter2_Choppable_C_2147482287
488.441864,Right Hand Grab,CarrotBottomQuarter1_Choppable_C_2147482290
489.944183,Right Hand Released,CarrotBottomQuarter1_Choppable_C_2147482290
491.448761,Right Hand Grab,CarrotBottomQuarter2_Choppable_C_2147482289
492.81546,Right Hand Released,CarrotBottomQuarter2_Choppable_C_2147482289
493.914795,Left Hand Grab,CarrotTopQuarter1_Choppable_C_2147482288
495.148041,Left Hand Released,CarrotTopQuarter1_Choppable_C_2147482288
499.047668,Right Hand Grab,BeefStewCookbook_C_0
507.114594,Right Hand Grab,StaticMeshActor_84
508.216003,Right Hand Released,StaticMeshActor_84
509.060913,Right Hand Grab,SaltShakerGrabable_C_2147482364
513.048828,Right Hand Released,SaltShakerGrabable_C_2147482364
514.199585,Right Hand Grab,SaltShakerGrabable_C_2147482364
515.895813,Right Hand Released,SaltShakerGrabable_C_2147482364
517.468689,Right Hand Grab,SaltShakerGrabable_C_2147482364
518.539917,Right Hand Released,SaltShakerGrabable_C_2147482364
527.164429,Right Hand Grab,SaltShakerGrabable_C_2147482364
531.33374,Right Hand Released,SaltShakerGrabable_C_2147482364
532.376587,Right Hand Grab,SaltShakerGrabable_C_2147482364
533.755127,Right Hand Released,SaltShakerGrabable_C_2147482364
540.364197,Right Hand Grab,BrothParent_C_2147482365
541.124634,Right Hand Released,BrothParent_C_2147482365
541.835449,Right Hand Grab,BrothParent_C_2147482365
542.571045,Right Hand Released,BrothParent_C_2147482365
543.484192,Right Hand Grab,BrothParent_C_2147482365
544.239746,Right Hand Released,BrothParent_C_2147482365
544.816589,Right Hand Grab,BrothParent_C_2147482365
545.5495,Right Hand Released,BrothParent_C_2147482365
546.126099,Right Hand Grab,BrothParent_C_2147482365
546.770508,Right Hand Released,BrothParent_C_2147482365
547.215942,Left Hand Grab,PepperShakerGrabable_C_2147482363
552.118958,Left Hand Released,PepperShakerGrabable_C_2147482363
559.543091,Right Hand Grab,StirSpoon_C_2147482367
561.835449,Right Hand Released,StirSpoon_C_2147482367
562.107056,Right Hand Grab,StirSpoon_C_2147482367
564.968811,Left Hand Grab,BeefStewCookbook_C_0
566.337524,Right Hand Released,StirSpoon_C_2147482367
567.566467,Right Hand Grab,StirSpoon_C_2147482367
568.395874,Right Hand Released,StirSpoon_C_2147482367
569.366211,Left Hand Grab,StirSpoon_C_2147482367
580.665955,Left Hand Released,StirSpoon_C_2147482367
590.35614,Right Hand Grab,StaticMeshActor_31
591.1604,Right Hand Released,StaticMeshActor_31
591.659851,Right Hand Grab,NewLadle_C_2147482284
600.259766,Right Hand Released,NewLadle_C_2147482284
605.824524,Right Hand Grab,StewBowl_C_2147482282
606.791992,Right Hand Released,StewBowl_C_2147482282
607.355286,Right Hand Grab,NewLadle_C_2147482284
608.524475,Right Hand Released,NewLadle_C_2147482284
609.024048,Right Hand Grab,NewLadle_C_2147482284
609.723694,Right Hand Released,NewLadle_C_2147482284
610.322998,Right Hand Grab,NewLadle_C_2147482284
627.45636,Right Hand Released,NewLadle_C_2147482284
629.686523,Left Hand Grab,StewBowl_C_2147482282
631.187195,Left Hand Released,StewBowl_C_2147482282
631.887695,Right Hand Grab,StewBowl_C_2147482282
633.02063,Right Hand Released,StewBowl_C_2147482282
633.520142,Right Hand Grab,NewLadle_C_2147482284
635.452759,Right Hand Released,NewLadle_C_2147482284
637.753174,Right Hand Grab,NewLadle_C_2147482284
642.884521,Right Hand Released,NewLadle_C_2147482284
648.1651,Right Hand Grab,BeefStewCookbook_C_0
