Session Time,Action Type,Interacted Object
65.64563,Right Hand Grab,BeefStewCookbook_C_0
116.82457,Right Hand Grab,BrothParent_C_2147482363
136.817642,Right Hand Released,BrothParent_C_2147482363
142.263214,Right Hand Grab,BeefStewCookbook_C_0
151.292419,Right Hand Grab,Meat_Choppable_C_2147482385
153.194519,Right Hand Released,Meat_Choppable_C_2147482385
155.743729,Right Hand Grab,Knife_C_1
157.939789,Chopped,Meat_Choppable_C_2147482385
158.670074,Right Hand Released,Knife_C_1
163.179184,Right Hand Grab,Meat_HalfRight_Choppable_C_2147482353
164.824539,Right Hand Released,Meat_HalfRight_Choppable_C_2147482353
174.474564,Right Hand Grab,Meat_HalfRight_Choppable_C_2147482353
175.359268,Right Hand Released,Meat_HalfRight_Choppable_C_2147482353
176.597076,Right Hand Grab,Knife_C_1
178.192734,Chopped,Meat_HalfRight_Choppable_C_2147482353
178.747696,Chopped,Meat_HalfLeft_Choppable_C_2147482354
180.215408,Chopped,Meat_QuarterLeft2_C_2147482349
181.975235,Right Hand Released,Knife_C_1
184.048462,Right Hand Grab,Meat_QuarterRight2_C_2147482351
186.388123,Right Hand Released,Meat_QuarterRight2_C_2147482351
188.05719,Right Hand Grab,Meat_QuarterRight1_C_2147482352
189.989334,Right Hand Released,Meat_QuarterRight1_C_2147482352
191.957687,Right Hand Grab,Meat_QuarterLeft1_C_2147482350
194.639114,Right Hand Grab,Meat_QuarterLeft2_C_2147482349
198.034134,Right Hand Grab,StaticMeshActor_31
199.272141,Right Hand Released,StaticMeshActor_31
200.878082,Right Hand Grab,Knife_C_1
201.312424,Right Hand Released,Knife_C_1
209.135376,Right Hand Grab,None
209.938751,Right Hand Grab,None
213.615311,Right Hand Grab,Meat_Choppable_C_2147482355
215.782196,Right Hand Released,Meat_Choppable_C_2147482355
218.751282,Right Hand Grab,Knife_C_1
220.550491,Chopped,Meat_Choppable_C_2147482355
222.182312,Right Hand Released,Knife_C_1
223.882935,Right Hand Grab,Knife_C_1
225.382614,Right Hand Released,Knife_C_1
228.750717,Right Hand Grab,Knife_C_1
230.482605,Chopped,Meat_HalfRight_Choppable_C_2147482344
233.014694,Chopped,Meat_HalfLeft_Choppable_C_2147482345
235.247849,Right Hand Released,Knife_C_1
235.813736,Right Hand Grab,Knife_C_1
236.080521,Right Hand Released,Knife_C_1
238.581696,Right Hand Grab,Meat_QuarterRight1_C_2147482343
242.645004,Right Hand Grab,Meat_QuarterRight2_C_2147482342
244.745697,Right Hand Released,Meat_QuarterRight2_C_2147482342
246.281616,Right Hand Grab,Meat_QuarterLeft2_C_2147482340
248.109421,Right Hand Released,Meat_QuarterLeft2_C_2147482340
249.506012,Right Hand Grab,Meat_QuarterLeft1_C_2147482341
256.127136,Right Hand Grab,BeefStewCookbook_C_0
263.883301,Right Hand Grab,Onion_Choppable_C_2147482377
265.92334,Right Hand Released,Onion_Choppable_C_2147482377
268.093506,Right Hand Grab,Knife_C_1
270.13382,Chopped,Onion_Choppable_C_2147482377
272.104797,Right Hand Released,Knife_C_1
273.770996,Right Hand Grab,Onion_Peeled_C_2147482334
274.96817,Right Hand Released,Onion_Peeled_C_2147482334
276.20401,Right Hand Grab,Knife_C_1
278.14444,Chopped,Onion_Peeled_C_2147482334
279.517578,Right Hand Released,Knife_C_1
281.024628,Right Hand Grab,Onion_Half2_C_2147482332
282.965668,Right Hand Released,Onion_Half2_C_2147482332
284.468872,Right Hand Grab,Onion_Half_C_2147482333
286.571899,Right Hand Released,Onion_Half_C_2147482333
290.232452,Right Hand Grab,Onion_Choppable_C_2147482376
292.320618,Right Hand Released,Onion_Choppable_C_2147482376
294.134247,Right Hand Grab,Knife_C_1
295.335297,Chopped,Onion_Choppable_C_2147482376
296.626892,Chopped,Onion_Peeled_C_2147482330
298.096954,Right Hand Released,Knife_C_1
299.877106,Right Hand Grab,Onion_Half2_C_2147482328
301.796936,Right Hand Released,Onion_Half2_C_2147482328
303.165405,Right Hand Grab,Onion_Half_C_2147482329
305.133209,Right Hand Released,Onion_Half_C_2147482329
308.203125,Right Hand Grab,BeefStewCookbook_C_0
314.673889,Right Hand Grab,Tomato_Choppable_C_2147482382
316.983368,Right Hand Released,Tomato_Choppable_C_2147482382
320.131866,Right Hand Grab,Knife_C_1
321.283569,Chopped,Tomato_Choppable_C_2147482382
322.764465,Right Hand Released,Knife_C_1
324.29364,Right Hand Grab,Tomato_BottomHalf_Choppable_C_2147482321
324.963501,Right Hand Released,Tomato_BottomHalf_Choppable_C_2147482321
325.739868,Right Hand Grab,Tomato_BottomHalf_Choppable_C_2147482321
326.318146,Right Hand Released,Tomato_BottomHalf_Choppable_C_2147482321
327.246918,Right Hand Grab,Knife_C_1
328.243713,Chopped,Tomato_TopHalf_Choppable_C_2147482322
329.717682,Right Hand Released,Knife_C_1
330.820892,Right Hand Grab,Knife_C_1
331.454102,Right Hand Released,Knife_C_1
331.82428,Right Hand Grab,Tomato_BottomHalf_Choppable_C_2147482321
332.794617,Right Hand Released,Tomato_BottomHalf_Choppable_C_2147482321
340.329437,Right Hand Grab,Knife_C_1
342.826263,Right Hand Released,Knife_C_1
343.751068,Right Hand Grab,Knife_C_1
344.217926,Right Hand Released,Knife_C_1
345.192505,Right Hand Grab,Knife_C_1
346.917938,Chopped,Tomato_TopHalf_Choppable_C_2147482322
349.084808,Right Hand Released,Knife_C_1
352.561279,Right Hand Grab,Knife_C_1
353.595917,Right Hand Released,Knife_C_1
357.32373,Right Hand Grab,Knife_C_1
361.189453,Right Hand Released,Knife_C_1
362.252625,Right Hand Grab,Knife_C_1
363.62616,Chopped,Tomato_TopHalf_Choppable_C_2147482322
364.538513,Chopped,Tomato_TopHalf_Choppable_C_2147482322
365.639923,Right Hand Released,Knife_C_1
366.998749,Right Hand Grab,Tomato_BottomHalf_Choppable_C_2147482321
367.869202,Right Hand Released,Tomato_BottomHalf_Choppable_C_2147482321
369.022125,Right Hand Grab,Tomato_BottomHalf_Choppable_C_2147482321
369.555756,Right Hand Released,Tomato_BottomHalf_Choppable_C_2147482321
370.307251,Right Hand Grab,Tomato_BottomHalf_Choppable_C_2147482321
370.930054,Right Hand Released,Tomato_BottomHalf_Choppable_C_2147482321
373.39209,Right Hand Grab,Tomato_Choppable_C_2147482323
376.357483,Right Hand Released,Tomato_Choppable_C_2147482323
378.401978,Right Hand Grab,Knife_C_1
379.358826,Chopped,Tomato_Choppable_C_2147482323
380.312164,Chopped,Tomato_TopHalf_Choppable_C_2147482317
380.775452,Right Hand Released,Knife_C_1
387.62674,Right Hand Grab,Tomato_TopHalf_Choppable_C_2147482317
391.205688,Right Hand Grab,Tomato_BottomHalf_Choppable_C_2147482316
396.184875,Right Hand Grab,Tomato_TopHalf_Choppable_C_2147482322
398.243866,Right Hand Released,Tomato_TopHalf_Choppable_C_2147482322
401.490021,Right Hand Grab,Tomato_Choppable_C_2147482318
404.188202,Right Hand Released,Tomato_Choppable_C_2147482318
407.446411,Right Hand Grab,Knife_C_1
408.715637,Chopped,Tomato_Choppable_C_2147482318
411.112823,Right Hand Released,Knife_C_1
411.412659,Right Hand Grab,Knife_C_1
411.746277,Right Hand Released,Knife_C_1
414.379242,Right Hand Grab,Tomato_TopHalf_Choppable_C_2147482314
415.346466,Right Hand Released,Tomato_TopHalf_Choppable_C_2147482314
415.780151,Right Hand Grab,Tomato_BottomHalf_Choppable_C_2147482313
417.878906,Right Hand Released,Tomato_BottomHalf_Choppable_C_2147482313
421.532837,Right Hand Grab,BeefStewCookbook_C_0
426.933441,Right Hand Grab,Potato_Choppable_C_2147482393
429.223969,Right Hand Released,Potato_Choppable_C_2147482393
430.658569,Right Hand Grab,Knife_C_1
431.765381,Chopped,Potato_Choppable_C_2147482393
437.457611,Right Hand Released,Knife_C_1
438.34967,Right Hand Grab,Tomato_BottomHalf_Choppable_C_2147482321
439.035553,Right Hand Released,Tomato_BottomHalf_Choppable_C_2147482321
439.401001,Right Hand Grab,Tomato_BottomHalf_Choppable_C_2147482321
440.297485,Right Hand Released,Tomato_BottomHalf_Choppable_C_2147482321
442.23056,Right Hand Grab,Tomato_BottomHalf_Choppable_C_2147482321
442.764526,Right Hand Released,Tomato_BottomHalf_Choppable_C_2147482321
443.671936,Right Hand Grab,Knife_C_1
444.918518,Chopped,Potato_BottomHalf_Choppable_C_2147482310
447.15863,Right Hand Released,Knife_C_1
448.262177,Right Hand Grab,Tomato_BottomHalf_Choppable_C_2147482321
448.876953,Right Hand Released,Tomato_BottomHalf_Choppable_C_2147482321
449.413818,Right Hand Grab,Tomato_BottomHalf_Choppable_C_2147482321
450.16272,Right Hand Released,Tomato_BottomHalf_Choppable_C_2147482321
451.961334,Left Hand Grab,Potato_TopHalf_Choppable_C_2147482311
454.435547,Left Hand Released,Potato_TopHalf_Choppable_C_2147482311
456.107361,Left Hand Grab,Potato_BottomHalf_Choppable_C_2147482310
458.307678,Left Hand Released,Potato_BottomHalf_Choppable_C_2147482310
460.92984,Right Hand Grab,Potato_Choppable_C_2147482395
464.331909,Right Hand Released,Potato_Choppable_C_2147482395
467.434967,Right Hand Grab,Knife_C_1
468.722717,Chopped,Potato_Choppable_C_2147482395
470.540039,Right Hand Released,Knife_C_1
472.428619,Left Hand Grab,Potato_TopHalf_Choppable_C_2147482306
474.508759,Left Hand Released,Potato_TopHalf_Choppable_C_2147482306
476.108185,Left Hand Grab,Tomato_BottomHalf_Choppable_C_2147482321
476.822845,Left Hand Released,Tomato_BottomHalf_Choppable_C_2147482321
477.356171,Left Hand Grab,Tomato_BottomHalf_Choppable_C_2147482321
477.983307,Left Hand Released,Tomato_BottomHalf_Choppable_C_2147482321
478.383331,Right Hand Grab,Potato_BottomHalf_Choppable_C_2147482305
480.197113,Right Hand Released,Potato_BottomHalf_Choppable_C_2147482305
482.443787,Right Hand Grab,BeefStewCookbook_C_0
485.312744,Right Hand Grab,Carrot_Choppable_C_2147482390
487.327576,Right Hand Released,Carrot_Choppable_C_2147482390
490.660583,Right Hand Grab,Knife_C_1
491.997589,Chopped,Carrot_Choppable_C_2147482390
493.239136,Chopped,CarrotBotton_Choppable_C_2147482302
494.130829,Chopped,CarrotTop_Choppable_C_2147482303
495.331787,Right Hand Released,Knife_C_1
496.687073,Right Hand Grab,CarrotBottomQuarter2_Choppable_C_2147482300
498.26889,Right Hand Released,CarrotBottomQuarter2_Choppable_C_2147482300
498.553345,Right Hand Grab,CarrotBottomQuarter2_Choppable_C_2147482300
498.75351,Right Hand Released,CarrotBottomQuarter2_Choppable_C_2147482300
499.885315,Right Hand Grab,Tomato_BottomHalf_Choppable_C_2147482321
501.055603,Right Hand Released,Tomato_BottomHalf_Choppable_C_2147482321
501.488312,Right Hand Grab,CarrotTopQuarter2_Choppable_C_2147482296
503.328705,Right Hand Released,CarrotTopQuarter2_Choppable_C_2147482296
504.730164,Right Hand Grab,CarrotBottomQuarter1_Choppable_C_2147482301
506.562714,Right Hand Released,CarrotBottomQuarter1_Choppable_C_2147482301
508.096985,Right Hand Grab,Tomato_BottomHalf_Choppable_C_2147482321
508.864594,Right Hand Released,Tomato_BottomHalf_Choppable_C_2147482321
509.130127,Right Hand Grab,Tomato_BottomHalf_Choppable_C_2147482321
510.064056,Right Hand Released,Tomato_BottomHalf_Choppable_C_2147482321
511.297302,Left Hand Grab,CarrotTopQuarter1_Choppable_C_2147482297
513.263306,Left Hand Released,CarrotTopQuarter1_Choppable_C_2147482297
516.027954,Right Hand Grab,Carrot_Choppable_C_2147482304
518.42865,Right Hand Released,Carrot_Choppable_C_2147482304
519.995361,Right Hand Grab,Knife_C_1
521.564392,Chopped,Carrot_Choppable_C_2147482304
522.539307,Chopped,Tomato_BottomHalf_Choppable_C_2147482321
523.360596,Chopped,Tomato_BottomHalf_Choppable_C_2147482321
524.28949,Right Hand Released,Knife_C_1
527.175476,Right Hand Grab,Knife_C_1
528.28241,Chopped,CarrotBotton_Choppable_C_2147482291
529.699463,Chopped,CarrotTop_Choppable_C_2147482292
530.32251,Chopped,CarrotTopQuarter1_Choppable_C_2147482288
532.271362,Chopped,CarrotBottomQuarter1_Choppable_C_2147482290
532.745178,Right Hand Released,Knife_C_1
534.227112,Right Hand Grab,CarrotBottomQuarter2_Choppable_C_2147482289
536.048645,Right Hand Released,CarrotBottomQuarter2_Choppable_C_2147482289
537.267212,Right Hand Grab,Tomato_BottomHalf_Choppable_C_2147482321
538.238342,Right Hand Released,Tomato_BottomHalf_Choppable_C_2147482321
539.811157,Right Hand Grab,Tomato_BottomHalf_Choppable_C_2147482321
540.614319,Right Hand Released,Tomato_BottomHalf_Choppable_C_2147482321
541.943665,Left Hand Grab,CarrotBottomQuarter1_Choppable_C_2147482290
544.041626,Left Hand Released,CarrotBottomQuarter1_Choppable_C_2147482290
546.570557,Right Hand Grab,CarrotTopQuarter1_Choppable_C_2147482288
548.559387,Right Hand Released,CarrotTopQuarter1_Choppable_C_2147482288
549.967407,Right Hand Grab,CarrotTopQuarter2_Choppable_C_2147482287
551.707947,Right Hand Released,CarrotTopQuarter2_Choppable_C_2147482287
554.818542,Right Hand Grab,BeefStewCookbook_C_0
561.73468,Right Hand Grab,StaticMeshActor_84
562.873108,Right Hand Released,StaticMeshActor_84
564.634644,Right Hand Grab,PepperShakerGrabable_C_2147482361
581.033936,Right Hand Released,PepperShakerGrabable_C_2147482361
583.542908,Right Hand Grab,StaticMeshActor_84
584.276917,Right Hand Released,StaticMeshActor_84
585.320862,Right Hand Grab,StaticMeshActor_84
585.854309,Right Hand Released,StaticMeshActor_84
588.611023,Left Hand Grab,SaltShakerGrabable_C_2147482362
602.532043,Left Hand Released,SaltShakerGrabable_C_2147482362
609.113953,Right Hand Grab,BeefStewCookbook_C_0
617.697693,Right Hand Grab,None
618.911743,Right Hand Grab,None
620.559998,Left Hand Grab,None
621.382568,Left Hand Grab,None
629.828735,Right Hand Grab,StirSpoon_C_2147482365
661.541138,Right Hand Released,StirSpoon_C_2147482365
669.288574,Right Hand Grab,StirSpoon_C_2147482365
677.053528,Right Hand Released,StirSpoon_C_2147482365
681.155029,Right Hand Grab,StirSpoon_C_2147482365
696.138245,Right Hand Released,StirSpoon_C_2147482365
698.770813,Right Hand Grab,Tomato_TopHalf_Choppable_C_2147482314
699.437256,Right Hand Released,Tomato_TopHalf_Choppable_C_2147482314
700.872375,Right Hand Grab,NewLadle_C_2147482280
706.970398,Right Hand Released,NewLadle_C_2147482280
709.236267,Right Hand Grab,NewLadle_C_2147482280
711.33606,Right Hand Released,NewLadle_C_2147482280
711.868408,Right Hand Grab,NewLadle_C_2147482280
712.102051,Right Hand Released,NewLadle_C_2147482280
718.626526,Right Hand Grab,BeefStewCookbook_C_0
