Session Time,Action Type,Interacted Object
18.489521,Right Hand Grab,StaticMeshActor_84
19.600065,Right Hand Released,StaticMeshActor_84
23.094978,Right Hand Grab,BeefStewCookbook_C_0
108.003609,Right Hand Grab,BrothParent_C_2147482365
125.04454,Right Hand Released,BrothParent_C_2147482365
129.33078,Right Hand Grab,None
130.176392,Right Hand Grab,BeefStewCookbook_C_0
140.751099,Left Hand Grab,None
141.788422,Left Hand Grab,Meat_Choppable_C_2147482387
143.789917,Left Hand Released,Meat_Choppable_C_2147482387
148.683777,Right Hand Grab,Knife_C_1
150.768005,Left Hand Grab,StaticMeshActor_31
151.479996,Chopped,Meat_Choppable_C_2147482387
152.71637,Chopped,Meat_HalfRight_Choppable_C_2147482351
153.24968,Left Hand Released,StaticMeshActor_31
153.647507,Right Hand Released,Knife_C_1
155.982239,Right Hand Grab,Knife_C_1
157.577179,Left Hand Grab,StaticMeshActor_31
158.2435,Chopped,Meat_HalfLeft_Choppable_C_2147482352
160.000305,Chopped,Meat_QuarterRight2_C_2147482349
161.135742,Chopped,Meat_QuarterRight1_C_2147482350
161.822647,Chopped,Meat_QuarterRight2_C_2147482349
162.400024,Chopped,Meat_QuarterRight1_C_2147482350
164.620346,Chopped,Meat_QuarterLeft1_C_2147482348
165.439438,Chopped,Meat_QuarterRight1_C_2147482350
166.501862,Chopped,Meat_QuarterRight2_C_2147482349
167.101608,Left Hand Released,StaticMeshActor_31
167.145844,Chopped,Meat_QuarterLeft1_C_2147482348
167.301376,Right Hand Released,Knife_C_1
167.949844,Left Hand Grab,StaticMeshActor_31
167.994476,Right Hand Grab,Knife_C_1
168.283264,Right Hand Released,Knife_C_1
168.328018,Left Hand Released,StaticMeshActor_31
170.982178,Right Hand Grab,Knife_C_1
173.773483,Right Hand Released,Knife_C_1
175.23616,Right Hand Grab,Meat_QuarterRight2_C_2147482349
180.831543,Right Hand Released,Meat_QuarterRight2_C_2147482349
181.943176,Right Hand Grab,Meat_QuarterLeft1_C_2147482348
185.246323,Right Hand Released,Meat_QuarterLeft1_C_2147482348
186.646957,Right Hand Grab,Meat_QuarterLeft2_C_2147482347
187.841675,Right Hand Released,Meat_QuarterLeft2_C_2147482347
189.544968,Right Hand Grab,Meat_QuarterRight1_C_2147482350
190.881973,Right Hand Released,Meat_QuarterRight1_C_2147482350
192.796204,Left Hand Grab,Meat_Choppable_C_2147482355
194.566727,Left Hand Released,Meat_Choppable_C_2147482355
195.569473,Right Hand Grab,StaticMeshActor_84
196.840134,Right Hand Released,StaticMeshActor_84
197.612961,Right Hand Grab,Knife_C_1
199.522781,Chopped,Meat_Choppable_C_2147482355
200.681366,Chopped,Meat_HalfLeft_Choppable_C_2147482345
201.503906,Chopped,Meat_HalfRight_Choppable_C_2147482344
202.562988,Right Hand Released,Knife_C_1
203.54454,Right Hand Grab,Meat_QuarterRight2_C_2147482340
205.095901,Right Hand Released,Meat_QuarterRight2_C_2147482340
206.429214,Right Hand Grab,Meat_QuarterRight1_C_2147482341
207.870529,Right Hand Released,Meat_QuarterRight1_C_2147482341
210.568329,Right Hand Grab,Meat_QuarterLeft1_C_2147482343
211.782761,Right Hand Released,Meat_QuarterLeft1_C_2147482343
212.856583,Right Hand Grab,Meat_QuarterLeft2_C_2147482342
213.988998,Right Hand Released,Meat_QuarterLeft2_C_2147482342
218.596237,Right Hand Grab,BeefStewCookbook_C_0
227.020081,Right Hand Grab,Onion_Choppable_C_2147482379
228.574951,Right Hand Released,Onion_Choppable_C_2147482379
230.127945,Right Hand Grab,StaticMeshActor_84
230.722687,Right Hand Released,StaticMeshActor_84
231.899658,Right Hand Grab,Knife_C_1
232.939484,Chopped,Onion_Choppable_C_2147482379
234.473724,Chopped,Onion_Peeled_C_2147482336
235.790421,Right Hand Released,Knife_C_1
236.694809,Right Hand Grab,Onion_Choppable_C_2147482376
238.320236,Right Hand Released,Onion_Choppable_C_2147482376
239.394501,Right Hand Grab,StaticMeshActor_84
240.652496,Right Hand Released,StaticMeshActor_84
241.208282,Right Hand Grab,Knife_C_1
241.962906,Chopped,Onion_Choppable_C_2147482376
242.905579,Chopped,Onion_Peeled_C_2147482332
244.02623,Chopped,Onion_Peeled_C_2147482332
245.323502,Right Hand Released,Knife_C_1
248.741745,Right Hand Grab,Onion_Half2_C_2147482330
250.192825,Right Hand Released,Onion_Half2_C_2147482330
252.511337,Right Hand Grab,Knife_C_1
253.729156,Right Hand Released,Knife_C_1
254.307266,Right Hand Grab,Onion_Half2_C_2147482334
255.685562,Right Hand Released,Onion_Half2_C_2147482334
256.914886,Right Hand Grab,Onion_Half_C_2147482335
258.351593,Right Hand Released,Onion_Half_C_2147482335
259.691376,Right Hand Grab,Onion_Half_C_2147482331
260.917267,Right Hand Released,Onion_Half_C_2147482331
263.501953,Right Hand Grab,BeefStewCookbook_C_0
264.391144,Right Hand Grab,BeefStewCookbook_C_0
265.975098,Right Hand Grab,BeefStewCookbook_C_0
266.92804,Right Hand Grab,BeefStewCookbook_C_0
273.019684,Right Hand Grab,BeefStewCookbook_C_0
274.239594,Right Hand Grab,BeefStewCookbook_C_0
275.643066,Right Hand Grab,BeefStewCookbook_C_0
276.489075,Right Hand Grab,BeefStewCookbook_C_0
278.309235,Right Hand Grab,BeefStewCookbook_C_0
281.174225,Right Hand Grab,Onion_Choppable_C_2147482337
282.349792,Right Hand Released,Onion_Choppable_C_2147482337
283.741913,Right Hand Grab,Onion_Choppable_C_2147482337
285.138336,Right Hand Released,Onion_Choppable_C_2147482337
286.0755,Right Hand Grab,Tomato_Choppable_C_2147482383
287.145966,Right Hand Released,Tomato_Choppable_C_2147482383
287.925018,Right Hand Grab,Tomato_Choppable_C_2147482383
289.67691,Right Hand Released,Tomato_Choppable_C_2147482383
291.006958,Right Hand Grab,Knife_C_1
291.78653,Chopped,Tomato_Choppable_C_2147482383
296.296692,Right Hand Released,Knife_C_1
297.967438,Right Hand Grab,Tomato_Choppable_C_2147482324
301.193329,Right Hand Released,Tomato_Choppable_C_2147482324
301.793243,Right Hand Grab,Knife_C_1
303.221741,Chopped,Tomato_Choppable_C_2147482324
304.358856,Right Hand Released,Knife_C_1
307.092285,Right Hand Grab,Tomato_BottomHalf_Choppable_C_2147482322
309.553131,Right Hand Grab,Tomato_TopHalf_Choppable_C_2147482318
310.75824,Right Hand Released,Tomato_TopHalf_Choppable_C_2147482318
312.190308,Right Hand Grab,Tomato_BottomHalf_Choppable_C_2147482317
313.527649,Right Hand Released,Tomato_BottomHalf_Choppable_C_2147482317
314.626495,Right Hand Grab,Tomato_TopHalf_Choppable_C_2147482323
315.928192,Right Hand Released,Tomato_TopHalf_Choppable_C_2147482323
317.917816,Right Hand Grab,BeefStewCookbook_C_0
319.232544,Right Hand Grab,BeefStewCookbook_C_0
320.613922,Right Hand Grab,BeefStewCookbook_C_0
322.657471,Right Hand Grab,BeefStewCookbook_C_0
323.945892,Right Hand Grab,BeefStewCookbook_C_0
328.44519,Right Hand Grab,BeefStewCookbook_C_0
329.886078,Right Hand Grab,Potato_Choppable_C_2147482397
331.989197,Right Hand Released,Potato_Choppable_C_2147482397
332.675598,Right Hand Grab,Knife_C_1
333.567261,Chopped,Potato_Choppable_C_2147482397
335.163513,Right Hand Released,Knife_C_1
337.87146,Right Hand Grab,BeefStewCookbook_C_0
339.901031,Right Hand Grab,Potato_Choppable_C_2147482396
342.019012,Right Hand Released,Potato_Choppable_C_2147482396
342.613922,Right Hand Grab,Knife_C_1
344.029236,Chopped,Potato_Choppable_C_2147482396
344.760254,Chopped,Potato_BottomHalf_Choppable_C_2147482309
345.632599,Right Hand Released,Knife_C_1
346.298981,Right Hand Grab,Knife_C_1
346.569183,Right Hand Released,Knife_C_1
351.508179,Right Hand Grab,BeefStewCookbook_C_0
353.200592,Right Hand Grab,BeefStewCookbook_C_0
356.206848,Right Hand Grab,Potato_TopHalf_Choppable_C_2147482310
359.59137,Right Hand Grab,Potato_BottomHalf_Choppable_C_2147482309
361.054871,Right Hand Released,Potato_BottomHalf_Choppable_C_2147482309
362.501984,Right Hand Grab,Potato_BottomHalf_Choppable_C_2147482314
365.108887,Right Hand Released,Potato_BottomHalf_Choppable_C_2147482314
367.838684,Right Hand Grab,Potato_TopHalf_Choppable_C_2147482315
372.75647,Right Hand Grab,BeefStewCookbook_C_0
378.154419,Right Hand Grab,Carrot_Choppable_C_2147482392
379.613281,Right Hand Released,Carrot_Choppable_C_2147482392
380.787048,Right Hand Grab,Knife_C_1
382.494049,Chopped,Carrot_Choppable_C_2147482392
383.271881,Chopped,CarrotBotton_Choppable_C_2147482306
384.291016,Right Hand Released,Knife_C_1
386.111389,Right Hand Grab,Carrot_Choppable_C_2147482308
387.488953,Right Hand Released,Carrot_Choppable_C_2147482308
388.481537,Right Hand Grab,Knife_C_1
389.477173,Chopped,CarrotBotton_Choppable_C_2147482306
389.609955,Left Hand Grab,Carrot_Choppable_C_2147482308
390.098999,Chopped,Carrot_Choppable_C_2147482308
391.169525,Right Hand Released,Knife_C_1
395.294556,Right Hand Grab,CarrotBotton_Choppable_C_2147482301
396.565948,Right Hand Released,CarrotBotton_Choppable_C_2147482301
397.568268,Right Hand Grab,CarrotTop_Choppable_C_2147482302
398.905273,Right Hand Released,CarrotTop_Choppable_C_2147482302
400.589478,Right Hand Grab,CarrotTop_Choppable_C_2147482307
403.070679,Right Hand Grab,CarrotBottomQuarter1_Choppable_C_2147482304
405.006836,Right Hand Released,CarrotBottomQuarter1_Choppable_C_2147482304
407.05722,Right Hand Grab,Knife_C_1
408.697083,Right Hand Released,Knife_C_1
409.517517,Right Hand Grab,CarrotBottomQuarter2_Choppable_C_2147482303
410.668457,Right Hand Released,CarrotBottomQuarter2_Choppable_C_2147482303
411.842438,Right Hand Grab,Carrot_Choppable_C_2147482305
413.193756,Right Hand Released,Carrot_Choppable_C_2147482305
413.79007,Right Hand Grab,Knife_C_1
414.427399,Left Hand Grab,Carrot_Choppable_C_2147482305
414.893768,Chopped,Carrot_Choppable_C_2147482305
415.485809,Chopped,CarrotBotton_Choppable_C_2147482296
416.264313,Chopped,CarrotBotton_Choppable_C_2147482296
417.422058,Chopped,CarrotTop_Choppable_C_2147482297
418.389679,Chopped,CarrotBottomQuarter1_Choppable_C_2147482295
419.073975,Chopped,CarrotBottomQuarter2_Choppable_C_2147482294
420.011444,Right Hand Released,Knife_C_1
420.834503,Right Hand Grab,CarrotBottomQuarter2_Choppable_C_2147482294
421.970428,Right Hand Released,CarrotBottomQuarter2_Choppable_C_2147482294
422.649567,Right Hand Grab,CarrotTopQuarter2_Choppable_C_2147482292
423.617706,Right Hand Released,CarrotTopQuarter2_Choppable_C_2147482292
424.521973,Right Hand Grab,CarrotBottomQuarter1_Choppable_C_2147482295
425.558594,Right Hand Released,CarrotBottomQuarter1_Choppable_C_2147482295
426.661682,Right Hand Grab,CarrotTopQuarter1_Choppable_C_2147482293
427.53299,Right Hand Released,CarrotTopQuarter1_Choppable_C_2147482293
429.335022,Right Hand Grab,Carrot_Choppable_C_2147482298
430.9729,Right Hand Released,Carrot_Choppable_C_2147482298
431.639618,Right Hand Grab,Knife_C_1
432.853333,Chopped,Carrot_Choppable_C_2147482298
433.582428,Chopped,CarrotBotton_Choppable_C_2147482289
434.489777,Right Hand Released,Knife_C_1
435.317261,Right Hand Grab,CarrotBotton_Choppable_C_2147482289
436.792786,Right Hand Released,CarrotBotton_Choppable_C_2147482289
437.763672,Right Hand Grab,CarrotTop_Choppable_C_2147482290
438.933289,Right Hand Released,CarrotTop_Choppable_C_2147482290
441.4021,Right Hand Grab,Carrot_Choppable_C_2147482291
442.90979,Right Hand Released,Carrot_Choppable_C_2147482291
443.483276,Right Hand Grab,Knife_C_1
444.306091,Chopped,Carrot_Choppable_C_2147482291
444.973938,Chopped,CarrotBotton_Choppable_C_2147482286
445.927582,Right Hand Released,Knife_C_1
446.614807,Right Hand Grab,CarrotBotton_Choppable_C_2147482286
447.56897,Right Hand Released,CarrotBotton_Choppable_C_2147482286
448.742737,Right Hand Grab,StaticMeshActor_31
450.272888,Right Hand Released,StaticMeshActor_31
452.820129,Right Hand Grab,CarrotTop_Choppable_C_2147482287
453.28714,Right Hand Released,CarrotTop_Choppable_C_2147482287
458.195862,Right Hand Grab,None
459.221344,Right Hand Grab,Knife_C_1
460.713837,Chopped,CarrotTop_Choppable_C_2147482287
461.578339,Chopped,CarrotTopQuarter1_Choppable_C_2147482283
462.179047,Chopped,CarrotTopQuarter1_Choppable_C_2147482283
462.844971,Chopped,CarrotTopQuarter1_Choppable_C_2147482283
464.662384,Right Hand Released,Knife_C_1
465.822876,Right Hand Grab,StaticMeshActor_84
466.388733,Right Hand Released,StaticMeshActor_84
466.918732,Right Hand Grab,CarrotTopQuarter2_Choppable_C_2147482282
467.252228,Right Hand Released,CarrotTopQuarter2_Choppable_C_2147482282
467.743317,Right Hand Grab,CarrotTopQuarter2_Choppable_C_2147482282
469.254211,Right Hand Released,CarrotTopQuarter2_Choppable_C_2147482282
471.546356,Right Hand Grab,CarrotTopQuarter2_Choppable_C_2147482282
472.745575,Right Hand Released,CarrotTopQuarter2_Choppable_C_2147482282
475.876648,Right Hand Grab,Carrot_Choppable_C_2147482288
477.814148,Right Hand Released,Carrot_Choppable_C_2147482288
478.783966,Right Hand Grab,CarrotTopQuarter1_Choppable_C_2147482283
480.591095,Right Hand Released,CarrotTopQuarter1_Choppable_C_2147482283
482.127502,Right Hand Grab,CarrotTopQuarter2_Choppable_C_2147482282
483.634949,Right Hand Released,CarrotTopQuarter2_Choppable_C_2147482282
487.354462,Right Hand Grab,None
488.333435,Right Hand Grab,BeefStewCookbook_C_0
491.02771,Right Hand Grab,BeefStewCookbook_C_0
492.516022,Right Hand Grab,BeefStewCookbook_C_0
494.823242,Right Hand Grab,StaticMeshActor_84
495.463562,Right Hand Released,StaticMeshActor_84
496.415741,Right Hand Grab,StaticMeshActor_84
496.949707,Right Hand Released,StaticMeshActor_84
498.105774,Right Hand Grab,StaticMeshActor_84
498.731018,Right Hand Released,StaticMeshActor_84
499.107605,Right Hand Grab,StaticMeshActor_84
500.151489,Right Hand Released,StaticMeshActor_84
501.258942,Right Hand Grab,PepperShakerGrabable_C_2147482363
507.106659,Right Hand Released,PepperShakerGrabable_C_2147482363
508.82019,Right Hand Grab,SaltShakerGrabable_C_2147482364
514.14624,Right Hand Released,SaltShakerGrabable_C_2147482364
514.905579,Right Hand Grab,PepperShakerGrabable_C_2147482363
515.506897,Right Hand Released,PepperShakerGrabable_C_2147482363
517.017944,Right Hand Grab,Knife_C_1
517.705688,Right Hand Released,Knife_C_1
524.594849,Right Hand Grab,StirSpoon_C_2147482367
540.601807,Right Hand Released,StirSpoon_C_2147482367
541.597656,Right Hand Grab,None
547.200439,Left Hand Grab,NewLadle_C_2147482276
550.647827,Left Hand Released,NewLadle_C_2147482276
559.41217,Right Hand Grab,NewLadle_C_2147482276
572.360596,Right Hand Released,NewLadle_C_2147482276
573.514343,Right Hand Grab,BeefStewCookbook_C_0
577.583008,Right Hand Grab,StewBowl_C_2147482274
