Session Time,Action Type,Interacted Object
27.053749,Right Hand Grab,BeefStewCookbook_C_0
34.330685,Right Hand Grab,BrothParent_C_2147482365
63.100483,Right Hand Released,BrothParent_C_2147482365
64.45031,Right Hand Grab,BrothParent_C_2147482365
66.363907,Right Hand Released,BrothParent_C_2147482365
69.549911,Right Hand Grab,None
71.615997,Right Hand Grab,BeefStewCookbook_C_0
76.338814,Left Hand Grab,Meat_Choppable_C_2147482387
77.641678,Left Hand Released,Meat_Choppable_C_2147482387
79.401337,Right Hand Grab,Knife_C_1
80.831451,Chopped,Meat_Choppable_C_2147482387
81.607521,Chopped,Meat_HalfRight_Choppable_C_2147482355
82.140274,Chopped,Meat_HalfLeft_Choppable_C_2147482356
82.897575,Chopped,Meat_QuarterLeft2_C_2147482353
84.364464,Chopped,Meat_HalfRight_Choppable_C_2147482355
85.628433,Chopped,Meat_QuarterRight2_C_2147482351
86.586136,Chopped,Meat_QuarterRight2_C_2147482351
87.119919,Chopped,Meat_QuarterLeft2_C_2147482353
88.075089,Chopped,Meat_QuarterLeft1_C_2147482354
89.558388,Right Hand Released,Knife_C_1
90.617447,Right Hand Grab,Meat_QuarterRight2_C_2147482351
93.554955,Right Hand Released,Meat_QuarterRight2_C_2147482351
96.618034,Right Hand Grab,Meat_QuarterRight1_C_2147482352
97.64653,Right Hand Released,Meat_QuarterRight1_C_2147482352
98.51226,Right Hand Grab,Meat_QuarterLeft2_C_2147482353
99.580017,Right Hand Released,Meat_QuarterLeft2_C_2147482353
100.481728,Right Hand Grab,Meat_QuarterLeft1_C_2147482354
101.586044,Right Hand Released,Meat_QuarterLeft1_C_2147482354
102.556862,Right Hand Grab,Meat_Choppable_C_2147482357
103.692764,Right Hand Released,Meat_Choppable_C_2147482357
104.536972,Right Hand Grab,Knife_C_1
105.310791,Chopped,Meat_Choppable_C_2147482357
105.92971,Chopped,Meat_HalfRight_Choppable_C_2147482348
106.52607,Chopped,Meat_HalfLeft_Choppable_C_2147482349
107.103722,Chopped,Meat_QuarterLeft1_C_2147482347
107.749847,Chopped,Meat_HalfRight_Choppable_C_2147482348
108.486702,Right Hand Released,Knife_C_1
108.931068,Left Hand Grab,Meat_QuarterLeft2_C_2147482346
110.069443,Left Hand Released,Meat_QuarterLeft2_C_2147482346
110.785812,Left Hand Grab,Meat_QuarterLeft1_C_2147482347
112.015068,Left Hand Released,Meat_QuarterLeft1_C_2147482347
113.011055,Left Hand Grab,Knife_C_1
114.207825,Chopped,Meat_QuarterRight1_C_2147482345
114.318748,Left Hand Released,Knife_C_1
115.144928,Left Hand Grab,Meat_QuarterRight1_C_2147482345
116.499496,Left Hand Released,Meat_QuarterRight1_C_2147482345
117.658836,Right Hand Grab,Meat_QuarterRight2_C_2147482344
119.054955,Right Hand Released,Meat_QuarterRight2_C_2147482344
124.488068,Right Hand Grab,BeefStewCookbook_C_0
132.137558,Left Hand Grab,Onion_Choppable_C_2147482375
133.225922,Left Hand Released,Onion_Choppable_C_2147482375
134.418549,Left Hand Grab,Onion_Choppable_C_2147482343
135.620148,Left Hand Released,Onion_Choppable_C_2147482343
140.778687,Right Hand Grab,Knife_C_1
141.796951,Chopped,Onion_Choppable_C_2147482375
142.614944,Chopped,Onion_Peeled_C_2147482341
143.393066,Chopped,Onion_Peeled_C_2147482341
144.233521,Chopped,Onion_Choppable_C_2147482343
145.06221,Chopped,Onion_Peeled_C_2147482336
145.740585,Right Hand Released,Knife_C_1
146.488754,Right Hand Grab,Onion_Half2_C_2147482337
147.599808,Right Hand Released,Onion_Half2_C_2147482337
148.659912,Right Hand Grab,Onion_Peeled_C_2147482336
151.226578,Right Hand Released,Onion_Peeled_C_2147482336
151.485779,Right Hand Grab,Onion_Half_C_2147482338
152.999786,Right Hand Released,Onion_Half_C_2147482338
154.095932,Right Hand Grab,Knife_C_1
154.977951,Chopped,Onion_Peeled_C_2147482336
155.649445,Right Hand Released,Knife_C_1
156.315292,Right Hand Grab,Onion_Half2_C_2147482334
157.266434,Right Hand Released,Onion_Half2_C_2147482334
157.867294,Left Hand Grab,Onion_Half_C_2147482335
159.00473,Left Hand Released,Onion_Half_C_2147482335
161.68045,Right Hand Grab,BeefStewCookbook_C_0
165.040649,Right Hand Grab,Tomato_Choppable_C_2147482382
166.4888,Left Hand Grab,None
167.13356,Left Hand Grab,Tomato_Choppable_C_2147482384
168.506821,Right Hand Released,Tomato_Choppable_C_2147482382
168.506821,Left Hand Released,Tomato_Choppable_C_2147482384
169.261948,Right Hand Grab,Knife_C_1
169.923965,Chopped,Tomato_Choppable_C_2147482382
170.703369,Chopped,Tomato_Choppable_C_2147482384
171.54306,Right Hand Released,Knife_C_1
172.321243,Right Hand Grab,Tomato_TopHalf_Choppable_C_2147482331
172.343216,Left Hand Grab,StaticMeshActor_31
173.736542,Right Hand Released,Tomato_TopHalf_Choppable_C_2147482331
173.736542,Left Hand Released,StaticMeshActor_31
174.605225,Right Hand Grab,Tomato_BottomHalf_Choppable_C_2147482330
175.508896,Right Hand Released,Tomato_BottomHalf_Choppable_C_2147482330
176.375015,Right Hand Grab,Tomato_BottomHalf_Choppable_C_2147482328
177.435989,Left Hand Grab,Tomato_TopHalf_Choppable_C_2147482329
178.699387,Left Hand Released,Tomato_TopHalf_Choppable_C_2147482329
178.743423,Right Hand Released,Tomato_BottomHalf_Choppable_C_2147482328
181.435059,Right Hand Grab,BeefStewCookbook_C_0
182.993729,Right Hand Grab,BeefStewCookbook_C_0
185.944214,Left Hand Grab,Carrot_Choppable_C_2147482388
187.373383,Left Hand Released,Carrot_Choppable_C_2147482388
192.547653,Right Hand Grab,BeefStewCookbook_C_0
197.866592,Left Hand Grab,Potato_Choppable_C_2147482393
199.330109,Left Hand Released,Potato_Choppable_C_2147482393
201.718552,Left Hand Grab,Potato_Choppable_C_2147482326
203.359055,Left Hand Released,Potato_Choppable_C_2147482326
204.243561,Right Hand Grab,Knife_C_1
205.01796,Chopped,Potato_Choppable_C_2147482326
205.814331,Chopped,Potato_Choppable_C_2147482393
206.621597,Chopped,Potato_TopHalf_Choppable_C_2147482324
207.355362,Chopped,Potato_TopHalf_Choppable_C_2147482322
208.15802,Chopped,Potato_TopHalf_Choppable_C_2147482324
208.828217,Chopped,Potato_TopHalf_Choppable_C_2147482322
209.932205,Chopped,Potato_TopHalf_Choppable_C_2147482324
210.502747,Chopped,Potato_TopHalf_Choppable_C_2147482322
211.406204,Right Hand Released,Knife_C_1
212.440491,Right Hand Grab,Potato_BottomHalf_Choppable_C_2147482321
216.693146,Right Hand Released,Potato_BottomHalf_Choppable_C_2147482321
217.756592,Right Hand Grab,Potato_TopHalf_Choppable_C_2147482324
218.729843,Right Hand Released,Potato_TopHalf_Choppable_C_2147482324
219.825684,Left Hand Grab,Potato_TopHalf_Choppable_C_2147482322
219.859299,Right Hand Grab,Potato_BottomHalf_Choppable_C_2147482323
221.151825,Right Hand Released,Potato_BottomHalf_Choppable_C_2147482323
221.692017,Left Hand Released,Potato_TopHalf_Choppable_C_2147482322
224.261749,Right Hand Grab,BeefStewCookbook_C_0
228.313171,Left Hand Grab,Carrot_Choppable_C_2147482327
229.89502,Left Hand Released,Carrot_Choppable_C_2147482327
230.442551,Right Hand Grab,Knife_C_1
231.309525,Chopped,Carrot_Choppable_C_2147482388
232.045898,Chopped,Carrot_Choppable_C_2147482327
233.424225,Chopped,CarrotBotton_Choppable_C_2147482312
234.112808,Chopped,CarrotBotton_Choppable_C_2147482314
235.233521,Chopped,CarrotTop_Choppable_C_2147482315
236.29715,Chopped,CarrotTop_Choppable_C_2147482313
237.260406,Right Hand Released,Knife_C_1
238.164185,Left Hand Grab,CarrotTopQuarter1_Choppable_C_2147482307
239.83548,Left Hand Released,CarrotTopQuarter1_Choppable_C_2147482307
240.732178,Right Hand Grab,CarrotTopQuarter1_Choppable_C_2147482305
241.633545,Right Hand Released,CarrotTopQuarter1_Choppable_C_2147482305
242.599915,Right Hand Grab,CarrotTopQuarter2_Choppable_C_2147482304
243.634537,Right Hand Released,CarrotTopQuarter2_Choppable_C_2147482304
244.700989,Right Hand Grab,CarrotBottomQuarter2_Choppable_C_2147482308
245.918839,Right Hand Released,CarrotBottomQuarter2_Choppable_C_2147482308
246.565536,Left Hand Grab,CarrotBottomQuarter1_Choppable_C_2147482309
247.666718,Left Hand Released,CarrotBottomQuarter1_Choppable_C_2147482309
248.105362,Right Hand Grab,CarrotBottomQuarter2_Choppable_C_2147482310
249.150208,Right Hand Released,CarrotBottomQuarter2_Choppable_C_2147482310
249.78624,Left Hand Grab,CarrotBottomQuarter1_Choppable_C_2147482311
250.852585,Left Hand Released,CarrotBottomQuarter1_Choppable_C_2147482311
252.079865,Right Hand Grab,CarrotTopQuarter2_Choppable_C_2147482306
253.44696,Right Hand Released,CarrotTopQuarter2_Choppable_C_2147482306
256.408813,Right Hand Grab,BeefStewCookbook_C_0
262.685364,Right Hand Grab,PepperShakerGrabable_C_2147482363
262.774567,Left Hand Grab,Knife_C_1
263.955566,Left Hand Released,Knife_C_1
264.644989,Left Hand Grab,SaltShakerGrabable_C_2147482364
271.657379,Left Hand Released,SaltShakerGrabable_C_2147482364
276.596344,Right Hand Released,PepperShakerGrabable_C_2147482363
277.661957,Right Hand Grab,SaltShakerGrabable_C_2147482364
282.195526,Right Hand Released,SaltShakerGrabable_C_2147482364
283.569977,Right Hand Grab,PepperShakerGrabable_C_2147482363
287.226349,Right Hand Released,PepperShakerGrabable_C_2147482363
288.724426,Left Hand Grab,Meat_Choppable_C_2147482350
289.520569,Left Hand Released,Meat_Choppable_C_2147482350
290.086914,Left Hand Grab,Meat_Choppable_C_2147482386
290.782959,Left Hand Released,Meat_Choppable_C_2147482386
291.486725,Right Hand Grab,StaticMeshActor_31
304.948212,Right Hand Released,StaticMeshActor_31
307.925507,Right Hand Grab,StirSpoon_C_2147482367
308.950989,Right Hand Released,StirSpoon_C_2147482367
309.574127,Right Hand Grab,StirSpoon_C_2147482367
319.865356,Right Hand Released,StirSpoon_C_2147482367
321.379333,Right Hand Grab,BeefStewCookbook_C_0
326.111237,Right Hand Grab,StaticMeshActor_31
327.013855,Right Hand Released,StaticMeshActor_31
327.549377,Right Hand Grab,StaticMeshActor_31
328.217041,Right Hand Released,StaticMeshActor_31
328.749939,Left Hand Grab,Meat_Choppable_C_2147482350
329.384277,Left Hand Released,Meat_Choppable_C_2147482350
330.317841,Left Hand Grab,NewLadle_C_2147482299
333.017731,Left Hand Released,NewLadle_C_2147482299
333.883453,Right Hand Grab,StaticMeshActor_31
335.018555,Right Hand Released,StaticMeshActor_31
335.11908,Right Hand Grab,StaticMeshActor_31
335.285553,Right Hand Released,StaticMeshActor_31
335.884155,Right Hand Grab,NewLadle_C_2147482299
351.441681,Right Hand Released,NewLadle_C_2147482299
353.907257,Right Hand Grab,BeefStewCookbook_C_0
