Session Time,Action Type,Interacted Object
3.505658,Right Hand Grab,None
4.64343,Right Hand Grab,BeefStewCookbook_C_0
7.398118,Right Hand Grab,BrothParent_C_2147482365
22.420765,Right Hand Released,BrothParent_C_2147482365
25.437908,Right Hand Grab,BeefStewCookbook_C_0
27.616013,Right Hand Grab,Meat_Choppable_C_2147482387
28.856552,Right Hand Released,Meat_Choppable_C_2147482387
39.30188,Right Hand Grab,Meat_Choppable_C_2147482387
40.433388,Right Hand Released,Meat_Choppable_C_2147482387
41.520683,Right Hand Grab,Knife_C_1
43.168419,Chopped,Meat_Choppable_C_2147482387
43.944454,Chopped,Meat_HalfRight_Choppable_C_2147482356
44.699158,Chopped,Meat_HalfRight_Choppable_C_2147482356
45.407063,Chopped,Meat_HalfLeft_Choppable_C_2147482357
46.047504,Chopped,Meat_QuarterLeft2_C_2147482352
46.713787,Chopped,Meat_QuarterLeft1_C_2147482353
49.031395,Right Hand Released,Knife_C_1
51.030415,Right Hand Grab,Meat_QuarterRight1_C_2147482355
51.785328,Right Hand Released,Meat_QuarterRight1_C_2147482355
52.139,Right Hand Grab,Meat_QuarterRight1_C_2147482355
54.685314,Right Hand Released,Meat_QuarterRight1_C_2147482355
55.843704,Right Hand Grab,Meat_QuarterRight2_C_2147482354
57.183544,Right Hand Released,Meat_QuarterRight2_C_2147482354
57.935398,Right Hand Grab,Meat_QuarterLeft1_C_2147482353
59.243866,Right Hand Released,Meat_QuarterLeft1_C_2147482353
60.092094,Right Hand Grab,Meat_QuarterLeft2_C_2147482352
61.206455,Right Hand Released,Meat_QuarterLeft2_C_2147482352
62.200413,Right Hand Grab,Meat_Choppable_C_2147482385
64.836823,Right Hand Released,Meat_Choppable_C_2147482385
66.236839,Right Hand Grab,Knife_C_1
67.839981,Right Hand Released,Knife_C_1
69.380455,Right Hand Grab,Knife_C_1
69.916481,Chopped,Meat_Choppable_C_2147482385
71.535667,Chopped,Meat_HalfLeft_Choppable_C_2147482348
72.156349,Chopped,Meat_QuarterLeft2_C_2147482345
72.778931,Chopped,Meat_HalfRight_Choppable_C_2147482347
73.491135,Chopped,Meat_QuarterLeft1_C_2147482346
74.093658,Chopped,Meat_QuarterLeft1_C_2147482346
75.226418,Right Hand Released,Knife_C_1
76.089516,Right Hand Grab,Meat_QuarterRight2_C_2147482343
77.441353,Right Hand Released,Meat_QuarterRight2_C_2147482343
78.777374,Right Hand Grab,Meat_QuarterRight1_C_2147482344
79.905617,Right Hand Released,Meat_QuarterRight1_C_2147482344
80.904434,Right Hand Grab,Meat_QuarterLeft1_C_2147482346
82.474876,Right Hand Released,Meat_QuarterLeft1_C_2147482346
83.346649,Right Hand Grab,Meat_QuarterLeft2_C_2147482345
84.519485,Right Hand Released,Meat_QuarterLeft2_C_2147482345
87.318657,Right Hand Grab,BeefStewCookbook_C_0
89.680817,Right Hand Grab,Onion_Choppable_C_2147482379
91.110153,Right Hand Released,Onion_Choppable_C_2147482379
92.020004,Right Hand Grab,Knife_C_1
92.841705,Chopped,Onion_Choppable_C_2147482379
95.155357,Chopped,Onion_Peeled_C_2147482341
96.177109,Right Hand Released,Knife_C_1
97.151863,Right Hand Grab,Knife_C_1
97.440079,Right Hand Released,Knife_C_1
99.43541,Right Hand Grab,Onion_Choppable_C_2147482342
100.971741,Right Hand Released,Onion_Choppable_C_2147482342
101.615845,Right Hand Grab,Knife_C_1
102.171257,Chopped,Onion_Half_C_2147482340
102.92701,Chopped,Onion_Half_C_2147482340
103.46006,Chopped,Onion_Half_C_2147482340
104.77034,Right Hand Released,Knife_C_1
106.061157,Right Hand Grab,Knife_C_1
107.020226,Chopped,Onion_Choppable_C_2147482342
107.730446,Chopped,Onion_Peeled_C_2147482337
108.353676,Chopped,Onion_Half2_C_2147482339
108.907707,Chopped,Onion_Peeled_C_2147482337
110.575539,Right Hand Released,Knife_C_1
111.4841,Right Hand Grab,Onion_Half2_C_2147482335
114.460213,Right Hand Released,Onion_Half2_C_2147482335
115.421951,Right Hand Grab,Onion_Half_C_2147482340
117.608727,Right Hand Released,Onion_Half_C_2147482340
118.838615,Right Hand Grab,Onion_Half2_C_2147482339
120.312813,Right Hand Released,Onion_Half2_C_2147482339
124.352753,Right Hand Grab,Onion_Choppable_C_2147482338
126.062317,Right Hand Released,Onion_Choppable_C_2147482338
126.863518,Right Hand Grab,Knife_C_1
127.836723,Right Hand Released,Knife_C_1
129.194443,Right Hand Grab,Knife_C_1
130.172379,Chopped,Onion_Choppable_C_2147482338
131.037674,Chopped,Onion_Peeled_C_2147482331
131.659531,Chopped,Onion_Peeled_C_2147482331
133.211777,Right Hand Released,Knife_C_1
133.988129,Right Hand Grab,Onion_Half_C_2147482330
135.300629,Right Hand Released,Onion_Half_C_2147482330
138.46196,Right Hand Grab,BeefStewCookbook_C_0
141.754791,Right Hand Grab,Tomato_Choppable_C_2147482384
143.969452,Right Hand Released,Tomato_Choppable_C_2147482384
144.747513,Right Hand Grab,Knife_C_1
145.566589,Right Hand Released,Knife_C_1
148.207352,Right Hand Grab,Knife_C_1
149.004822,Chopped,Tomato_Choppable_C_2147482384
150.158463,Chopped,Tomato_BottomHalf_Choppable_C_2147482326
151.244629,Right Hand Released,Knife_C_1
152.115662,Right Hand Grab,Tomato_BottomHalf_Choppable_C_2147482326
152.896759,Right Hand Released,Tomato_BottomHalf_Choppable_C_2147482326
153.563644,Right Hand Grab,Tomato_TopHalf_Choppable_C_2147482327
154.431702,Right Hand Released,Tomato_TopHalf_Choppable_C_2147482327
155.74411,Right Hand Grab,Tomato_Choppable_C_2147482382
157.368408,Right Hand Released,Tomato_Choppable_C_2147482382
158.189621,Right Hand Grab,Knife_C_1
158.878754,Chopped,Tomato_Choppable_C_2147482382
160.098602,Right Hand Released,Knife_C_1
160.917221,Right Hand Grab,Tomato_BottomHalf_Choppable_C_2147482323
161.963257,Right Hand Released,Tomato_BottomHalf_Choppable_C_2147482323
162.650574,Right Hand Grab,Tomato_TopHalf_Choppable_C_2147482324
163.852448,Right Hand Released,Tomato_TopHalf_Choppable_C_2147482324
166.258423,Right Hand Grab,BeefStewCookbook_C_0
170.052567,Right Hand Grab,StaticMeshActor_102
171.847351,Right Hand Released,StaticMeshActor_102
174.5392,Right Hand Grab,StaticMeshActor_103
176.495102,Right Hand Released,StaticMeshActor_103
177.761002,Right Hand Grab,Knife_C_1
186.978271,Right Hand Released,Knife_C_1
188.818726,Right Hand Grab,Potato_Choppable_C_2147482397
191.137695,Right Hand Released,Potato_Choppable_C_2147482397
191.826004,Right Hand Grab,Knife_C_1
192.560272,Chopped,Potato_Choppable_C_2147482397
193.202499,Chopped,Potato_BottomHalf_Choppable_C_2147482318
194.246567,Right Hand Released,Knife_C_1
195.025177,Right Hand Grab,Potato_BottomHalf_Choppable_C_2147482318
197.686005,Right Hand Released,Potato_BottomHalf_Choppable_C_2147482318
198.775345,Right Hand Grab,Potato_TopHalf_Choppable_C_2147482319
199.838013,Right Hand Released,Potato_TopHalf_Choppable_C_2147482319
201.186874,Right Hand Grab,Potato_Choppable_C_2147482396
202.902267,Right Hand Released,Potato_Choppable_C_2147482396
203.52449,Right Hand Grab,Knife_C_1
204.372986,Chopped,Potato_Choppable_C_2147482396
204.92865,Chopped,Potato_TopHalf_Choppable_C_2147482316
205.925842,Right Hand Released,Knife_C_1
206.480743,Right Hand Grab,Potato_BottomHalf_Choppable_C_2147482315
207.344666,Right Hand Released,Potato_BottomHalf_Choppable_C_2147482315
207.961304,Right Hand Grab,Potato_TopHalf_Choppable_C_2147482316
208.850403,Right Hand Released,Potato_TopHalf_Choppable_C_2147482316
210.925858,Right Hand Grab,BeefStewCookbook_C_0
211.79216,Right Hand Grab,BeefStewCookbook_C_0
221.056076,Right Hand Grab,BeefStewCookbook_C_0
224.123108,Right Hand Grab,Carrot_Choppable_C_2147482392
225.653046,Right Hand Released,Carrot_Choppable_C_2147482392
226.406158,Right Hand Grab,StaticMeshActor_103
227.806686,Right Hand Released,StaticMeshActor_103
228.630173,Right Hand Grab,Knife_C_1
229.455841,Chopped,Carrot_Choppable_C_2147482392
230.274399,Chopped,CarrotBotton_Choppable_C_2147482310
231.048645,Right Hand Released,Knife_C_1
232.578796,Right Hand Grab,Carrot_Choppable_C_2147482312
235.473755,Right Hand Released,Carrot_Choppable_C_2147482312
237.155014,Right Hand Grab,Knife_C_1
238.158142,Chopped,CarrotBotton_Choppable_C_2147482310
238.802811,Chopped,CarrotTop_Choppable_C_2147482311
239.562012,Chopped,CarrotTopQuarter1_Choppable_C_2147482307
240.362396,Chopped,CarrotBottomQuarter2_Choppable_C_2147482308
241.537582,Right Hand Released,Knife_C_1
242.317566,Right Hand Grab,CarrotTopQuarter2_Choppable_C_2147482306
244.600601,Right Hand Released,CarrotTopQuarter2_Choppable_C_2147482306
245.419235,Right Hand Grab,CarrotTopQuarter1_Choppable_C_2147482307
246.80336,Right Hand Released,CarrotTopQuarter1_Choppable_C_2147482307
247.800858,Right Hand Grab,CarrotBottomQuarter2_Choppable_C_2147482308
249.196014,Right Hand Released,CarrotBottomQuarter2_Choppable_C_2147482308
250.132828,Right Hand Grab,CarrotBottomQuarter1_Choppable_C_2147482309
251.181152,Right Hand Released,CarrotBottomQuarter1_Choppable_C_2147482309
252.221771,Right Hand Grab,Carrot_Choppable_C_2147482390
253.573776,Right Hand Released,Carrot_Choppable_C_2147482390
254.191864,Right Hand Grab,Knife_C_1
255.10701,Right Hand Released,Knife_C_1
256.532684,Right Hand Grab,Knife_C_1
259.085571,Chopped,Carrot_Choppable_C_2147482390
260.777191,Chopped,CarrotTop_Choppable_C_2147482304
262.663422,Chopped,CarrotBotton_Choppable_C_2147482303
264.380066,Right Hand Released,Knife_C_1
265.157532,Right Hand Grab,CarrotBottomQuarter2_Choppable_C_2147482299
266.420502,Right Hand Released,CarrotBottomQuarter2_Choppable_C_2147482299
267.175262,Right Hand Grab,CarrotBottomQuarter1_Choppable_C_2147482300
268.126495,Right Hand Released,CarrotBottomQuarter1_Choppable_C_2147482300
268.817993,Right Hand Grab,CarrotTopQuarter1_Choppable_C_2147482302
269.931885,Right Hand Released,CarrotTopQuarter1_Choppable_C_2147482302
270.627411,Right Hand Grab,CarrotTopQuarter2_Choppable_C_2147482301
271.726776,Right Hand Released,CarrotTopQuarter2_Choppable_C_2147482301
274.10022,Right Hand Grab,BeefStewCookbook_C_0
277.590912,Right Hand Grab,PepperShakerGrabable_C_2147482363
284.014221,Right Hand Released,PepperShakerGrabable_C_2147482363
285.036591,Right Hand Grab,SaltShakerGrabable_C_2147482364
290.902435,Right Hand Released,SaltShakerGrabable_C_2147482364
298.439117,Right Hand Grab,StirSpoon_C_2147482367
314.075256,Right Hand Released,StirSpoon_C_2147482367
315.497528,Right Hand Grab,BeefStewCookbook_C_0
323.754974,Right Hand Grab,NewLadle_C_2147482292
332.954041,Right Hand Released,NewLadle_C_2147482292
337.311798,Right Hand Grab,BeefStewCookbook_C_0
