Session Time,Action Type,Interacted Object
6.339067,Right Hand Grab,ApplePieCookbook_C_0
24.180655,Right Hand Grab,SugarJarSimple_C_2147482385
25.688787,Left Hand Grab,NewMeasuringCupSimple2_C_2147482390
35.035526,Left Hand Released,NewMeasuringCupSimple2_C_2147482390
35.878883,Left Hand Grab,None
37.957458,Left Hand Grab,NewMeasuringCupSimple2_C_2147482390
39.090801,Left Hand Released,NewMeasuringCupSimple2_C_2147482390
40.667622,Left Hand Grab,NewMeasuringCupSimple2_C_2147482390
41.777798,Left Hand Released,NewMeasuringCupSimple2_C_2147482390
49.821171,Left Hand Grab,None
51.266541,Left Hand Grab,NewMeasuringCupSimple2_C_2147482390
51.599739,Left Hand Released,NewMeasuringCupSimple2_C_2147482390
52.387516,Left Hand Grab,NewMeasuringCupSimple2_C_2147482390
52.743511,Left Hand Released,NewMeasuringCupSimple2_C_2147482390
53.220055,Left Hand Grab,NewMeasuringCupSimple2_C_2147482390
53.541439,Left Hand Released,NewMeasuringCupSimple2_C_2147482390
54.176365,Left Hand Grab,NewMeasuringCupSimple2_C_2147482390
54.58744,Left Hand Released,NewMeasuringCupSimple2_C_2147482390
55.075165,Left Hand Grab,NewMeasuringCupSimple2_C_2147482390
56.721214,Left Hand Released,NewMeasuringCupSimple2_C_2147482390
56.833065,Right Hand Released,SugarJarSimple_C_2147482385
58.953251,Right Hand Grab,SugarJarSimple_C_2147482385
60.141605,Right Hand Released,SugarJarSimple_C_2147482385
61.774578,Left Hand Grab,None
63.742779,Left Hand Grab,NewMeasuringCupSimple2_C_2147482390
64.341599,Left Hand Released,NewMeasuringCupSimple2_C_2147482390
64.53064,Left Hand Grab,NewMeasuringCupSimple2_C_2147482390
64.653236,Left Hand Released,NewMeasuringCupSimple2_C_2147482390
65.218674,Left Hand Grab,NewMeasuringCupSimple2_C_2147482390
67.30764,Left Hand Released,NewMeasuringCupSimple2_C_2147482390
68.706879,Left Hand Grab,NewMeasuringCupSimple2_C_2147482390
71.338905,Left Hand Released,NewMeasuringCupSimple2_C_2147482390
73.349335,Left Hand Grab,NewMeasuringCupSimple2_C_2147482390
79.47081,Left Hand Released,NewMeasuringCupSimple2_C_2147482390
85.425934,Left Hand Grab,ButterHolderSimple_C_2147482387
86.514824,Left Hand Released,ButterHolderSimple_C_2147482387
87.269547,Left Hand Grab,Butter_C_2147482386
89.426109,Left Hand Released,Butter_C_2147482386
97.023094,Right Hand Grab,Knife_C_4
98.657104,Right Hand Released,Knife_C_4
101.666168,Right Hand Grab,None
104.070572,Right Hand Grab,None
105.499901,Right Hand Grab,None
107.778397,Right Hand Grab,None
109.000031,Right Hand Grab,None
111.199425,Right Hand Grab,ApplePieCookbook_C_0
118.664848,Left Hand Grab,Butter_C_2147482386
120.1866,Left Hand Released,Butter_C_2147482386
122.684555,Right Hand Grab,NewMeasuringCupSimple2_C_2147482390
126.340012,Right Hand Released,NewMeasuringCupSimple2_C_2147482390
128.262711,Right Hand Grab,NewMeasuringCupSimple2_C_2147482390
133.129257,Right Hand Released,NewMeasuringCupSimple2_C_2147482390
138.027695,Right Hand Grab,NewMeasuringCupSimple2_C_2147482390
141.256989,Right Hand Released,NewMeasuringCupSimple2_C_2147482390
144.258957,Right Hand Grab,None
145.570602,Right Hand Grab,ButterHolderSimple_C_2147482387
146.692749,Right Hand Released,ButterHolderSimple_C_2147482387
147.658218,Right Hand Grab,None
151.157135,Right Hand Grab,Apple_C_2147482401
152.158905,Right Hand Released,Apple_C_2147482401
155.325272,Right Hand Grab,None
156.792557,Right Hand Grab,None
158.268036,Right Hand Grab,None
160.401123,Right Hand Grab,None
162.900421,Right Hand Grab,ButterHolderSimple_C_2147482387
164.957489,Right Hand Released,ButterHolderSimple_C_2147482387
166.134781,Left Hand Grab,None
167.163513,Right Hand Grab,NewMeasuringCupSimple2_C_2147482390
169.643616,Right Hand Released,NewMeasuringCupSimple2_C_2147482390
170.931366,Right Hand Grab,NewMeasuringCupSimple2_C_2147482390
179.940414,Right Hand Released,NewMeasuringCupSimple2_C_2147482390
181.89769,Right Hand Grab,ApplePieCookbook_C_0
182.952515,Right Hand Grab,ApplePieCookbook_C_0
184.074554,Right Hand Grab,ApplePieCookbook_C_0
185.718384,Right Hand Grab,SaucePotSimple2_C_2147482389
187.084991,Right Hand Released,SaucePotSimple2_C_2147482389
195.405106,Left Hand Grab,Butter_C_2147482386
196.305679,Left Hand Released,Butter_C_2147482386
199.316757,Left Hand Grab,ApplePieCookbook_C_0
200.438873,Left Hand Grab,ApplePieCookbook_C_0
201.36026,Left Hand Grab,ApplePieCookbook_C_0
202.182632,Left Hand Grab,ApplePieCookbook_C_0
203.971573,Left Hand Grab,None
204.59346,Left Hand Grab,None
206.714233,Right Hand Grab,ApplePieCookbook_C_0
212.433807,Right Hand Grab,WaterPitcherSimple_C_2147482384
215.801422,Right Hand Released,WaterPitcherSimple_C_2147482384
217.390747,Right Hand Grab,WaterPitcherSimple_C_2147482384
220.745163,Right Hand Released,WaterPitcherSimple_C_2147482384
221.455414,Right Hand Grab,WaterPitcherSimple_C_2147482384
224.062775,Right Hand Released,WaterPitcherSimple_C_2147482384
224.784729,Right Hand Grab,WaterPitcherSimple_C_2147482384
233.675507,Right Hand Released,WaterPitcherSimple_C_2147482384
235.808136,Right Hand Grab,Knife_C_4
237.09874,Right Hand Released,Knife_C_4
239.496887,Right Hand Grab,Knife_C_4
241.986465,Right Hand Released,Knife_C_4
242.662994,Right Hand Grab,Butter_C_2147482386
243.685837,Right Hand Released,Butter_C_2147482386
247.040726,Right Hand Grab,Butter_C_2147482380
256.071289,Right Hand Grab,Apple_C_2147482403
262.593658,Right Hand Released,Apple_C_2147482403
263.481079,Right Hand Grab,Apple_C_2147482402
264.503296,Right Hand Released,Apple_C_2147482402
267.846497,Right Hand Grab,Knife_C_4
275.024628,Right Hand Released,Knife_C_4
275.836151,Right Hand Grab,PieBowlSimple_C_2147482376
276.802277,Right Hand Released,PieBowlSimple_C_2147482376
277.435455,Right Hand Grab,PieBowlSimple_C_2147482376
278.746185,Right Hand Released,PieBowlSimple_C_2147482376
280.700867,Right Hand Grab,PieBowlSimple_C_2147482376
281.435028,Right Hand Released,PieBowlSimple_C_2147482376
283.267181,Left Hand Grab,PieBowlSimple_C_2147482376
283.311737,Right Hand Grab,PieBowlSimple_C_2147482376
285.611816,Right Hand Released,PieBowlSimple_C_2147482376
285.633759,Left Hand Released,PieBowlSimple_C_2147482376
290.199463,Right Hand Grab,Apple_C_2147482401
290.911041,Right Hand Released,Apple_C_2147482401
291.999329,Right Hand Grab,Knife_C_4
293.088715,Chopped,Apple_C_2147482401
295.421051,Right Hand Released,Knife_C_4
296.576599,Right Hand Grab,PieBowlSimple_C_2147482376
297.199005,Right Hand Released,PieBowlSimple_C_2147482376
298.298767,Right Hand Grab,PieBowlSimple_C_2147482376
299.197998,Right Hand Released,PieBowlSimple_C_2147482376
299.855133,Right Hand Grab,Knife_C_4
300.809662,Chopped,Apple_Half_C_2147482373
301.863922,Chopped,Apple_Slice2_C_2147482370
302.820648,Chopped,Apple_Half2_C_2147482372
303.753754,Chopped,Apple_Slice3_C_2147482369
304.42041,Chopped,Apple_Slice3_C_2147482369
304.919128,Right Hand Released,Knife_C_4
305.808014,Right Hand Grab,Knife_C_4
306.541931,Right Hand Released,Knife_C_4
308.673218,Right Hand Grab,Knife_C_4
310.162048,Right Hand Released,Knife_C_4
311.319031,Right Hand Grab,Apple_Slice4_C_2147482368
313.618439,Right Hand Released,Apple_Slice4_C_2147482368
314.317963,Right Hand Grab,Apple_Slice2_C_2147482370
315.051025,Right Hand Released,Apple_Slice2_C_2147482370
315.750793,Right Hand Grab,Apple_Slice_C_2147482371
316.361786,Right Hand Released,Apple_Slice_C_2147482371
317.606415,Right Hand Grab,Apple_Slice_C_2147482371
318.639313,Right Hand Released,Apple_Slice_C_2147482371
319.2948,Right Hand Grab,Apple_Slice3_C_2147482369
320.028381,Right Hand Released,Apple_Slice3_C_2147482369
322.205078,Right Hand Grab,Apple_C_2147482375
323.005035,Right Hand Released,Apple_C_2147482375
323.727173,Right Hand Grab,Knife_C_4
324.460663,Chopped,Apple_C_2147482375
325.703247,Chopped,Apple_Half_C_2147482366
326.691559,Chopped,Apple_Half2_C_2147482365
327.53775,Chopped,Apple_Slice_C_2147482364
327.904755,Right Hand Released,Knife_C_4
328.637299,Left Hand Grab,Apple_Slice_C_2147482364
328.72699,Right Hand Grab,Apple_Slice_C_2147482364
329.426331,Right Hand Released,Apple_Slice_C_2147482364
329.459656,Left Hand Released,Apple_Slice_C_2147482364
329.980957,Left Hand Grab,Apple_Slice2_C_2147482363
330.793121,Left Hand Released,Apple_Slice2_C_2147482363
331.515137,Left Hand Grab,Apple_Slice3_C_2147482362
331.570251,Right Hand Grab,Apple_Slice4_C_2147482361
332.35965,Right Hand Released,Apple_Slice4_C_2147482361
333.181396,Left Hand Released,Apple_Slice3_C_2147482362
333.747925,Left Hand Grab,Apple_Slice4_C_2147482361
333.770294,Right Hand Grab,Apple_Slice4_C_2147482361
334.458435,Right Hand Released,Apple_Slice4_C_2147482361
334.514221,Left Hand Released,Apple_Slice4_C_2147482361
336.114563,Right Hand Grab,PieBowlSimple_C_2147482376
337.225769,Right Hand Released,PieBowlSimple_C_2147482376
338.502075,Right Hand Grab,None
340.158966,Right Hand Grab,None
340.73526,Right Hand Grab,None
342.301117,Right Hand Grab,ApplePieCookbook_C_0
347.776917,Right Hand Grab,CinnyShakerGrabable_C_2147482388
350.5672,Right Hand Released,CinnyShakerGrabable_C_2147482388
353.643768,Right Hand Grab,PieBowlSimple_C_2147482376
354.466583,Right Hand Released,PieBowlSimple_C_2147482376
362.153809,Right Hand Grab,SaucePotSimple2_C_2147482389
368.608978,Right Hand Released,SaucePotSimple2_C_2147482389
370.086395,Right Hand Grab,None
371.853027,Right Hand Grab,ApplePieCookbook_C_0
375.239502,Right Hand Grab,StirSpoonPieSImple_C_2147482383
378.063385,Right Hand Released,StirSpoonPieSImple_C_2147482383
378.330322,Right Hand Grab,StirSpoonPieSImple_C_2147482383
386.5737,Left Hand Grab,PieBowlSimple_C_2147482376
389.094177,Left Hand Released,PieBowlSimple_C_2147482376
389.205475,Right Hand Released,StirSpoonPieSImple_C_2147482383
390.659454,Right Hand Grab,StirSpoonPieSImple_C_2147482383
391.227539,Right Hand Released,StirSpoonPieSImple_C_2147482383
395.159943,Left Hand Grab,PillsberryDoughGirlSimple_C_2147482359
395.204407,Right Hand Grab,PillsberryDoughGirlSimple_C_2147482359
401.525421,Right Hand Grab,None
402.325562,Right Hand Grab,None
404.736115,Right Hand Grab,None
405.947662,Right Hand Grab,ApplePieCookbook_C_0
412.923065,Left Hand Grab,PillsberryDoughBoySimple_C_2147482360
413.068512,Right Hand Grab,PieBowlSimple_C_2147482376
414.369171,Left Hand Released,PillsberryDoughBoySimple_C_2147482360
414.456909,Right Hand Released,PieBowlSimple_C_2147482376
415.001617,Right Hand Grab,Knife_C_4
415.801544,Right Hand Released,Knife_C_4
416.312012,Right Hand Grab,PieBowlSimple_C_2147482376
416.345673,Left Hand Grab,PillsberryDoughBoySimple_C_2147482360
417.357117,Right Hand Released,PieBowlSimple_C_2147482376
417.357117,Left Hand Released,PillsberryDoughBoySimple_C_2147482360
418.699341,Left Hand Grab,CinnyShakerGrabable_C_2147482388
418.733734,Right Hand Grab,NewMeasuringCupSimple2_C_2147482390
422.188965,Right Hand Released,NewMeasuringCupSimple2_C_2147482390
422.199646,Left Hand Released,CinnyShakerGrabable_C_2147482388
423.322205,Left Hand Grab,PieBowlSimple_C_2147482376
423.355804,Right Hand Grab,PieBowlSimple_C_2147482376
426.194916,Left Hand Released,PieBowlSimple_C_2147482376
426.762024,Right Hand Released,PieBowlSimple_C_2147482376
438.839996,Left Hand Grab,PillsberryDoughBoySimple_C_2147482360
443.451263,Right Hand Grab,None
444.19516,Right Hand Grab,ApplePieCookbook_C_0
447.73819,Right Hand Grab,oven_C_1
450.193085,Left Hand Grab,ApplePieCookbook_C_0
450.204163,Right Hand Grab,PiePanSimple_C_2147482381
453.837433,Right Hand Released,PiePanSimple_C_2147482381
458.769257,Right Hand Grab,None
459.936462,Right Hand Grab,None
460.747589,Right Hand Grab,None
461.802551,Right Hand Grab,None
462.569214,Right Hand Grab,None
466.201202,Right Hand Grab,oven_C_1
483.487976,Right Hand Grab,oven_C_1
484.954041,Right Hand Grab,PiePanSimple_C_2147482381
490.452484,Right Hand Released,PiePanSimple_C_2147482381
492.284302,Right Hand Grab,oven_C_1
