Session Time,Action Type,Interacted Object
15.357754,Right Hand Grab,None
16.680088,Right Hand Grab,ApplePieCookbook_C_0
34.231636,Left Hand Grab,None
53.940189,Right Hand Grab,ApplePieCookbook_C_0
59.927822,Left Hand Grab,ApplePieCookbook_C_0
61.594765,Left Hand Grab,SaucePotSimple2_C_2147482389
66.549675,Left Hand Released,SaucePotSimple2_C_2147482389
68.704643,Left Hand Grab,SaucePotSimple2_C_2147482389
69.770958,Left Hand Released,SaucePotSimple2_C_2147482389
71.114304,Left Hand Grab,SaucePotSimple2_C_2147482389
72.414291,Left Hand Released,SaucePotSimple2_C_2147482389
78.403389,Right Hand Grab,ApplePieCookbook_C_0
91.873474,Left Hand Grab,SugarJarSimple_C_2147482385
93.43737,Left Hand Released,SugarJarSimple_C_2147482385
95.30481,Left Hand Grab,NewMeasuringCupSimple2_C_2147482390
105.89325,Left Hand Released,NewMeasuringCupSimple2_C_2147482390
105.916611,Left Hand Grab,NewMeasuringCupSimple2_C_2147482390
105.937065,Left Hand Released,NewMeasuringCupSimple2_C_2147482390
106.026039,Left Hand Grab,None
106.137428,Left Hand Grab,None
106.236946,Left Hand Grab,None
106.34877,Left Hand Grab,None
106.45005,Left Hand Grab,None
107.675026,Left Hand Grab,NewMeasuringCupSimple2_C_2147482390
108.785446,Left Hand Released,NewMeasuringCupSimple2_C_2147482390
109.984108,Left Hand Grab,NewMeasuringCupSimple2_C_2147482390
115.178596,Right Hand Grab,NewMeasuringCupSimple2_C_2147482390
115.367523,Left Hand Released,NewMeasuringCupSimple2_C_2147482390
121.604927,Right Hand Released,NewMeasuringCupSimple2_C_2147482390
123.270782,Right Hand Grab,WaterPitcherSimple_C_2147482384
131.01207,Right Hand Released,WaterPitcherSimple_C_2147482384
139.578384,Left Hand Grab,ButterHolderSimple_C_2147482387
141.278152,Left Hand Released,ButterHolderSimple_C_2147482387
142.289474,Left Hand Grab,Butter_C_2147482386
143.844955,Left Hand Released,Butter_C_2147482386
145.311874,Left Hand Grab,None
146.431992,Left Hand Grab,None
147.687851,Left Hand Grab,Butter_C_2147482380
149.184204,Left Hand Released,Butter_C_2147482380
151.064056,Left Hand Grab,PieBowlSimple_C_2147482378
152.244461,Left Hand Released,PieBowlSimple_C_2147482378
153.155197,Left Hand Grab,PieBowlSimple_C_2147482378
154.776733,Left Hand Released,PieBowlSimple_C_2147482378
156.17627,Left Hand Grab,Apple_C_2147482396
157.651566,Left Hand Released,Apple_C_2147482396
159.253754,Right Hand Grab,Knife_C_4
161.119644,Chopped,Apple_C_2147482396
162.697403,Chopped,Apple_Half_C_2147482376
163.796768,Chopped,Apple_Half2_C_2147482375
165.062454,Left Hand Grab,Apple_Slice2_C_2147482373
165.962753,Left Hand Released,Apple_Slice2_C_2147482373
166.642288,Left Hand Grab,Apple_Slice4_C_2147482371
167.363174,Left Hand Released,Apple_Slice4_C_2147482371
167.984451,Left Hand Grab,Apple_Slice3_C_2147482372
168.638046,Left Hand Released,Apple_Slice3_C_2147482372
169.304764,Left Hand Grab,Apple_Slice_C_2147482374
170.149933,Left Hand Released,Apple_Slice_C_2147482374
172.138565,Right Hand Released,Knife_C_4
173.27327,Right Hand Grab,Apple_C_2147482400
174.960968,Right Hand Released,Apple_C_2147482400
175.807098,Right Hand Grab,Knife_C_4
177.227173,Chopped,Apple_C_2147482400
178.370148,Chopped,Apple_Half_C_2147482369
179.237427,Chopped,Apple_Slice2_C_2147482366
180.147064,Chopped,Apple_Half2_C_2147482368
180.769547,Chopped,Apple_Slice4_C_2147482364
181.544266,Right Hand Released,Knife_C_4
182.331818,Right Hand Grab,Apple_Slice_C_2147482367
183.130341,Right Hand Released,Apple_Slice_C_2147482367
183.877838,Right Hand Grab,Apple_Slice4_C_2147482364
184.647522,Right Hand Released,Apple_Slice4_C_2147482364
185.370926,Right Hand Grab,Apple_Slice2_C_2147482366
186.302734,Right Hand Released,Apple_Slice2_C_2147482366
186.990128,Right Hand Grab,Apple_Slice3_C_2147482365
187.779724,Right Hand Released,Apple_Slice3_C_2147482365
192.078918,Right Hand Grab,ApplePieCookbook_C_0
198.088287,Right Hand Grab,CinnyShakerGrabable_C_2147482388
202.631409,Right Hand Released,CinnyShakerGrabable_C_2147482388
207.77507,Left Hand Grab,SaucePotSimple2_C_2147482389
213.075851,Left Hand Released,SaucePotSimple2_C_2147482389
216.843765,Right Hand Grab,ApplePieCookbook_C_0
221.684769,Right Hand Grab,WaterPitcherSimple_C_2147482384
222.861847,Right Hand Released,WaterPitcherSimple_C_2147482384
223.839462,Right Hand Grab,StirSpoonPieSImple_C_2147482383
227.517975,Left Hand Grab,PieBowlSimple_C_2147482378
236.092758,Left Hand Released,PieBowlSimple_C_2147482378
237.366669,Right Hand Released,StirSpoonPieSImple_C_2147482383
240.225464,Left Hand Grab,PillsberryDoughBoySimple_C_2147482363
248.760208,Right Hand Grab,ApplePieCookbook_C_0
252.880737,Left Hand Grab,PieBowlSimple_C_2147482378
256.024689,Left Hand Released,PieBowlSimple_C_2147482378
261.609955,Left Hand Grab,PillsberryDoughGirlSimple_C_2147482362
263.600616,Left Hand Released,PillsberryDoughGirlSimple_C_2147482362
274.085754,Right Hand Grab,ApplePieCookbook_C_0
277.650085,Left Hand Grab,oven_C_1
279.650909,Left Hand Grab,PiePanSimple_C_2147482381
282.652283,Left Hand Released,PiePanSimple_C_2147482381
288.939575,Left Hand Grab,PiePanSimple_C_2147482381
289.652344,Left Hand Released,PiePanSimple_C_2147482381
291.128632,Left Hand Grab,oven_C_1
303.493073,Left Hand Grab,oven_C_1
305.240692,Left Hand Grab,PiePanSimple_C_2147482381
308.87793,Left Hand Released,PiePanSimple_C_2147482381
320.877106,Right Hand Grab,ApplePieCookbook_C_0
329.883362,Right Hand Grab,None
330.45108,Right Hand Grab,Exit_C_1
