Session Time,Action Type,Interacted Object
49.072052,Left Hand Grab,None
50.232567,Left Hand Grab,ApplePieCookbook_C_0
57.472851,Left Hand Grab,None
58.481625,Left Hand Grab,ApplePieCookbook_C_0
67.155403,Right Hand Grab,SugarJarSimple_C_2147482385
68.926575,Left Hand Grab,NewMeasuringCupSimple2_C_2147482390
92.675529,Left Hand Released,NewMeasuringCupSimple2_C_2147482390
93.142235,Left Hand Grab,None
95.080734,Left Hand Grab,NewMeasuringCupSimple2_C_2147482390
96.102585,Left Hand Released,NewMeasuringCupSimple2_C_2147482390
96.672554,Left Hand Grab,NewMeasuringCupSimple2_C_2147482390
97.552185,Left Hand Released,NewMeasuringCupSimple2_C_2147482390
98.463173,Left Hand Grab,NewMeasuringCupSimple2_C_2147482390
99.418327,Left Hand Released,NewMeasuringCupSimple2_C_2147482390
100.774025,Left Hand Grab,NewMeasuringCupSimple2_C_2147482390
103.373055,Left Hand Released,NewMeasuringCupSimple2_C_2147482390
103.494553,Left Hand Grab,NewMeasuringCupSimple2_C_2147482390
104.716835,Left Hand Released,NewMeasuringCupSimple2_C_2147482390
104.995811,Left Hand Grab,NewMeasuringCupSimple2_C_2147482390
110.148811,Left Hand Released,NewMeasuringCupSimple2_C_2147482390
110.693283,Right Hand Released,SugarJarSimple_C_2147482385
114.287483,Left Hand Grab,WaterPitcherSimple_C_2147482384
123.702454,Left Hand Released,WaterPitcherSimple_C_2147482384
128.286499,Right Hand Grab,ButterHolderSimple_C_2147482387
129.352646,Right Hand Released,ButterHolderSimple_C_2147482387
130.226791,Right Hand Grab,Butter_C_2147482386
132.122757,Right Hand Released,Butter_C_2147482386
133.18071,Right Hand Grab,Butter_C_2147482380
134.635498,Right Hand Released,Butter_C_2147482380
135.490417,Right Hand Grab,ButterHolderSimple_C_2147482387
136.901779,Right Hand Released,ButterHolderSimple_C_2147482387
138.267853,Right Hand Grab,PieBowlSimple_C_2147482378
139.222672,Right Hand Released,PieBowlSimple_C_2147482378
139.886246,Right Hand Grab,ButterHolderSimple_C_2147482387
141.023178,Right Hand Released,ButterHolderSimple_C_2147482387
141.911682,Left Hand Grab,None
142.987183,Left Hand Grab,None
143.856277,Right Hand Grab,None
144.760437,Right Hand Grab,ButterHolderSimple_C_2147482387
146.32341,Right Hand Released,ButterHolderSimple_C_2147482387
147.09314,Right Hand Grab,ButterHolderSimple_C_2147482387
147.548752,Right Hand Released,ButterHolderSimple_C_2147482387
150.089767,Left Hand Grab,ApplePieCookbook_C_0
153.270981,Right Hand Grab,ApplePieCookbook_C_0
156.684784,Left Hand Grab,ApplePieCookbook_C_0
159.575104,Left Hand Grab,PieBowlSimple_C_2147482378
159.625381,Right Hand Grab,PieBowlSimple_C_2147482378
160.370178,Left Hand Released,PieBowlSimple_C_2147482378
160.388824,Right Hand Released,PieBowlSimple_C_2147482378
161.96199,Left Hand Grab,Apple_C_2147482396
163.097366,Left Hand Released,Apple_C_2147482396
163.884903,Left Hand Grab,Apple_C_2147482377
165.773834,Left Hand Released,Apple_C_2147482377
166.440125,Right Hand Grab,ApplePieCookbook_C_0
167.883698,Left Hand Grab,Apple_C_2147482376
169.083054,Left Hand Released,Apple_C_2147482376
170.050003,Left Hand Grab,Apple_C_2147482375
172.239182,Left Hand Released,Apple_C_2147482375
173.658875,Left Hand Grab,Knife_C_4
175.594391,Right Hand Grab,Apple_C_2147482377
178.170273,Chopped,Apple_C_2147482377
183.641129,Chopped,Apple_C_2147482396
185.000961,Chopped,Apple_Half_C_2147482371
186.18042,Chopped,Apple_C_2147482376
187.24649,Chopped,Apple_C_2147482375
188.224564,Chopped,Apple_Half2_C_2147482366
188.979385,Chopped,Apple_Slice3_C_2147482363
189.557068,Chopped,Apple_Half_C_2147482367
190.291138,Chopped,Apple_Half_C_2147482365
190.990158,Chopped,Apple_Slice_C_2147482361
191.967194,Chopped,Apple_Slice_C_2147482361
192.756622,Chopped,Apple_Slice2_C_2147482360
192.846054,Right Hand Grab,PieBowlSimple_C_2147482378
193.301422,Chopped,Apple_Slice_C_2147482361
194.000397,Right Hand Released,PieBowlSimple_C_2147482378
194.190155,Chopped,Apple_Slice_C_2147482361
194.978073,Chopped,Apple_Slice_C_2147482361
195.20079,Right Hand Grab,None
196.12291,Right Hand Grab,None
196.966537,Chopped,Apple_Slice2_C_2147482360
197.055176,Right Hand Grab,None
197.478088,Chopped,Apple_Slice_C_2147482361
198.178268,Chopped,Apple_Slice_C_2147482369
198.766144,Chopped,Apple_Slice_C_2147482361
199.443344,Chopped,Apple_Slice_C_2147482361
200.644104,Left Hand Released,Knife_C_4
201.266251,Left Hand Grab,Apple_Slice2_C_2147482360
206.466171,Left Hand Grab,ApplePieCookbook_C_0
207.843857,Left Hand Grab,PieBowlSimple_C_2147482378
208.720642,Left Hand Released,PieBowlSimple_C_2147482378
209.442078,Left Hand Grab,Apple_Slice2_C_2147482358
210.753616,Left Hand Released,Apple_Slice2_C_2147482358
211.497818,Left Hand Grab,Apple_Half2_C_2147482370
213.374191,Left Hand Released,Apple_Half2_C_2147482370
214.175018,Left Hand Grab,Apple_Slice4_C_2147482362
215.373978,Left Hand Released,Apple_Slice4_C_2147482362
216.097183,Left Hand Grab,Apple_Slice3_C_2147482363
217.053085,Left Hand Released,Apple_Slice3_C_2147482363
217.697067,Left Hand Grab,Apple_Slice_C_2147482359
219.06366,Left Hand Released,Apple_Slice_C_2147482359
220.095444,Left Hand Grab,Apple_Slice_C_2147482369
221.15123,Left Hand Released,Apple_Slice_C_2147482369
221.995239,Left Hand Grab,Apple_Slice2_C_2147482368
222.984955,Left Hand Released,Apple_Slice2_C_2147482368
223.852249,Left Hand Grab,Apple_Half2_C_2147482364
224.923737,Left Hand Released,Apple_Half2_C_2147482364
225.434586,Left Hand Grab,Knife_C_4
226.203476,Chopped,Apple_Slice_C_2147482361
227.255325,Chopped,Apple_Half2_C_2147482364
228.26915,Left Hand Released,Knife_C_4
228.838379,Left Hand Grab,Apple_Slice3_C_2147482357
229.7733,Left Hand Released,Apple_Slice3_C_2147482357
230.32811,Left Hand Grab,Apple_Slice4_C_2147482356
231.338898,Left Hand Released,Apple_Slice4_C_2147482356
233.09285,Left Hand Grab,PieBowlSimple_C_2147482378
236.571548,Left Hand Released,PieBowlSimple_C_2147482378
238.658966,Left Hand Grab,SaucePotSimple2_C_2147482389
244.914154,Left Hand Released,SaucePotSimple2_C_2147482389
246.182281,Left Hand Grab,ApplePieCookbook_C_0
249.034805,Left Hand Grab,StirSpoonPieSImple_C_2147482383
268.260803,Left Hand Released,StirSpoonPieSImple_C_2147482383
268.482605,Left Hand Grab,None
269.716858,Left Hand Grab,StirSpoonPieSImple_C_2147482383
270.906738,Left Hand Released,StirSpoonPieSImple_C_2147482383
271.028992,Left Hand Grab,StirSpoonPieSImple_C_2147482383
271.184998,Left Hand Released,StirSpoonPieSImple_C_2147482383
271.273682,Left Hand Grab,StirSpoonPieSImple_C_2147482383
271.528625,Left Hand Released,StirSpoonPieSImple_C_2147482383
271.6745,Left Hand Grab,StirSpoonPieSImple_C_2147482383
271.829926,Left Hand Released,StirSpoonPieSImple_C_2147482383
271.941528,Left Hand Grab,StirSpoonPieSImple_C_2147482383
272.508026,Left Hand Released,StirSpoonPieSImple_C_2147482383
272.664032,Left Hand Grab,StirSpoonPieSImple_C_2147482383
272.919556,Left Hand Released,StirSpoonPieSImple_C_2147482383
273.130524,Left Hand Grab,StirSpoonPieSImple_C_2147482383
273.329346,Left Hand Released,StirSpoonPieSImple_C_2147482383
273.485382,Left Hand Grab,StirSpoonPieSImple_C_2147482383
273.763489,Left Hand Released,StirSpoonPieSImple_C_2147482383
273.974854,Left Hand Grab,StirSpoonPieSImple_C_2147482383
274.607574,Left Hand Released,StirSpoonPieSImple_C_2147482383
274.873688,Left Hand Grab,None
275.65213,Left Hand Grab,PieBowlSimple_C_2147482378
276.55249,Left Hand Released,PieBowlSimple_C_2147482378
277.46875,Left Hand Grab,StirSpoonPieSImple_C_2147482383
298.881165,Left Hand Released,StirSpoonPieSImple_C_2147482383
300.29361,Left Hand Grab,PieBowlSimple_C_2147482378
300.29361,Right Hand Grab,PieBowlSimple_C_2147482378
301.705322,Right Hand Released,PieBowlSimple_C_2147482378
301.725311,Left Hand Released,PieBowlSimple_C_2147482378
303.142212,Left Hand Grab,StirSpoonPieSImple_C_2147482383
306.152557,Left Hand Released,StirSpoonPieSImple_C_2147482383
306.91803,Left Hand Grab,StirSpoonPieSImple_C_2147482383
323.319641,Left Hand Released,StirSpoonPieSImple_C_2147482383
324.043335,Left Hand Grab,PieBowlSimple_C_2147482378
325.131714,Left Hand Released,PieBowlSimple_C_2147482378
331.152344,Left Hand Grab,StirSpoonPieSImple_C_2147482383
333.067566,Left Hand Released,StirSpoonPieSImple_C_2147482383
333.234406,Left Hand Grab,StirSpoonPieSImple_C_2147482383
339.695862,Left Hand Released,StirSpoonPieSImple_C_2147482383
341.118225,Left Hand Grab,StirSpoonPieSImple_C_2147482383
342.022705,Left Hand Released,StirSpoonPieSImple_C_2147482383
342.616058,Left Hand Grab,Apple_Slice_C_2147482361
343.645508,Left Hand Released,Apple_Slice_C_2147482361
344.545593,Left Hand Grab,StirSpoonPieSImple_C_2147482383
361.124573,Left Hand Released,StirSpoonPieSImple_C_2147482383
362.662323,Right Hand Grab,None
363.439392,Right Hand Grab,None
364.651428,Left Hand Grab,ApplePieCookbook_C_0
368.172058,Left Hand Grab,CinnyShakerGrabable_C_2147482388
372.514038,Left Hand Released,CinnyShakerGrabable_C_2147482388
373.22287,Left Hand Grab,StirSpoonPieSImple_C_2147482383
383.845337,Left Hand Released,StirSpoonPieSImple_C_2147482383
394.188293,Left Hand Grab,StirSpoonPieSImple_C_2147482383
399.751373,Left Hand Released,StirSpoonPieSImple_C_2147482383
402.850311,Left Hand Grab,PillsberryDoughBoySimple_C_2147482355
407.463135,Left Hand Grab,PieBowlSimple_C_2147482378
411.814301,Left Hand Released,PieBowlSimple_C_2147482378
412.714325,Left Hand Grab,PillsberryDoughGirlSimple_C_2147482354
417.737579,Left Hand Grab,oven_C_1
421.039093,Right Hand Grab,ApplePieCookbook_C_0
421.049347,Left Hand Grab,ApplePieCookbook_C_0
423.223145,Right Hand Grab,ApplePieCookbook_C_0
423.511963,Left Hand Grab,PiePanSimple_C_2147482381
428.037811,Left Hand Released,PiePanSimple_C_2147482381
429.237366,Left Hand Grab,None
430.206543,Left Hand Grab,oven_C_1
444.981079,Left Hand Grab,None
446.447693,Left Hand Grab,None
450.043762,Left Hand Grab,ApplePieCookbook_C_0
451.747009,Left Hand Grab,ApplePieCookbook_C_0
453.258179,Left Hand Grab,None
453.829895,Left Hand Grab,None
454.418732,Left Hand Grab,None
455.319031,Left Hand Grab,None
460.707733,Left Hand Grab,oven_C_1
465.69812,Left Hand Grab,ApplePieCookbook_C_0
465.820709,Right Hand Grab,ApplePieCookbook_C_0
466.763733,Right Hand Grab,PiePanSimple_C_2147482381
466.786774,Left Hand Grab,PiePanSimple_C_2147482381
471.109863,Left Hand Released,PiePanSimple_C_2147482381
471.320923,Right Hand Released,PiePanSimple_C_2147482381
472.320404,Right Hand Grab,PiePanSimple_C_2147482381
472.342896,Left Hand Grab,PiePanSimple_C_2147482381
473.064331,Left Hand Released,PiePanSimple_C_2147482381
473.131317,Right Hand Released,PiePanSimple_C_2147482381
474.59726,Right Hand Grab,oven_C_1
474.731079,Left Hand Grab,None
476.88089,Left Hand Grab,oven_C_1
477.069733,Right Hand Grab,None
478.005341,Left Hand Grab,oven_C_1
478.027832,Right Hand Grab,None
488.2117,Left Hand Grab,oven_C_1
489.502319,Right Hand Grab,None
489.546814,Left Hand Grab,PiePanSimple_C_2147482381
493.019379,Left Hand Released,PiePanSimple_C_2147482381
495.244415,Left Hand Grab,PiePanSimple_C_2147482381
496.223541,Left Hand Released,PiePanSimple_C_2147482381
496.899078,Left Hand Grab,StirSpoonPieSImple_C_2147482383
497.732727,Left Hand Released,StirSpoonPieSImple_C_2147482383
498.254272,Left Hand Grab,PiePanSimple_C_2147482381
499.420135,Left Hand Released,PiePanSimple_C_2147482381
499.986328,Left Hand Grab,Knife_C_4
504.209686,Left Hand Released,Knife_C_4
505.544067,Left Hand Grab,Exit_C_1
