Session Time,Action Type,Interacted Object
77.188957,Right Hand Grab,ApplePieCookbook_C_0
92.347488,Right Hand Grab,None
93.742058,Right Hand Grab,None
95.295464,Left Hand Grab,None
95.40657,Right Hand Grab,None
96.751823,Right Hand Grab,None
96.807632,Left Hand Grab,None
114.580406,Right Hand Grab,None
115.780121,Right Hand Grab,None
115.790367,Left Hand Grab,None
117.055527,Right Hand Grab,None
117.099541,Left Hand Grab,None
120.789864,Right Hand Grab,SugarJarSimple_C_2147482373
123.21624,Right Hand Released,SugarJarSimple_C_2147482373
128.368607,Right Hand Grab,ButterHolderSimple_C_2147482375
129.544525,Right Hand Released,ButterHolderSimple_C_2147482375
162.305908,Right Hand Grab,None
163.539261,Right Hand Grab,None
164.640244,Right Hand Grab,None
167.76123,Right Hand Grab,None
169.310089,Right Hand Grab,None
174.511841,Right Hand Grab,ApplePieCookbook_C_0
200.272598,Left Hand Grab,NewMeasuringCupSimple2_C_2147482378
208.399506,Left Hand Released,NewMeasuringCupSimple2_C_2147482378
210.165497,Left Hand Grab,None
211.386612,Left Hand Grab,NewMeasuringCupSimple2_C_2147482378
214.664902,Left Hand Released,NewMeasuringCupSimple2_C_2147482378
220.071823,Left Hand Grab,Butter_C_2147482374
222.00412,Left Hand Released,Butter_C_2147482374
224.857925,Left Hand Grab,Butter_C_2147482368
234.126389,Right Hand Grab,None
235.003845,Right Hand Grab,WaterPitcherSimple_C_2147482372
249.066116,Right Hand Released,WaterPitcherSimple_C_2147482372
256.742676,Right Hand Grab,Apple_C_2147482384
258.365021,Right Hand Released,Apple_C_2147482384
259.308472,Right Hand Grab,None
260.165131,Right Hand Grab,Apple_C_2147482365
261.581604,Right Hand Released,Apple_C_2147482365
262.34137,Right Hand Grab,Apple_C_2147482387
263.986481,Right Hand Released,Apple_C_2147482387
264.919769,Right Hand Grab,Apple_C_2147482364
266.386017,Right Hand Released,Apple_C_2147482364
269.428558,Right Hand Grab,Knife_C_4
270.863251,Chopped,Apple_C_2147482387
271.985168,Chopped,Apple_Half2_C_2147482360
276.561676,Right Hand Released,Knife_C_4
277.706238,Right Hand Grab,Apple_C_2147482364
278.972839,Right Hand Released,Apple_C_2147482364
280.482971,Right Hand Grab,PieBowlSimple_C_2147482366
281.372589,Right Hand Released,PieBowlSimple_C_2147482366
282.672485,Right Hand Grab,Apple_C_2147482364
283.483337,Right Hand Released,Apple_C_2147482364
284.472992,Right Hand Grab,None
285.316711,Right Hand Grab,Knife_C_4
286.971924,Chopped,Apple_C_2147482364
288.337616,Chopped,Apple_Half_C_2147482357
289.391663,Chopped,Apple_Half2_C_2147482356
291.179657,Chopped,Apple_Slice4_C_2147482358
292.572021,Right Hand Released,Knife_C_4
294.245148,Right Hand Grab,Apple_Slice_C_2147482355
295.092346,Right Hand Released,Apple_Slice_C_2147482355
295.581696,Right Hand Grab,Apple_Slice_C_2147482355
295.903503,Left Hand Grab,Apple_Slice2_C_2147482354
297.14859,Left Hand Released,Apple_Slice2_C_2147482354
297.203674,Right Hand Released,Apple_Slice_C_2147482355
297.958954,Right Hand Grab,Apple_Slice4_C_2147482352
298.136963,Left Hand Grab,Apple_Slice3_C_2147482353
299.037476,Left Hand Released,Apple_Slice3_C_2147482353
299.059296,Right Hand Released,Apple_Slice4_C_2147482352
301.25528,Right Hand Grab,Knife_C_4
302.145752,Chopped,Apple_Half_C_2147482361
303.724304,Right Hand Released,Knife_C_4
304.47995,Right Hand Grab,Apple_Slice2_C_2147482350
304.558136,Left Hand Grab,Apple_Slice3_C_2147482359
305.568298,Left Hand Released,Apple_Slice3_C_2147482359
305.603149,Right Hand Released,Apple_Slice2_C_2147482350
306.741028,Right Hand Grab,Apple_Slice_C_2147482351
307.73291,Right Hand Released,Apple_Slice_C_2147482351
308.524078,Right Hand Grab,Apple_Slice4_C_2147482358
309.690308,Right Hand Released,Apple_Slice4_C_2147482358
310.232666,Right Hand Grab,Apple_C_2147482384
311.11084,Right Hand Released,Apple_C_2147482384
311.58905,Right Hand Grab,Apple_C_2147482365
312.223663,Right Hand Released,Apple_C_2147482365
312.678253,Right Hand Grab,Knife_C_4
313.645294,Chopped,Apple_C_2147482384
314.414154,Chopped,Apple_Half_C_2147482349
315.544159,Chopped,Apple_Half_C_2147482349
316.208771,Chopped,Apple_Half2_C_2147482348
317.176605,Chopped,Apple_C_2147482365
318.305939,Chopped,Apple_Half_C_2147482343
319.057892,Chopped,Apple_Half2_C_2147482342
319.902405,Right Hand Released,Knife_C_4
321.06189,Right Hand Grab,Apple_Slice_C_2147482347
321.107513,Left Hand Grab,Apple_Slice3_C_2147482345
322.07666,Left Hand Released,Apple_Slice3_C_2147482345
322.087341,Right Hand Released,Apple_Slice_C_2147482347
322.865173,Right Hand Grab,Apple_Slice4_C_2147482344
323.041656,Left Hand Grab,Apple_Slice2_C_2147482346
324.698364,Right Hand Released,Apple_Slice4_C_2147482344
324.698364,Left Hand Released,Apple_Slice2_C_2147482346
325.509216,Right Hand Grab,Apple_Slice_C_2147482341
325.741058,Left Hand Grab,PieBowlSimple_C_2147482366
326.877594,Left Hand Released,PieBowlSimple_C_2147482366
327.020905,Right Hand Released,Apple_Slice_C_2147482341
327.766205,Right Hand Grab,Apple_Slice_C_2147482341
327.831818,Left Hand Grab,Apple_Slice2_C_2147482340
328.856903,Right Hand Released,Apple_Slice_C_2147482341
328.856903,Left Hand Released,Apple_Slice2_C_2147482340
329.940063,Right Hand Grab,Apple_Slice4_C_2147482338
329.984619,Left Hand Grab,Apple_Slice3_C_2147482339
331.1604,Right Hand Released,Apple_Slice4_C_2147482338
331.181763,Left Hand Released,Apple_Slice3_C_2147482339
337.461487,Left Hand Grab,PieBowlSimple_C_2147482366
337.616669,Right Hand Grab,PieBowlSimple_C_2147482366
344.374176,Left Hand Released,PieBowlSimple_C_2147482366
344.831268,Right Hand Released,PieBowlSimple_C_2147482366
346.660309,Right Hand Grab,PieBowlSimple_C_2147482366
348.749969,Right Hand Released,PieBowlSimple_C_2147482366
354.003052,Left Hand Grab,PieBowlSimple_C_2147482366
354.171021,Right Hand Grab,PieBowlSimple_C_2147482366
354.637848,Left Hand Released,PieBowlSimple_C_2147482366
354.649536,Right Hand Released,PieBowlSimple_C_2147482366
356.503296,Right Hand Grab,ApplePieCookbook_C_0
362.000793,Right Hand Grab,CinnyShakerGrabable_C_2147482376
366.002289,Right Hand Released,CinnyShakerGrabable_C_2147482376
367.580322,Right Hand Grab,None
368.346802,Right Hand Grab,None
369.898651,Left Hand Grab,None
370.599731,Left Hand Grab,CinnyShakerGrabable_C_2147482376
372.095184,Left Hand Released,CinnyShakerGrabable_C_2147482376
388.628143,Left Hand Grab,SaucePotSimple2_C_2147482377
395.152924,Left Hand Released,SaucePotSimple2_C_2147482377
398.975433,Right Hand Grab,ApplePieCookbook_C_0
402.841217,Right Hand Grab,StirSpoonPieSImple_C_2147482371
406.208282,Left Hand Grab,PieBowlSimple_C_2147482366
410.929596,Right Hand Released,StirSpoonPieSImple_C_2147482371
411.052032,Left Hand Released,PieBowlSimple_C_2147482366
412.250275,Right Hand Grab,StirSpoonPieSImple_C_2147482371
413.117615,Left Hand Grab,PieBowlSimple_C_2147482366
419.038239,Left Hand Released,PieBowlSimple_C_2147482366
419.071259,Right Hand Released,StirSpoonPieSImple_C_2147482371
425.507568,Left Hand Grab,PillsberryDoughGirlSimple_C_2147482336
425.540985,Right Hand Grab,PillsberryDoughGirlSimple_C_2147482336
428.947449,Left Hand Released,PillsberryDoughGirlSimple_C_2147482336
429.002502,Right Hand Released,PillsberryDoughGirlSimple_C_2147482336
432.033264,Left Hand Grab,None
432.088196,Right Hand Grab,StirSpoonPieSImple_C_2147482371
432.734467,Right Hand Released,StirSpoonPieSImple_C_2147482371
434.589996,Left Hand Grab,PieBowlSimple_C_2147482366
434.589996,Right Hand Grab,StirSpoonPieSImple_C_2147482371
436.685974,Left Hand Released,PieBowlSimple_C_2147482366
436.696655,Right Hand Released,StirSpoonPieSImple_C_2147482371
438.764191,Right Hand Grab,StirSpoonPieSImple_C_2147482371
440.28479,Right Hand Released,StirSpoonPieSImple_C_2147482371
444.788605,Right Hand Grab,PillsberryDoughGirlSimple_C_2147482336
444.821747,Left Hand Grab,PillsberryDoughGirlSimple_C_2147482336
449.553589,Right Hand Grab,ApplePieCookbook_C_0
453.10672,Right Hand Grab,PieBowlSimple_C_2147482366
453.128784,Left Hand Grab,PieBowlSimple_C_2147482366
454.091248,Right Hand Released,PieBowlSimple_C_2147482366
454.189911,Left Hand Released,PieBowlSimple_C_2147482366
455.000275,Right Hand Grab,StirSpoonPieSImple_C_2147482371
456.885803,Right Hand Released,StirSpoonPieSImple_C_2147482371
458.327576,Left Hand Grab,PieBowlSimple_C_2147482366
458.649933,Right Hand Grab,PieBowlSimple_C_2147482366
463.274994,Left Hand Released,PieBowlSimple_C_2147482366
463.308197,Right Hand Released,PieBowlSimple_C_2147482366
469.526306,Right Hand Grab,PillsberryDoughBoySimple_C_2147482337
469.548645,Left Hand Grab,PillsberryDoughBoySimple_C_2147482337
476.527863,Right Hand Grab,None
477.294891,Right Hand Grab,None
477.938995,Right Hand Grab,ApplePieCookbook_C_0
494.974915,Right Hand Grab,oven_C_1
500.152344,Right Hand Grab,None
500.186737,Left Hand Grab,ApplePieCookbook_C_0
500.986603,Left Hand Grab,SaucePotSimple2_C_2147482377
500.986603,Right Hand Grab,PiePanSimple_C_2147482369
503.344421,Left Hand Released,SaucePotSimple2_C_2147482377
503.412506,Right Hand Released,PiePanSimple_C_2147482369
506.196442,Right Hand Grab,PieBowlSimple_C_2147482366
507.00766,Right Hand Released,PieBowlSimple_C_2147482366
510.363647,Left Hand Grab,None
510.363647,Right Hand Grab,None
511.451538,Right Hand Grab,PiePanSimple_C_2147482369
511.462799,Left Hand Grab,PiePanSimple_C_2147482369
515.305786,Left Hand Released,PiePanSimple_C_2147482369
515.384155,Right Hand Released,PiePanSimple_C_2147482369
517.540039,Right Hand Grab,oven_C_1
