Session Time,Action Type,Interacted Object
6.903294,Right Hand Grab,None
7.191969,Right Hand Grab,ApplePieCookbook_C_0
19.366428,Right Hand Grab,SugarJarSimple_C_2147482373
20.107567,Right Hand Released,SugarJarSimple_C_2147482373
20.803507,Right Hand Grab,NewMeasuringCupSimple2_C_2147482378
26.035055,Right Hand Released,NewMeasuringCupSimple2_C_2147482378
27.801617,Right Hand Grab,SugarJarSimple_C_2147482373
29.122837,Right Hand Released,SugarJarSimple_C_2147482373
29.875202,Right Hand Grab,SugarJarSimple_C_2147482373
30.925806,Right Hand Released,SugarJarSimple_C_2147482373
31.623087,Right Hand Grab,ButterHolderSimple_C_2147482375
32.199692,Right Hand Released,ButterHolderSimple_C_2147482375
32.841789,Right Hand Grab,Butter_C_2147482374
33.807568,Right Hand Released,Butter_C_2147482374
33.952133,Right Hand Grab,ApplePieCookbook_C_0
35.000019,Right Hand Grab,Butter_C_2147482368
38.530029,Right Hand Grab,ButterHolderSimple_C_2147482375
39.415852,Right Hand Released,ButterHolderSimple_C_2147482375
42.232399,Right Hand Grab,ApplePieCookbook_C_0
43.94379,Left Hand Grab,None
44.921989,Left Hand Grab,None
45.56517,Left Hand Grab,ApplePieCookbook_C_0
46.998516,Right Hand Grab,Apple_C_2147482384
47.90873,Right Hand Released,Apple_C_2147482384
48.687084,Right Hand Grab,Apple_C_2147482366
49.586403,Right Hand Released,Apple_C_2147482366
50.575588,Right Hand Grab,Apple_C_2147482365
51.607986,Right Hand Released,Apple_C_2147482365
52.33028,Right Hand Grab,Apple_C_2147482388
53.374531,Right Hand Released,Apple_C_2147482388
54.184212,Right Hand Grab,Knife_C_4
55.107086,Chopped,Apple_C_2147482366
55.672562,Chopped,Apple_C_2147482384
56.218689,Chopped,Apple_Half2_C_2147482361
56.741222,Chopped,Apple_Half_C_2147482360
57.297203,Chopped,Apple_C_2147482365
57.852085,Chopped,Apple_C_2147482388
58.396408,Chopped,Apple_Slice4_C_2147482357
59.262363,Chopped,Apple_Half2_C_2147482351
59.818649,Chopped,Apple_Half2_C_2147482353
60.640579,Chopped,Apple_Half2_C_2147482359
61.183746,Chopped,Apple_Slice4_C_2147482347
61.995808,Chopped,Apple_Slice3_C_2147482358
62.550556,Chopped,Apple_Slice3_C_2147482358
63.284061,Chopped,Apple_Half_C_2147482352
64.28405,Right Hand Released,Knife_C_4
65.005882,Right Hand Grab,Apple_Half_C_2147482362
66.841759,Right Hand Released,Apple_Half_C_2147482362
69.412483,Right Hand Grab,Knife_C_4
70.148941,Chopped,Apple_Half_C_2147482362
71.250763,Chopped,Apple_Half_C_2147482354
72.767433,Chopped,Apple_Slice2_C_2147482343
73.40123,Right Hand Released,Knife_C_4
74.602669,Right Hand Grab,ApplePieCookbook_C_0
76.803429,Right Hand Grab,CinnyShakerGrabable_C_2147482376
83.177238,Right Hand Released,CinnyShakerGrabable_C_2147482376
92.399406,Right Hand Grab,None
