Session Time,Action Type,Interacted Object
3.337766,Right Hand Grab,ApplePieCookbook_C_0
9.278296,Left Hand Grab,None
14.512472,Left Hand Grab,None
33.833042,Right Hand Grab,ApplePieCookbook_C_0
55.893211,Left Hand Grab,SugarJarSimple_C_2147482373
57.288612,Left Hand Released,SugarJarSimple_C_2147482373
58.227493,Left Hand Grab,None
62.357006,Left Hand Grab,NewMeasuringCupSimple2_C_2147482378
68.215073,Left Hand Released,NewMeasuringCupSimple2_C_2147482378
73.335709,Left Hand Grab,NewMeasuringCupSimple2_C_2147482378
74.335335,Left Hand Released,NewMeasuringCupSimple2_C_2147482378
75.058693,Left Hand Grab,NewMeasuringCupSimple2_C_2147482378
77.045998,Left Hand Released,NewMeasuringCupSimple2_C_2147482378
82.955269,Right Hand Grab,WaterPitcherSimple_C_2147482372
94.320198,Left Hand Grab,None
95.83194,Left Hand Grab,NewMeasuringCupSimple2_C_2147482378
96.477966,Left Hand Released,NewMeasuringCupSimple2_C_2147482378
99.409973,Right Hand Released,WaterPitcherSimple_C_2147482372
105.751518,Right Hand Grab,None
107.330345,Right Hand Grab,PiePanSimple_C_2147482369
107.930618,Right Hand Released,PiePanSimple_C_2147482369
108.585884,Right Hand Grab,WaterPitcherSimple_C_2147482372
110.863136,Right Hand Released,WaterPitcherSimple_C_2147482372
112.305962,Right Hand Grab,WaterPitcherSimple_C_2147482372
113.048355,Right Hand Released,WaterPitcherSimple_C_2147482372
125.570198,Right Hand Grab,ButterHolderSimple_C_2147482375
126.737228,Right Hand Released,ButterHolderSimple_C_2147482375
127.558678,Right Hand Grab,ButterHolderSimple_C_2147482375
128.313705,Right Hand Released,ButterHolderSimple_C_2147482375
129.069443,Right Hand Grab,ButterHolderSimple_C_2147482375
129.581131,Right Hand Released,ButterHolderSimple_C_2147482375
130.335403,Right Hand Grab,Butter_C_2147482374
135.572052,Right Hand Grab,Butter_C_2147482368
140.66748,Left Hand Grab,Apple_C_2147482390
141.655121,Left Hand Released,Apple_C_2147482390
142.856674,Right Hand Grab,PieBowlSimple_C_2147482366
144.12326,Right Hand Released,PieBowlSimple_C_2147482366
146.443832,Right Hand Grab,Knife_C_4
147.466217,Chopped,Apple_C_2147482390
147.866867,Right Hand Released,Knife_C_4
152.001831,Right Hand Grab,Knife_C_4
152.694855,Chopped,Apple_Half2_C_2147482363
153.066971,Right Hand Released,Knife_C_4
156.787674,Right Hand Grab,StirSpoonPieSImple_C_2147482371
157.320679,Right Hand Released,StirSpoonPieSImple_C_2147482371
158.265198,Right Hand Grab,StirSpoonPieSImple_C_2147482371
158.843033,Right Hand Released,StirSpoonPieSImple_C_2147482371
160.031982,Right Hand Grab,StirSpoonPieSImple_C_2147482371
160.520523,Right Hand Released,StirSpoonPieSImple_C_2147482371
161.075851,Right Hand Grab,StirSpoonPieSImple_C_2147482371
161.230698,Right Hand Released,StirSpoonPieSImple_C_2147482371
162.124313,Right Hand Grab,StirSpoonPieSImple_C_2147482371
162.70256,Right Hand Released,StirSpoonPieSImple_C_2147482371
163.997833,Right Hand Grab,CinnyShakerGrabable_C_2147482376
164.508026,Right Hand Released,CinnyShakerGrabable_C_2147482376
165.598175,Right Hand Grab,Knife_C_4
166.686035,Chopped,Apple_Half_C_2147482364
167.163422,Right Hand Released,Knife_C_4
170.207108,Right Hand Grab,Apple_Slice4_C_2147482361
170.252121,Left Hand Grab,SugarJarSimple_C_2147482373
173.009125,Right Hand Released,Apple_Slice4_C_2147482361
173.195007,Left Hand Released,SugarJarSimple_C_2147482373
175.029114,Right Hand Grab,NewMeasuringCupSimple2_C_2147482378
175.885239,Right Hand Released,NewMeasuringCupSimple2_C_2147482378
176.450974,Right Hand Grab,NewMeasuringCupSimple2_C_2147482378
176.850067,Right Hand Released,NewMeasuringCupSimple2_C_2147482378
178.090118,Right Hand Grab,NewMeasuringCupSimple2_C_2147482378
178.758362,Right Hand Released,NewMeasuringCupSimple2_C_2147482378
179.568726,Right Hand Grab,PieBowlSimple_C_2147482366
180.524918,Right Hand Released,PieBowlSimple_C_2147482366
181.348251,Right Hand Grab,Apple_Slice_C_2147482360
181.370804,Left Hand Grab,SugarJarSimple_C_2147482373
182.428055,Left Hand Released,SugarJarSimple_C_2147482373
182.972153,Right Hand Released,Apple_Slice_C_2147482360
183.926575,Right Hand Grab,Apple_Slice3_C_2147482362
184.771149,Right Hand Released,Apple_Slice3_C_2147482362
185.548965,Right Hand Grab,Apple_Slice2_C_2147482359
186.415146,Right Hand Released,Apple_Slice2_C_2147482359
187.137283,Right Hand Grab,Apple_Slice4_C_2147482361
188.016235,Right Hand Released,Apple_Slice4_C_2147482361
190.647446,Left Hand Grab,Apple_C_2147482393
195.416672,Left Hand Released,Apple_C_2147482393
197.177856,Right Hand Grab,StirSpoonPieSImple_C_2147482371
198.078766,Right Hand Released,StirSpoonPieSImple_C_2147482371
198.711777,Right Hand Grab,Knife_C_4
200.343353,Right Hand Released,Knife_C_4
201.444901,Right Hand Grab,PieBowlSimple_C_2147482366
202.767944,Right Hand Released,PieBowlSimple_C_2147482366
203.9897,Right Hand Grab,Knife_C_4
204.655807,Chopped,Apple_C_2147482393
205.168243,Chopped,Apple_Half2_C_2147482356
205.700928,Chopped,Apple_Half_C_2147482357
206.279419,Chopped,Apple_Half2_C_2147482356
206.822723,Right Hand Released,Knife_C_4
208.011246,Right Hand Grab,Knife_C_4
208.07457,Chopped,Apple_Slice_C_2147482355
209.365784,Right Hand Released,Knife_C_4
209.730209,Left Hand Grab,Apple_Slice3_C_2147482353
210.622971,Left Hand Released,Apple_Slice3_C_2147482353
211.411179,Left Hand Grab,Apple_Slice2_C_2147482354
212.098572,Left Hand Released,Apple_Slice2_C_2147482354
212.664261,Left Hand Grab,Apple_Slice4_C_2147482352
213.388031,Left Hand Released,Apple_Slice4_C_2147482352
215.909332,Left Hand Grab,None
217.698318,Left Hand Grab,Apple_C_2147482389
218.516541,Left Hand Released,Apple_C_2147482389
219.148102,Right Hand Grab,Knife_C_4
219.892105,Chopped,Apple_C_2147482389
220.852631,Chopped,Apple_Half_C_2147482350
221.385345,Chopped,Apple_Half_C_2147482350
222.00769,Chopped,Apple_Slice2_C_2147482347
222.619705,Chopped,Apple_Slice2_C_2147482347
223.075287,Right Hand Released,Knife_C_4
223.215958,Right Hand Grab,Knife_C_4
223.404602,Chopped,Apple_Half2_C_2147482349
223.7388,Right Hand Released,Knife_C_4
224.784943,Left Hand Grab,Apple_C_2147482358
225.695023,Left Hand Released,Apple_C_2147482358
226.282928,Right Hand Grab,PieBowlSimple_C_2147482366
227.061264,Right Hand Released,PieBowlSimple_C_2147482366
227.706451,Right Hand Grab,Apple_Slice_C_2147482348
228.299591,Right Hand Released,Apple_Slice_C_2147482348
228.754333,Right Hand Grab,Apple_Slice_C_2147482348
229.387909,Right Hand Released,Apple_Slice_C_2147482348
229.887039,Right Hand Grab,Apple_Slice2_C_2147482347
230.452118,Right Hand Released,Apple_Slice2_C_2147482347
230.939026,Right Hand Grab,Apple_Slice3_C_2147482346
231.534744,Right Hand Released,Apple_Slice3_C_2147482346
232.102234,Right Hand Grab,Apple_C_2147482358
232.934967,Right Hand Released,Apple_C_2147482358
233.291351,Left Hand Grab,Apple_Slice4_C_2147482345
234.058029,Left Hand Released,Apple_Slice4_C_2147482345
234.849365,Left Hand Grab,Apple_C_2147482358
235.435669,Left Hand Released,Apple_C_2147482358
235.957443,Right Hand Grab,Knife_C_4
237.91452,Chopped,Apple_C_2147482358
238.602585,Chopped,Apple_Half_C_2147482343
239.736343,Chopped,Apple_Half2_C_2147482342
240.648499,Chopped,Apple_Half_C_2147482343
241.147263,Right Hand Released,Knife_C_4
242.080505,Left Hand Grab,Apple_Slice3_C_2147482341
242.798264,Left Hand Released,Apple_Slice3_C_2147482341
243.297531,Right Hand Grab,Apple_Slice4_C_2147482340
243.941589,Right Hand Released,Apple_Slice4_C_2147482340
244.062943,Left Hand Grab,Apple_Slice2_C_2147482338
244.822754,Left Hand Released,Apple_Slice2_C_2147482338
245.344299,Right Hand Grab,Knife_C_4
246.355499,Left Hand Grab,Apple_Slice_C_2147482339
246.999451,Left Hand Released,Apple_Slice_C_2147482339
247.364899,Right Hand Released,Knife_C_4
248.064102,Left Hand Grab,Apple_C_2147482351
248.719986,Left Hand Released,Apple_C_2147482351
249.02066,Right Hand Grab,Knife_C_4
249.681152,Chopped,Apple_C_2147482351
250.059662,Right Hand Released,Knife_C_4
251.067978,Right Hand Grab,Knife_C_4
251.612488,Chopped,Apple_Half2_C_2147482335
251.945633,Right Hand Released,Knife_C_4
252.422775,Left Hand Grab,Apple_Slice3_C_2147482334
253.228897,Left Hand Released,Apple_Slice3_C_2147482334
256.236938,Right Hand Grab,None
257.058228,Right Hand Grab,None
258.549255,Right Hand Grab,ApplePieCookbook_C_0
264.562653,Right Hand Grab,CinnyShakerGrabable_C_2147482376
267.537628,Right Hand Released,CinnyShakerGrabable_C_2147482376
268.364471,Right Hand Grab,CinnyShakerGrabable_C_2147482376
268.64093,Right Hand Released,CinnyShakerGrabable_C_2147482376
269.553253,Right Hand Grab,CinnyShakerGrabable_C_2147482376
271.572144,Right Hand Released,CinnyShakerGrabable_C_2147482376
280.391785,Left Hand Grab,SaucePotSimple2_C_2147482377
283.326935,Left Hand Released,SaucePotSimple2_C_2147482377
285.987427,Right Hand Grab,ApplePieCookbook_C_0
289.031281,Right Hand Grab,StirSpoonPieSImple_C_2147482371
294.441895,Right Hand Released,StirSpoonPieSImple_C_2147482371
295.753265,Right Hand Grab,StirSpoonPieSImple_C_2147482371
296.660126,Right Hand Released,StirSpoonPieSImple_C_2147482371
299.387634,Right Hand Grab,NewMeasuringCupSimple2_C_2147482378
301.521881,Right Hand Released,NewMeasuringCupSimple2_C_2147482378
302.997681,Right Hand Grab,PiePanSimple_C_2147482369
305.020966,Right Hand Released,PiePanSimple_C_2147482369
306.447113,Right Hand Grab,ApplePieCookbook_C_0
307.615387,Right Hand Grab,PiePanSimple_C_2147482369
309.613434,Right Hand Released,PiePanSimple_C_2147482369
311.286743,Right Hand Grab,PieBowlSimple_C_2147482366
316.265198,Right Hand Released,PieBowlSimple_C_2147482366
319.708771,Left Hand Grab,PillsberryDoughGirlSimple_C_2147482331
326.50351,Right Hand Grab,None
329.998383,Right Hand Grab,PieBowlSimple_C_2147482366
332.236877,Right Hand Released,PieBowlSimple_C_2147482366
333.985626,Left Hand Grab,PillsberryDoughBoySimple_C_2147482332
336.643066,Right Hand Grab,None
339.499115,Right Hand Grab,ApplePieCookbook_C_0
342.35437,Right Hand Grab,ApplePieCookbook_C_0
344.029022,Right Hand Grab,PiePanSimple_C_2147482369
345.908264,Left Hand Grab,PiePanSimple_C_2147482369
346.274536,Left Hand Released,PiePanSimple_C_2147482369
347.015656,Left Hand Grab,oven_C_1
349.516968,Right Hand Released,PiePanSimple_C_2147482369
350.806976,Left Hand Grab,None
351.605652,Left Hand Grab,oven_C_1
365.082184,Left Hand Grab,oven_C_1
366.56955,Right Hand Grab,PiePanSimple_C_2147482369
367.403656,Right Hand Released,PiePanSimple_C_2147482369
367.914307,Right Hand Grab,PiePanSimple_C_2147482369
368.680725,Right Hand Released,PiePanSimple_C_2147482369
369.470001,Right Hand Grab,PiePanSimple_C_2147482369
370.080658,Right Hand Released,PiePanSimple_C_2147482369
370.746429,Right Hand Grab,PiePanSimple_C_2147482369
371.746582,Right Hand Released,PiePanSimple_C_2147482369
372.368774,Right Hand Grab,PiePanSimple_C_2147482369
373.402008,Right Hand Released,PiePanSimple_C_2147482369
374.577606,Right Hand Grab,PiePanSimple_C_2147482369
375.746704,Right Hand Released,PiePanSimple_C_2147482369
376.521576,Right Hand Grab,PiePanSimple_C_2147482369
377.143524,Right Hand Released,PiePanSimple_C_2147482369
377.689331,Right Hand Grab,PiePanSimple_C_2147482369
378.580231,Right Hand Released,PiePanSimple_C_2147482369
379.523865,Right Hand Grab,PiePanSimple_C_2147482369
380.46698,Right Hand Released,PiePanSimple_C_2147482369
381.343414,Right Hand Grab,PiePanSimple_C_2147482369
382.187592,Right Hand Released,PiePanSimple_C_2147482369
382.701233,Right Hand Grab,PiePanSimple_C_2147482369
383.255768,Right Hand Released,PiePanSimple_C_2147482369
384.511597,Right Hand Grab,PiePanSimple_C_2147482369
385.08902,Right Hand Released,PiePanSimple_C_2147482369
385.711761,Right Hand Grab,PiePanSimple_C_2147482369
388.340607,Left Hand Grab,PiePanSimple_C_2147482369
388.829437,Right Hand Released,PiePanSimple_C_2147482369
389.173615,Left Hand Released,PiePanSimple_C_2147482369
389.90741,Right Hand Grab,PiePanSimple_C_2147482369
389.930511,Left Hand Grab,PiePanSimple_C_2147482369
391.086609,Right Hand Released,PiePanSimple_C_2147482369
391.152557,Left Hand Released,PiePanSimple_C_2147482369
392.141602,Right Hand Grab,PiePanSimple_C_2147482369
392.913849,Right Hand Released,PiePanSimple_C_2147482369
394.354675,Right Hand Grab,None
396.120392,Left Hand Grab,PiePanSimple_C_2147482369
396.84314,Left Hand Released,PiePanSimple_C_2147482369
397.587463,Left Hand Grab,PiePanSimple_C_2147482369
398.276337,Left Hand Released,PiePanSimple_C_2147482369
398.565582,Left Hand Grab,PiePanSimple_C_2147482369
399.265076,Left Hand Released,PiePanSimple_C_2147482369
399.858093,Left Hand Grab,PiePanSimple_C_2147482369
401.043701,Left Hand Released,PiePanSimple_C_2147482369
401.996552,Left Hand Grab,PiePanSimple_C_2147482369
402.03006,Right Hand Grab,PiePanSimple_C_2147482369
405.059845,Left Hand Released,PiePanSimple_C_2147482369
405.081787,Right Hand Released,PiePanSimple_C_2147482369
407.65036,Right Hand Grab,ButterHolderSimple_C_2147482375
408.833008,Right Hand Released,ButterHolderSimple_C_2147482375
409.899445,Right Hand Grab,PiePanSimple_C_2147482369
410.19931,Right Hand Released,PiePanSimple_C_2147482369
