Session Time,Action Type,Interacted Object
6.04374,Right Hand Grab,ApplePieCookbook_C_0
8.886678,Right Hand Grab,None
9.805173,Right Hand Grab,None
10.331388,Right Hand Grab,None
14.112337,Right Hand Grab,ApplePieCookbook_C_0
16.620079,Left Hand Grab,SugarJarSimple_C_2147482373
18.417677,Left Hand Released,SugarJarSimple_C_2147482373
19.428328,Right Hand Grab,NewMeasuringCupSimple2_C_2147482378
24.507296,Right Hand Released,NewMeasuringCupSimple2_C_2147482378
26.229437,Left Hand Grab,SugarJarSimple_C_2147482373
28.264757,Left Hand Released,SugarJarSimple_C_2147482373
29.421633,Left Hand Grab,ButterHolderSimple_C_2147482375
30.539629,Right Hand Grab,Butter_C_2147482374
31.783827,Right Hand Released,Butter_C_2147482374
32.635319,Right Hand Grab,Butter_C_2147482368
35.159145,Left Hand Released,ButterHolderSimple_C_2147482375
37.891006,Right Hand Grab,Apple_C_2147482388
39.650658,Right Hand Released,Apple_C_2147482388
40.853535,Right Hand Grab,Apple_C_2147482388
41.989384,Right Hand Released,Apple_C_2147482388
44.287735,Right Hand Grab,WaterPitcherSimple_C_2147482372
49.912178,Right Hand Released,WaterPitcherSimple_C_2147482372
52.068588,Right Hand Grab,Apple_C_2147482384
53.619446,Right Hand Released,Apple_C_2147482384
54.130703,Right Hand Grab,PieBowlSimple_C_2147482364
55.36116,Right Hand Released,PieBowlSimple_C_2147482364
56.023624,Right Hand Grab,PieBowlSimple_C_2147482364
57.096649,Right Hand Released,PieBowlSimple_C_2147482364
59.363522,Right Hand Grab,PieBowlSimple_C_2147482364
59.963852,Right Hand Released,PieBowlSimple_C_2147482364
61.614738,Right Hand Grab,Knife_C_4
62.59766,Chopped,Apple_C_2147482384
63.391724,Chopped,Apple_Half_C_2147482362
64.03566,Chopped,Apple_Half2_C_2147482361
64.772621,Chopped,Apple_Half_C_2147482362
65.886528,Right Hand Released,Knife_C_4
66.811485,Left Hand Grab,Apple_Slice2_C_2147482357
66.834572,Right Hand Grab,Apple_Slice2_C_2147482357
68.609756,Left Hand Released,Apple_Slice2_C_2147482357
69.277046,Right Hand Released,Apple_Slice2_C_2147482357
70.49823,Right Hand Grab,Apple_Slice4_C_2147482359
71.553795,Right Hand Released,Apple_Slice4_C_2147482359
72.481369,Right Hand Grab,Apple_Slice3_C_2147482360
73.391541,Right Hand Released,Apple_Slice3_C_2147482360
74.089203,Right Hand Grab,Apple_Slice_C_2147482358
74.986679,Right Hand Released,Apple_Slice_C_2147482358
75.659546,Right Hand Grab,PieBowlSimple_C_2147482364
76.333435,Right Hand Released,PieBowlSimple_C_2147482364
77.563431,Right Hand Grab,Apple_C_2147482365
78.620071,Right Hand Released,Apple_C_2147482365
79.553421,Right Hand Grab,Knife_C_4
80.386765,Chopped,Apple_C_2147482365
81.076126,Chopped,Apple_Half_C_2147482355
81.731064,Chopped,Apple_Half2_C_2147482354
82.363823,Chopped,Apple_Slice3_C_2147482353
82.920189,Chopped,Apple_Slice3_C_2147482353
83.629951,Chopped,Apple_Slice4_C_2147482352
84.244713,Right Hand Released,Knife_C_4
84.866249,Right Hand Grab,Apple_Slice4_C_2147482352
85.551811,Right Hand Released,Apple_Slice4_C_2147482352
86.095268,Right Hand Grab,Apple_Slice3_C_2147482353
86.727982,Right Hand Released,Apple_Slice3_C_2147482353
87.551392,Right Hand Grab,Knife_C_4
88.162498,Chopped,Apple_Half_C_2147482355
88.918457,Right Hand Released,Knife_C_4
89.572151,Right Hand Grab,Knife_C_4
89.595055,Left Hand Grab,Apple_Slice2_C_2147482350
90.465179,Right Hand Released,Knife_C_4
91.240417,Left Hand Released,Apple_Slice2_C_2147482350
91.840385,Right Hand Grab,Apple_Slice_C_2147482351
92.635887,Right Hand Released,Apple_Slice_C_2147482351
93.668633,Right Hand Grab,Apple_C_2147482356
94.645782,Right Hand Released,Apple_C_2147482356
95.478363,Right Hand Grab,Knife_C_4
96.201027,Chopped,Apple_C_2147482356
96.927315,Chopped,Apple_Half_C_2147482348
97.959503,Chopped,Apple_Half2_C_2147482347
98.559578,Chopped,Apple_Slice3_C_2147482346
99.591751,Chopped,Apple_Half_C_2147482348
100.426857,Right Hand Released,Knife_C_4
101.03746,Left Hand Grab,Apple_Slice2_C_2147482343
101.03746,Right Hand Grab,Apple_Slice2_C_2147482343
101.896683,Right Hand Released,Apple_Slice2_C_2147482343
102.018677,Left Hand Released,Apple_Slice2_C_2147482343
102.547058,Right Hand Grab,Apple_Slice4_C_2147482345
103.191208,Right Hand Released,Apple_Slice4_C_2147482345
103.922516,Left Hand Grab,Apple_Slice3_C_2147482346
103.956482,Right Hand Grab,Apple_Slice_C_2147482344
105.250351,Right Hand Released,Apple_Slice_C_2147482344
105.340553,Left Hand Released,Apple_Slice3_C_2147482346
107.225479,Right Hand Grab,Apple_C_2147482349
108.452538,Right Hand Released,Apple_C_2147482349
109.19677,Right Hand Grab,Knife_C_4
109.988869,Chopped,Apple_C_2147482349
110.931694,Chopped,Apple_Half_C_2147482341
111.453445,Chopped,Apple_Half2_C_2147482340
112.064339,Chopped,Apple_Slice3_C_2147482339
112.997238,Chopped,Apple_Half_C_2147482341
113.775314,Right Hand Released,Knife_C_4
114.439613,Right Hand Grab,Knife_C_4
114.528519,Left Hand Grab,Apple_Slice2_C_2147482336
115.161598,Right Hand Released,Knife_C_4
115.729576,Right Hand Grab,Apple_Slice_C_2147482337
116.974899,Left Hand Released,Apple_Slice2_C_2147482336
117.018608,Right Hand Released,Apple_Slice_C_2147482337
117.819252,Right Hand Grab,Apple_Slice4_C_2147482338
117.874931,Left Hand Grab,PieBowlSimple_C_2147482364
119.118996,Left Hand Released,PieBowlSimple_C_2147482364
119.854141,Right Hand Released,Apple_Slice4_C_2147482338
120.498032,Right Hand Grab,Apple_Slice3_C_2147482339
121.197418,Right Hand Released,Apple_Slice3_C_2147482339
123.821724,Right Hand Grab,ApplePieCookbook_C_0
127.676552,Right Hand Grab,CinnyShakerGrabable_C_2147482376
132.48291,Right Hand Released,CinnyShakerGrabable_C_2147482376
140.352478,Right Hand Grab,SaucePotSimple2_C_2147482377
143.525726,Right Hand Released,SaucePotSimple2_C_2147482377
145.435959,Right Hand Grab,None
146.585831,Right Hand Grab,ApplePieCookbook_C_0
149.850632,Right Hand Grab,WaterPitcherSimple_C_2147482372
151.091431,Right Hand Released,WaterPitcherSimple_C_2147482372
152.076889,Right Hand Grab,StirSpoonPieSImple_C_2147482371
153.802948,Right Hand Released,StirSpoonPieSImple_C_2147482371
155.078842,Right Hand Grab,StirSpoonPieSImple_C_2147482371
156.640991,Left Hand Grab,PieBowlSimple_C_2147482364
160.425598,Left Hand Released,PieBowlSimple_C_2147482364
160.691376,Right Hand Released,StirSpoonPieSImple_C_2147482371
162.146713,Right Hand Grab,StirSpoonPieSImple_C_2147482371
163.381912,Left Hand Grab,PieBowlSimple_C_2147482364
165.319962,Left Hand Released,PieBowlSimple_C_2147482364
169.242416,Right Hand Released,StirSpoonPieSImple_C_2147482371
172.801651,Right Hand Grab,PillsberryDoughGirlSimple_C_2147482334
178.999008,Right Hand Grab,ApplePieCookbook_C_0
182.035385,Right Hand Grab,PieBowlSimple_C_2147482364
185.732132,Right Hand Released,PieBowlSimple_C_2147482364
188.28125,Right Hand Grab,PillsberryDoughBoySimple_C_2147482335
190.497375,Right Hand Grab,ApplePieCookbook_C_0
196.260742,Right Hand Grab,PiePanSimple_C_2147482369
197.6987,Left Hand Grab,oven_C_1
199.009155,Right Hand Released,PiePanSimple_C_2147482369
199.776733,Left Hand Grab,oven_C_1
203.235718,Right Hand Grab,ApplePieCookbook_C_0
207.585815,Right Hand Grab,None
212.500504,Right Hand Grab,oven_C_1
213.445114,Right Hand Grab,PiePanSimple_C_2147482369
215.453598,Right Hand Released,PiePanSimple_C_2147482369
217.097534,Right Hand Grab,None
218.069092,Right Hand Grab,oven_C_1
220.466858,Right Hand Grab,None
