Session Time,Action Type,Interacted Object
3.773839,Right Hand Grab,ApplePieCookbook_C_0
10.367924,Right Hand Grab,None
96.376259,Right Hand Grab,None
98.130699,Right Hand Grab,None
100.508194,Right Hand Grab,None
103.108337,Right Hand Grab,None
104.919952,Right Hand Grab,None
108.166458,Right Hand Grab,None
110.906364,Right Hand Grab,None
120.710808,Left Hand Grab,None
121.177368,Right Hand Grab,None
121.877281,Right Hand Grab,None
122.009995,Left Hand Grab,None
123.327263,Left Hand Grab,None
123.604797,Right Hand Grab,ApplePieCookbook_C_0
164.383392,Left Hand Grab,NewMeasuringCupSimple2_C_2147482378
166.41655,Left Hand Released,NewMeasuringCupSimple2_C_2147482378
167.082886,Left Hand Grab,SugarJarSimple_C_2147482373
169.172287,Left Hand Released,SugarJarSimple_C_2147482373
170.520355,Left Hand Grab,NewMeasuringCupSimple2_C_2147482378
175.349777,Left Hand Released,NewMeasuringCupSimple2_C_2147482378
176.28334,Left Hand Grab,ApplePieCookbook_C_0
177.285004,Left Hand Grab,ApplePieCookbook_C_0
178.46228,Left Hand Grab,ApplePieCookbook_C_0
179.816055,Left Hand Grab,ApplePieCookbook_C_0
182.512711,Left Hand Grab,ApplePieCookbook_C_0
184.022568,Left Hand Grab,ApplePieCookbook_C_0
185.800781,Left Hand Grab,ApplePieCookbook_C_0
186.624786,Left Hand Grab,ApplePieCookbook_C_0
187.592621,Left Hand Grab,ApplePieCookbook_C_0
188.469788,Left Hand Grab,ApplePieCookbook_C_0
189.60257,Left Hand Grab,ApplePieCookbook_C_0
190.952515,Left Hand Grab,ApplePieCookbook_C_0
192.344925,Left Hand Grab,None
193.469894,Left Hand Grab,None
194.615051,Left Hand Grab,ApplePieCookbook_C_0
196.269882,Left Hand Grab,ApplePieCookbook_C_0
197.602646,Left Hand Grab,ApplePieCookbook_C_0
198.369232,Left Hand Grab,ApplePieCookbook_C_0
198.96846,Left Hand Grab,ApplePieCookbook_C_0
201.233902,Left Hand Grab,ApplePieCookbook_C_0
202.056015,Left Hand Grab,ApplePieCookbook_C_0
202.567459,Left Hand Grab,ApplePieCookbook_C_0
203.211731,Left Hand Grab,ApplePieCookbook_C_0
203.611725,Left Hand Grab,ApplePieCookbook_C_0
206.13356,Left Hand Grab,NewMeasuringCupSimple2_C_2147482378
213.608383,Left Hand Released,NewMeasuringCupSimple2_C_2147482378
216.354385,Left Hand Grab,None
216.887817,Left Hand Grab,ApplePieCookbook_C_0
217.41803,Left Hand Grab,ApplePieCookbook_C_0
217.996552,Left Hand Grab,ApplePieCookbook_C_0
218.521164,Left Hand Grab,ApplePieCookbook_C_0
219.009415,Left Hand Grab,None
219.664261,Left Hand Grab,ApplePieCookbook_C_0
223.616882,Right Hand Grab,WaterPitcherSimple_C_2147482372
237.476532,Right Hand Released,WaterPitcherSimple_C_2147482372
241.865448,Left Hand Grab,ButterHolderSimple_C_2147482375
243.019455,Left Hand Released,ButterHolderSimple_C_2147482375
245.145142,Left Hand Grab,Butter_C_2147482374
247.380127,Left Hand Released,Butter_C_2147482374
248.880066,Left Hand Grab,Butter_C_2147482368
252.202072,Left Hand Released,Butter_C_2147482368
257.533722,Right Hand Grab,None
258.523438,Right Hand Grab,Apple_C_2147482388
260.796875,Right Hand Released,Apple_C_2147482388
262.651886,Right Hand Grab,PieBowlSimple_C_2147482366
263.743103,Right Hand Released,PieBowlSimple_C_2147482366
264.230164,Right Hand Grab,None
265.46051,Right Hand Grab,None
266.74942,Right Hand Grab,None
267.5495,Right Hand Grab,PieBowlSimple_C_2147482366
269.615784,Right Hand Released,PieBowlSimple_C_2147482366
270.804993,Left Hand Grab,PieBowlSimple_C_2147482366
271.641205,Left Hand Released,PieBowlSimple_C_2147482366
272.238464,Left Hand Grab,PieBowlSimple_C_2147482366
274.019867,Left Hand Released,PieBowlSimple_C_2147482366
276.139679,Right Hand Grab,Apple_C_2147482365
277.68396,Right Hand Released,Apple_C_2147482365
278.918243,Right Hand Grab,Apple_C_2147482364
280.539642,Right Hand Released,Apple_C_2147482364
281.65152,Right Hand Grab,Apple_C_2147482387
283.793976,Right Hand Released,Apple_C_2147482387
285.069611,Right Hand Grab,Apple_C_2147482363
286.968567,Right Hand Released,Apple_C_2147482363
288.458862,Right Hand Grab,Knife_C_4
293.316101,Chopped,Apple_C_2147482364
294.225372,Chopped,Apple_Half_C_2147482360
294.959839,Chopped,Apple_Half_C_2147482360
297.836121,Chopped,Apple_Slice_C_2147482358
298.669525,Chopped,Apple_Half2_C_2147482359
299.534943,Chopped,Apple_C_2147482387
300.168518,Chopped,Apple_Half_C_2147482354
300.900909,Chopped,Apple_Half_C_2147482354
301.912781,Chopped,Apple_Slice2_C_2147482351
302.656616,Chopped,Apple_Slice2_C_2147482351
303.436005,Chopped,Apple_Slice2_C_2147482351
304.179474,Chopped,Apple_Slice2_C_2147482351
304.890991,Chopped,Apple_Half2_C_2147482353
305.868225,Chopped,Apple_C_2147482365
306.679443,Chopped,Apple_Half2_C_2147482347
307.357269,Chopped,Apple_C_2147482363
309.201508,Chopped,Apple_Slice2_C_2147482357
309.419403,Left Hand Grab,PieBowlSimple_C_2147482366
309.920807,Chopped,Apple_Half_C_2147482348
310.309326,Left Hand Released,PieBowlSimple_C_2147482366
310.44165,Chopped,Apple_Half2_C_2147482345
311.296234,Chopped,Apple_Slice_C_2147482352
311.87442,Chopped,Apple_Slice3_C_2147482342
312.591736,Chopped,Apple_Half_C_2147482346
313.45993,Chopped,Apple_Slice_C_2147482344
314.038422,Chopped,Apple_Half2_C_2147482347
315.686951,Right Hand Released,Knife_C_4
320.525146,Left Hand Grab,PieBowlSimple_C_2147482366
321.346405,Left Hand Released,PieBowlSimple_C_2147482366
321.765259,Left Hand Grab,PieBowlSimple_C_2147482366
322.121796,Left Hand Released,PieBowlSimple_C_2147482366
322.380707,Left Hand Grab,PieBowlSimple_C_2147482366
322.937714,Left Hand Released,PieBowlSimple_C_2147482366
324.79129,Right Hand Grab,PieBowlSimple_C_2147482366
328.001831,Right Hand Released,PieBowlSimple_C_2147482366
329.169373,Right Hand Grab,PieBowlSimple_C_2147482366
329.747589,Right Hand Released,PieBowlSimple_C_2147482366
331.213074,Right Hand Grab,Apple_Slice3_C_2147482350
332.158966,Right Hand Released,Apple_Slice3_C_2147482350
332.936462,Right Hand Grab,Apple_Slice_C_2147482352
334.147705,Right Hand Released,Apple_Slice_C_2147482352
334.936859,Right Hand Grab,Apple_Slice2_C_2147482351
335.987366,Right Hand Released,Apple_Slice2_C_2147482351
336.820068,Right Hand Grab,Apple_Slice4_C_2147482355
337.788544,Right Hand Released,Apple_Slice4_C_2147482355
338.882935,Right Hand Grab,Apple_Slice2_C_2147482343
338.89444,Left Hand Grab,PieBowlSimple_C_2147482366
339.814301,Left Hand Released,PieBowlSimple_C_2147482366
340.646484,Left Hand Grab,Apple_Slice2_C_2147482339
341.102386,Left Hand Released,Apple_Slice2_C_2147482339
341.851562,Right Hand Released,Apple_Slice2_C_2147482343
342.670227,Right Hand Grab,Apple_Slice2_C_2147482339
343.621979,Right Hand Released,Apple_Slice2_C_2147482339
344.721985,Left Hand Grab,Apple_Slice4_C_2147482341
345.446167,Left Hand Released,Apple_Slice4_C_2147482341
345.655365,Left Hand Grab,Apple_Slice3_C_2147482356
346.510925,Right Hand Grab,Apple_Slice_C_2147482358
348.089325,Right Hand Released,Apple_Slice_C_2147482358
348.100922,Left Hand Released,Apple_Slice3_C_2147482356
349.175995,Right Hand Grab,Apple_Slice2_C_2147482357
349.874847,Left Hand Grab,Apple_Slice4_C_2147482349
351.119385,Left Hand Released,Apple_Slice4_C_2147482349
351.198578,Right Hand Released,Apple_Slice2_C_2147482357
352.208008,Right Hand Grab,Apple_Slice_C_2147482344
352.821838,Left Hand Grab,Apple_Slice_C_2147482340
354.389008,Right Hand Released,Apple_Slice_C_2147482344
354.432343,Left Hand Released,Apple_Slice_C_2147482340
355.33316,Right Hand Grab,Apple_Slice4_C_2147482341
356.008179,Left Hand Grab,Apple_Slice3_C_2147482338
357.277191,Left Hand Released,Apple_Slice3_C_2147482338
357.29953,Right Hand Released,Apple_Slice4_C_2147482341
358.152222,Right Hand Grab,Apple_Slice4_C_2147482337
358.865326,Left Hand Grab,Apple_Slice3_C_2147482342
360.069611,Left Hand Released,Apple_Slice3_C_2147482342
360.093048,Right Hand Released,Apple_Slice4_C_2147482337
362.944672,Right Hand Grab,None
363.724823,Right Hand Grab,ApplePieCookbook_C_0
367.112122,Right Hand Grab,CinnyShakerGrabable_C_2147482376
373.010315,Right Hand Released,CinnyShakerGrabable_C_2147482376
379.228027,Right Hand Grab,PieBowlSimple_C_2147482366
379.979492,Right Hand Released,PieBowlSimple_C_2147482366
381.375214,Left Hand Grab,SaucePotSimple2_C_2147482377
385.917511,Left Hand Released,SaucePotSimple2_C_2147482377
387.85199,Right Hand Grab,None
388.964417,Right Hand Grab,None
389.588104,Right Hand Grab,None
390.254059,Right Hand Grab,None
391.132416,Right Hand Grab,ApplePieCookbook_C_0
393.77063,Right Hand Grab,StirSpoonPieSImple_C_2147482371
403.014648,Left Hand Grab,None
405.579956,Left Hand Grab,PieBowlSimple_C_2147482366
410.093781,Left Hand Released,PieBowlSimple_C_2147482366
410.711212,Right Hand Released,StirSpoonPieSImple_C_2147482371
411.389435,Right Hand Grab,StirSpoonPieSImple_C_2147482371
417.421234,Right Hand Released,StirSpoonPieSImple_C_2147482371
418.429871,Right Hand Grab,PieBowlSimple_C_2147482366
419.089264,Right Hand Released,PieBowlSimple_C_2147482366
419.379028,Right Hand Grab,PillsberryDoughGirlSimple_C_2147482335
421.598511,Right Hand Released,PillsberryDoughGirlSimple_C_2147482335
422.889954,Left Hand Grab,PillsberryDoughBoySimple_C_2147482336
424.278473,Left Hand Released,PillsberryDoughBoySimple_C_2147482336
424.455994,Left Hand Grab,PillsberryDoughGirlSimple_C_2147482335
425.414948,Left Hand Released,PillsberryDoughGirlSimple_C_2147482335
426.757568,Right Hand Grab,PieBowlSimple_C_2147482366
427.406158,Right Hand Released,PieBowlSimple_C_2147482366
429.531616,Right Hand Grab,PieBowlSimple_C_2147482366
430.832123,Right Hand Released,PieBowlSimple_C_2147482366
432.059998,Right Hand Grab,PiePanSimple_C_2147482369
434.541809,Right Hand Released,PiePanSimple_C_2147482369
435.497284,Right Hand Grab,PiePanSimple_C_2147482369
436.715424,Right Hand Released,PiePanSimple_C_2147482369
437.670105,Right Hand Grab,PiePanSimple_C_2147482369
439.613312,Right Hand Released,PiePanSimple_C_2147482369
440.557098,Right Hand Grab,PillsberryDoughGirlSimple_C_2147482335
445.300262,Right Hand Grab,None
446.357727,Right Hand Grab,None
447.101776,Right Hand Grab,ApplePieCookbook_C_0
450.820526,Right Hand Grab,PieBowlSimple_C_2147482366
453.385193,Right Hand Released,PieBowlSimple_C_2147482366
455.861938,Right Hand Grab,PillsberryDoughBoySimple_C_2147482336
459.342712,Right Hand Grab,ApplePieCookbook_C_0
465.462769,Left Hand Grab,oven_C_1
466.982574,Right Hand Grab,PiePanSimple_C_2147482369
471.963989,Right Hand Released,PiePanSimple_C_2147482369
473.430084,Right Hand Grab,oven_C_1
480.99054,Left Hand Grab,None
481.929535,Left Hand Grab,oven_C_1
484.663391,Left Hand Grab,oven_C_1
489.931519,Left Hand Grab,oven_C_1
491.642731,Right Hand Grab,PiePanSimple_C_2147482369
496.086029,Right Hand Released,PiePanSimple_C_2147482369
497.131195,Left Hand Grab,None
497.952179,Left Hand Grab,None
498.819183,Left Hand Grab,None
499.574402,Left Hand Grab,oven_C_1
504.007111,Right Hand Grab,None
504.838043,Right Hand Grab,None
505.482117,Right Hand Grab,None
506.224335,Right Hand Grab,None
507.399902,Right Hand Grab,ApplePieCookbook_C_0
