Session Time,Action Type,Interacted Object
33.567154,Left Hand Grab,ApplePieCookbook_C_0
40.8204,Left Hand Grab,ApplePieCookbook_C_0
47.115963,Left Hand Grab,SugarJarSimple_C_2147482385
48.31517,Left Hand Released,SugarJarSimple_C_2147482385
49.060112,Left Hand Grab,None
50.040443,Left Hand Grab,NewMeasuringCupSimple2_C_2147482390
51.774036,Left Hand Released,NewMeasuringCupSimple2_C_2147482390
52.474823,Left Hand Grab,NewMeasuringCupSimple2_C_2147482390
58.539795,Left Hand Released,NewMeasuringCupSimple2_C_2147482390
59.38483,Left Hand Grab,ButterHolderSimple_C_2147482387
61.182392,Left Hand Released,ButterHolderSimple_C_2147482387
62.868935,Left Hand Grab,None
63.815956,Left Hand Grab,Butter_C_2147482386
65.07267,Left Hand Released,Butter_C_2147482386
66.106064,Left Hand Grab,NewMeasuringCupSimple2_C_2147482390
66.651527,Left Hand Released,NewMeasuringCupSimple2_C_2147482390
67.007645,Left Hand Grab,Butter_C_2147482380
68.072372,Left Hand Released,Butter_C_2147482380
70.425064,Left Hand Grab,WaterPitcherSimple_C_2147482384
75.081856,Left Hand Released,WaterPitcherSimple_C_2147482384
77.356323,Left Hand Grab,PieBowlSimple_C_2147482378
78.623375,Left Hand Released,PieBowlSimple_C_2147482378
80.222641,Left Hand Grab,Apple_C_2147482396
81.580467,Left Hand Released,Apple_C_2147482396
82.57029,Left Hand Grab,Apple_C_2147482377
84.080681,Left Hand Released,Apple_C_2147482377
85.03566,Left Hand Grab,Apple_C_2147482376
86.344627,Left Hand Released,Apple_C_2147482376
87.267403,Left Hand Grab,Apple_C_2147482375
88.656349,Left Hand Released,Apple_C_2147482375
89.53347,Left Hand Grab,Knife_C_4
91.005531,Chopped,Apple_C_2147482375
91.782806,Chopped,Apple_Half_C_2147482373
92.553627,Chopped,Apple_Half_C_2147482373
93.700897,Left Hand Released,Knife_C_4
94.400307,Left Hand Grab,Apple_Slice2_C_2147482370
96.145287,Left Hand Released,Apple_Slice2_C_2147482370
96.778091,Left Hand Grab,Apple_Slice_C_2147482371
98.627419,Left Hand Released,Apple_Slice_C_2147482371
99.525543,Left Hand Grab,Knife_C_4
100.329308,Chopped,Apple_Half2_C_2147482372
101.303566,Left Hand Released,Knife_C_4
101.947563,Left Hand Grab,Apple_Slice3_C_2147482369
102.600647,Left Hand Released,Apple_Slice3_C_2147482369
103.044365,Left Hand Grab,Apple_Slice4_C_2147482368
103.62146,Left Hand Released,Apple_Slice4_C_2147482368
104.088364,Left Hand Grab,Knife_C_4
105.265533,Chopped,Apple_C_2147482376
105.888428,Chopped,Apple_Half_C_2147482367
106.577354,Chopped,Apple_C_2147482396
107.19944,Chopped,Apple_C_2147482377
107.809814,Chopped,Apple_Half_C_2147482367
108.510262,Chopped,Apple_Slice2_C_2147482360
109.387619,Chopped,Apple_Half_C_2147482363
110.24369,Chopped,Apple_Half2_C_2147482364
111.098289,Chopped,Apple_Half2_C_2147482362
112.021019,Chopped,Apple_Half_C_2147482365
112.687737,Chopped,Apple_Half2_C_2147482366
113.9645,Left Hand Released,Knife_C_4
114.851059,Left Hand Grab,Apple_Slice4_C_2147482356
115.397804,Left Hand Released,Apple_Slice4_C_2147482356
115.818535,Left Hand Grab,Apple_Slice_C_2147482353
116.242104,Left Hand Released,Apple_Slice_C_2147482353
116.797516,Left Hand Grab,Apple_Slice4_C_2147482350
117.286163,Left Hand Released,Apple_Slice4_C_2147482350
117.730278,Left Hand Grab,Apple_Slice2_C_2147482352
118.209114,Left Hand Released,Apple_Slice2_C_2147482352
123.036339,Right Hand Grab,None
124.693184,Right Hand Grab,None
149.453476,Right Hand Grab,Apple_Slice2_C_2147482360
150.600418,Right Hand Released,Apple_Slice2_C_2147482360
151.143692,Right Hand Grab,Apple_Slice_C_2147482361
151.621674,Right Hand Released,Apple_Slice_C_2147482361
152.099609,Right Hand Grab,Apple_Slice_C_2147482359
153.677826,Right Hand Released,Apple_Slice_C_2147482359
154.122116,Right Hand Grab,PieBowlSimple_C_2147482378
155.244736,Right Hand Released,PieBowlSimple_C_2147482378
155.687103,Left Hand Grab,Apple_Slice2_C_2147482358
156.366135,Left Hand Released,Apple_Slice2_C_2147482358
156.855881,Left Hand Grab,Apple_Slice3_C_2147482351
157.732819,Left Hand Released,Apple_Slice3_C_2147482351
168.030731,Left Hand Grab,None
175.275742,Left Hand Grab,None
188.792007,Left Hand Grab,Apple_Slice3_C_2147482355
189.302963,Left Hand Released,Apple_Slice3_C_2147482355
191.335754,Left Hand Grab,Apple_Slice3_C_2147482355
192.992325,Left Hand Released,Apple_Slice3_C_2147482355
194.215805,Left Hand Grab,Apple_Slice4_C_2147482354
195.471375,Left Hand Released,Apple_Slice4_C_2147482354
196.315399,Left Hand Grab,Apple_Slice3_C_2147482357
197.481033,Left Hand Released,Apple_Slice3_C_2147482357
199.225906,Right Hand Grab,PieBowlSimple_C_2147482378
201.121597,Right Hand Released,PieBowlSimple_C_2147482378
201.89122,Right Hand Grab,None
202.53804,Right Hand Grab,ApplePieCookbook_C_0
204.79068,Right Hand Grab,CinnyShakerGrabable_C_2147482388
209.489822,Right Hand Released,CinnyShakerGrabable_C_2147482388
214.401978,Right Hand Grab,SaucePotSimple2_C_2147482389
218.378876,Right Hand Released,SaucePotSimple2_C_2147482389
220.321732,Right Hand Grab,None
220.971512,Right Hand Grab,ApplePieCookbook_C_0
223.254944,Right Hand Grab,StirSpoonPieSImple_C_2147482383
229.207916,Right Hand Released,StirSpoonPieSImple_C_2147482383
229.476105,Right Hand Grab,None
230.297958,Right Hand Grab,StirSpoonPieSImple_C_2147482383
235.785339,Right Hand Released,StirSpoonPieSImple_C_2147482383
236.673203,Right Hand Grab,PieBowlSimple_C_2147482378
237.652161,Right Hand Released,PieBowlSimple_C_2147482378
239.763123,Right Hand Grab,PillsberryDoughGirlSimple_C_2147482348
241.129776,Right Hand Released,PillsberryDoughGirlSimple_C_2147482348
242.45192,Right Hand Grab,ApplePieCookbook_C_0
246.494949,Right Hand Grab,PieBowlSimple_C_2147482378
247.284164,Right Hand Released,PieBowlSimple_C_2147482378
247.983841,Right Hand Grab,PieBowlSimple_C_2147482378
250.225616,Right Hand Released,PieBowlSimple_C_2147482378
250.716339,Right Hand Grab,PieBowlSimple_C_2147482378
253.329788,Right Hand Released,PieBowlSimple_C_2147482378
256.34613,Left Hand Grab,PieBowlSimple_C_2147482378
256.401611,Right Hand Grab,PieBowlSimple_C_2147482378
257.515442,Right Hand Released,PieBowlSimple_C_2147482378
257.626434,Left Hand Released,PieBowlSimple_C_2147482378
257.926697,Left Hand Grab,PieBowlSimple_C_2147482378
258.657959,Left Hand Released,PieBowlSimple_C_2147482378
259.3797,Right Hand Grab,PieBowlSimple_C_2147482378
259.424408,Left Hand Grab,PieBowlSimple_C_2147482378
261.249512,Right Hand Released,PieBowlSimple_C_2147482378
261.271912,Left Hand Released,PieBowlSimple_C_2147482378
262.060699,Right Hand Grab,PieBowlSimple_C_2147482378
264.591125,Right Hand Released,PieBowlSimple_C_2147482378
267.603668,Right Hand Grab,PillsberryDoughBoySimple_C_2147482349
268.603149,Right Hand Released,PillsberryDoughBoySimple_C_2147482349
269.691803,Right Hand Grab,ApplePieCookbook_C_0
272.068726,Right Hand Grab,PiePanSimple_C_2147482381
276.763367,Right Hand Released,PiePanSimple_C_2147482381
277.564423,Right Hand Grab,oven_C_1
278.627594,Right Hand Grab,PiePanSimple_C_2147482381
280.273041,Right Hand Released,PiePanSimple_C_2147482381
281.351013,Right Hand Grab,oven_C_1
292.447205,Right Hand Grab,oven_C_1
294.729248,Right Hand Grab,None
295.9758,Right Hand Grab,PiePanSimple_C_2147482381
298.838684,Right Hand Released,PiePanSimple_C_2147482381
299.577881,Right Hand Grab,None
300.355286,Right Hand Grab,None
301.155243,Right Hand Grab,oven_C_1
303.8815,Right Hand Grab,None
304.762634,Right Hand Grab,None
305.817749,Right Hand Grab,ApplePieCookbook_C_0
311.199066,Right Hand Grab,Exit_C_1
