Session Time,Action Type,Interacted Object
8.167534,Right Hand Grab,ApplePieCookbook_C_0
14.232637,Right Hand Grab,ApplePieCookbook_C_0
22.364754,Right Hand Grab,SugarJarSimple_C_2147482373
23.397171,Right Hand Released,SugarJarSimple_C_2147482373
24.389807,Left Hand Grab,None
25.939974,Right Hand Grab,NewMeasuringCupSimple2_C_2147482378
43.649376,Right Hand Released,NewMeasuringCupSimple2_C_2147482378
44.161777,Right Hand Grab,None
45.326744,Right Hand Grab,NewMeasuringCupSimple2_C_2147482378
48.425503,Right Hand Released,NewMeasuringCupSimple2_C_2147482378
50.837059,Right Hand Grab,NewMeasuringCupSimple2_C_2147482378
52.31522,Right Hand Released,NewMeasuringCupSimple2_C_2147482378
56.348656,Right Hand Grab,None
57.903793,Right Hand Grab,NewMeasuringCupSimple2_C_2147482378
62.336636,Left Hand Grab,NewMeasuringCupSimple2_C_2147482378
63.645893,Right Hand Released,NewMeasuringCupSimple2_C_2147482378
69.611198,Left Hand Released,NewMeasuringCupSimple2_C_2147482378
70.612839,Right Hand Grab,NewMeasuringCupSimple2_C_2147482378
71.535492,Right Hand Released,NewMeasuringCupSimple2_C_2147482378
79.519653,Right Hand Grab,WaterPitcherSimple_C_2147482372
90.496239,Right Hand Released,WaterPitcherSimple_C_2147482372
96.872589,Right Hand Grab,NewMeasuringCupSimple2_C_2147482378
98.239677,Right Hand Released,NewMeasuringCupSimple2_C_2147482378
98.983879,Right Hand Grab,ButterHolderSimple_C_2147482375
100.118256,Right Hand Released,ButterHolderSimple_C_2147482375
101.094521,Right Hand Grab,Butter_C_2147482374
105.215828,Right Hand Released,Butter_C_2147482374
106.416603,Right Hand Grab,Butter_C_2147482368
116.123543,Right Hand Grab,Apple_C_2147482391
117.012993,Right Hand Released,Apple_C_2147482391
118.146835,Right Hand Grab,Apple_C_2147482365
119.17981,Right Hand Released,Apple_C_2147482365
120.025665,Right Hand Grab,Apple_C_2147482364
121.113861,Right Hand Released,Apple_C_2147482364
122.202988,Right Hand Grab,Apple_C_2147482363
123.302155,Right Hand Released,Apple_C_2147482363
126.370148,Right Hand Grab,Knife_C_4
128.177887,Chopped,Apple_C_2147482391
129.001266,Chopped,Apple_Half2_C_2147482360
129.723206,Chopped,Apple_Half2_C_2147482360
130.40213,Chopped,Apple_Half_C_2147482361
131.20195,Chopped,Apple_C_2147482365
131.824051,Chopped,Apple_Half2_C_2147482354
132.378922,Chopped,Apple_Half2_C_2147482354
132.956284,Chopped,Apple_Slice4_C_2147482352
134.411896,Chopped,Apple_Slice4_C_2147482352
135.011032,Chopped,Apple_Half_C_2147482355
135.733582,Chopped,Apple_C_2147482364
136.42157,Chopped,Apple_Slice4_C_2147482352
136.988647,Chopped,Apple_Half2_C_2147482348
138.033829,Chopped,Apple_Half_C_2147482349
138.767609,Chopped,Apple_C_2147482363
139.754974,Chopped,Apple_Half2_C_2147482342
140.576843,Chopped,Apple_Half_C_2147482343
141.087234,Right Hand Released,Knife_C_4
141.342285,Right Hand Grab,None
142.351166,Right Hand Grab,Knife_C_4
144.607056,Chopped,Apple_Half2_C_2147482342
145.29718,Right Hand Released,Knife_C_4
146.663574,Right Hand Grab,Knife_C_4
147.641388,Right Hand Released,Knife_C_4
148.440369,Right Hand Grab,Apple_Slice3_C_2147482339
149.507187,Right Hand Released,Apple_Slice3_C_2147482339
154.296021,Right Hand Grab,PieBowlSimple_C_2147482366
155.251755,Right Hand Released,PieBowlSimple_C_2147482366
158.907074,Right Hand Grab,ApplePieCookbook_C_0
162.371262,Right Hand Grab,PieBowlSimple_C_2147482366
165.896027,Right Hand Released,PieBowlSimple_C_2147482366
167.18251,Right Hand Grab,PieBowlSimple_C_2147482366
168.181534,Right Hand Released,PieBowlSimple_C_2147482366
169.026459,Right Hand Grab,Apple_Slice4_C_2147482338
170.035431,Right Hand Released,Apple_Slice4_C_2147482338
170.723877,Left Hand Grab,PieBowlSimple_C_2147482366
171.781708,Left Hand Released,PieBowlSimple_C_2147482366
172.581207,Right Hand Grab,Apple_Slice2_C_2147482344
173.411667,Right Hand Released,Apple_Slice2_C_2147482344
174.046051,Left Hand Grab,PieBowlSimple_C_2147482366
175.247238,Left Hand Released,PieBowlSimple_C_2147482366
176.069534,Left Hand Grab,Apple_Slice_C_2147482345
177.235748,Left Hand Released,Apple_Slice_C_2147482345
178.157257,Right Hand Grab,Apple_Slice_C_2147482341
178.823944,Right Hand Released,Apple_Slice_C_2147482341
179.212036,Left Hand Grab,Apple_Slice3_C_2147482347
180.323929,Left Hand Released,Apple_Slice3_C_2147482347
181.390549,Right Hand Grab,Apple_Slice2_C_2147482340
182.100189,Right Hand Released,Apple_Slice2_C_2147482340
182.411911,Left Hand Grab,Apple_Slice2_C_2147482356
183.301178,Left Hand Released,Apple_Slice2_C_2147482356
184.377792,Right Hand Grab,Apple_Slice2_C_2147482350
185.188614,Right Hand Released,Apple_Slice2_C_2147482350
186.254547,Left Hand Grab,Apple_Slice_C_2147482357
187.367722,Left Hand Released,Apple_Slice_C_2147482357
188.443512,Right Hand Grab,Apple_Slice4_C_2147482346
189.211487,Right Hand Released,Apple_Slice4_C_2147482346
189.611237,Left Hand Grab,Apple_Slice_C_2147482351
190.510666,Left Hand Released,Apple_Slice_C_2147482351
191.543228,Right Hand Grab,Apple_Slice3_C_2147482353
192.432693,Right Hand Released,Apple_Slice3_C_2147482353
193.408936,Left Hand Grab,Apple_Slice3_C_2147482359
194.309952,Left Hand Released,Apple_Slice3_C_2147482359
195.476486,Right Hand Grab,Apple_Slice4_C_2147482358
196.421783,Right Hand Released,Apple_Slice4_C_2147482358
196.577637,Left Hand Grab,Apple_Slice4_C_2147482352
197.631226,Left Hand Released,Apple_Slice4_C_2147482352
198.341461,Left Hand Grab,PieBowlSimple_C_2147482366
198.386475,Right Hand Grab,PieBowlSimple_C_2147482366
199.109665,Right Hand Released,PieBowlSimple_C_2147482366
199.209137,Left Hand Released,PieBowlSimple_C_2147482366
205.085281,Right Hand Grab,CinnyShakerGrabable_C_2147482376
207.986191,Right Hand Released,CinnyShakerGrabable_C_2147482376
209.163605,Right Hand Grab,CinnyShakerGrabable_C_2147482376
211.276611,Right Hand Released,CinnyShakerGrabable_C_2147482376
212.62117,Right Hand Grab,PieBowlSimple_C_2147482366
213.59906,Right Hand Released,PieBowlSimple_C_2147482366
215.250229,Right Hand Grab,CinnyShakerGrabable_C_2147482376
216.640228,Right Hand Released,CinnyShakerGrabable_C_2147482376
222.502945,Right Hand Grab,SaucePotSimple2_C_2147482377
227.183594,Right Hand Released,SaucePotSimple2_C_2147482377
228.962723,Right Hand Grab,None
229.650497,Right Hand Grab,None
231.762543,Right Hand Grab,ApplePieCookbook_C_0
234.784103,Right Hand Grab,WaterPitcherSimple_C_2147482372
235.680573,Right Hand Released,WaterPitcherSimple_C_2147482372
236.134171,Right Hand Grab,StirSpoonPieSImple_C_2147482371
239.094009,Right Hand Released,StirSpoonPieSImple_C_2147482371
241.071106,Right Hand Grab,StirSpoonPieSImple_C_2147482371
242.736832,Left Hand Grab,PieBowlSimple_C_2147482366
245.648209,Right Hand Released,StirSpoonPieSImple_C_2147482371
245.70372,Left Hand Released,PieBowlSimple_C_2147482366
246.837158,Left Hand Grab,PieBowlSimple_C_2147482366
247.081284,Right Hand Grab,StirSpoonPieSImple_C_2147482371
251.557709,Left Hand Released,PieBowlSimple_C_2147482366
251.791565,Right Hand Released,StirSpoonPieSImple_C_2147482371
254.591461,Right Hand Grab,PieBowlSimple_C_2147482366
255.511398,Right Hand Released,PieBowlSimple_C_2147482366
256.232422,Right Hand Grab,PillsberryDoughBoySimple_C_2147482337
261.978729,Right Hand Grab,ApplePieCookbook_C_0
265.177368,Right Hand Grab,PieBowlSimple_C_2147482366
267.787354,Right Hand Released,PieBowlSimple_C_2147482366
270.720612,Right Hand Grab,PillsberryDoughGirlSimple_C_2147482336
274.731781,Right Hand Grab,ApplePieCookbook_C_0
278.741577,Right Hand Grab,PiePanSimple_C_2147482369
286.727722,Left Hand Grab,oven_C_1
287.369415,Right Hand Released,PiePanSimple_C_2147482369
288.561737,Right Hand Grab,oven_C_1
292.046936,Right Hand Grab,PiePanSimple_C_2147482369
293.766113,Left Hand Grab,oven_C_1
295.338623,Right Hand Released,PiePanSimple_C_2147482369
297.194672,Right Hand Grab,None
298.506042,Right Hand Grab,oven_C_1
319.743713,Right Hand Grab,oven_C_1
321.700714,Right Hand Grab,oven_C_1
337.17453,Right Hand Grab,None
338.196442,Right Hand Grab,None
341.552216,Right Hand Grab,None
342.842133,Right Hand Grab,None
343.963593,Right Hand Grab,None
344.741669,Right Hand Grab,None
348.739166,Right Hand Grab,oven_C_1
352.893219,Right Hand Grab,PiePanSimple_C_2147482369
357.250183,Right Hand Released,PiePanSimple_C_2147482369
358.062347,Right Hand Grab,oven_C_1
360.938263,Right Hand Grab,None
361.994537,Left Hand Grab,None
362.893738,Left Hand Grab,None
369.681152,Right Hand Grab,oven_C_1
371.969849,Right Hand Grab,PiePanSimple_C_2147482369
374.500763,Right Hand Released,PiePanSimple_C_2147482369
374.711578,Right Hand Grab,PiePanSimple_C_2147482369
375.290131,Right Hand Released,PiePanSimple_C_2147482369
375.645782,Right Hand Grab,PiePanSimple_C_2147482369
376.435913,Right Hand Released,PiePanSimple_C_2147482369
376.758087,Left Hand Grab,PiePanSimple_C_2147482369
376.867737,Right Hand Grab,PiePanSimple_C_2147482369
378.50061,Right Hand Released,PiePanSimple_C_2147482369
379.009613,Left Hand Released,PiePanSimple_C_2147482369
381.575958,Right Hand Grab,oven_C_1
384.508636,Right Hand Grab,None
385.234192,Right Hand Grab,ApplePieCookbook_C_0
