Session Time,Action Type,Interacted Object
8.74157,Right Hand Grab,ApplePieCookbook_C_0
48.17905,Right Hand Grab,ApplePieCookbook_C_0
68.395615,Right Hand Grab,SugarJarSimple_C_2147482385
68.631279,Right Hand Released,SugarJarSimple_C_2147482385
70.146233,Right Hand Grab,SugarJarSimple_C_2147482385
71.239304,Right Hand Released,SugarJarSimple_C_2147482385
73.121628,Right Hand Grab,None
78.969078,Left Hand Grab,NewMeasuringCupSimple2_C_2147482390
80.215508,Left Hand Released,NewMeasuringCupSimple2_C_2147482390
80.681572,Left Hand Grab,NewMeasuringCupSimple2_C_2147482390
81.225479,Right Hand Grab,None
83.784683,Left Hand Released,NewMeasuringCupSimple2_C_2147482390
85.099373,Right Hand Grab,NewMeasuringCupSimple2_C_2147482390
90.435493,Right Hand Released,NewMeasuringCupSimple2_C_2147482390
93.173111,Right Hand Grab,NewMeasuringCupSimple2_C_2147482390
94.102806,Right Hand Released,NewMeasuringCupSimple2_C_2147482390
104.212204,Right Hand Grab,NewMeasuringCupSimple2_C_2147482390
107.001884,Right Hand Released,NewMeasuringCupSimple2_C_2147482390
108.189613,Right Hand Grab,NewMeasuringCupSimple2_C_2147482390
109.757401,Right Hand Released,NewMeasuringCupSimple2_C_2147482390
111.193031,Right Hand Grab,NewMeasuringCupSimple2_C_2147482390
112.731796,Right Hand Released,NewMeasuringCupSimple2_C_2147482390
115.89843,Right Hand Grab,None
117.944038,Right Hand Grab,NewMeasuringCupSimple2_C_2147482390
118.898781,Right Hand Released,NewMeasuringCupSimple2_C_2147482390
119.54335,Right Hand Grab,NewMeasuringCupSimple2_C_2147482390
121.442398,Right Hand Released,NewMeasuringCupSimple2_C_2147482390
122.086288,Right Hand Grab,NewMeasuringCupSimple2_C_2147482390
124.674561,Right Hand Released,NewMeasuringCupSimple2_C_2147482390
125.440781,Right Hand Grab,NewMeasuringCupSimple2_C_2147482390
126.58567,Right Hand Released,NewMeasuringCupSimple2_C_2147482390
127.586571,Right Hand Grab,None
130.772385,Right Hand Grab,NewMeasuringCupSimple2_C_2147482390
132.484375,Right Hand Released,NewMeasuringCupSimple2_C_2147482390
133.296982,Right Hand Grab,NewMeasuringCupSimple2_C_2147482390
134.039368,Right Hand Released,NewMeasuringCupSimple2_C_2147482390
134.350739,Right Hand Grab,NewMeasuringCupSimple2_C_2147482390
136.528091,Right Hand Released,NewMeasuringCupSimple2_C_2147482390
137.505371,Right Hand Grab,NewMeasuringCupSimple2_C_2147482390
138.81778,Right Hand Released,NewMeasuringCupSimple2_C_2147482390
141.304718,Right Hand Grab,NewMeasuringCupSimple2_C_2147482390
143.804993,Right Hand Released,NewMeasuringCupSimple2_C_2147482390
144.727295,Right Hand Grab,NewMeasuringCupSimple2_C_2147482390
145.971893,Right Hand Released,NewMeasuringCupSimple2_C_2147482390
147.326645,Right Hand Grab,NewMeasuringCupSimple2_C_2147482390
149.802917,Right Hand Released,NewMeasuringCupSimple2_C_2147482390
150.469482,Right Hand Grab,NewMeasuringCupSimple2_C_2147482390
154.092133,Right Hand Released,NewMeasuringCupSimple2_C_2147482390
154.370392,Right Hand Grab,NewMeasuringCupSimple2_C_2147482390
155.75827,Right Hand Released,NewMeasuringCupSimple2_C_2147482390
155.804108,Right Hand Grab,NewMeasuringCupSimple2_C_2147482390
155.825729,Right Hand Released,NewMeasuringCupSimple2_C_2147482390
155.914902,Right Hand Grab,NewMeasuringCupSimple2_C_2147482390
155.936996,Right Hand Released,NewMeasuringCupSimple2_C_2147482390
156.025711,Right Hand Grab,None
156.136719,Right Hand Grab,None
156.249359,Right Hand Grab,None
156.358948,Right Hand Grab,None
156.47023,Right Hand Grab,None
156.579849,Right Hand Grab,None
156.688675,Right Hand Grab,None
157.845108,Right Hand Grab,NewMeasuringCupSimple2_C_2147482390
158.867203,Right Hand Released,NewMeasuringCupSimple2_C_2147482390
159.344757,Right Hand Grab,NewMeasuringCupSimple2_C_2147482390
161.035446,Right Hand Released,NewMeasuringCupSimple2_C_2147482390
161.629944,Right Hand Grab,NewMeasuringCupSimple2_C_2147482390
163.419113,Right Hand Released,NewMeasuringCupSimple2_C_2147482390
163.977798,Right Hand Grab,NewMeasuringCupSimple2_C_2147482390
165.056259,Right Hand Released,NewMeasuringCupSimple2_C_2147482390
165.567459,Right Hand Grab,NewMeasuringCupSimple2_C_2147482390
166.62262,Right Hand Released,NewMeasuringCupSimple2_C_2147482390
167.321365,Right Hand Grab,NewMeasuringCupSimple2_C_2147482390
169.077667,Right Hand Released,NewMeasuringCupSimple2_C_2147482390
169.637283,Right Hand Grab,NewMeasuringCupSimple2_C_2147482390
171.344894,Right Hand Released,NewMeasuringCupSimple2_C_2147482390
171.955917,Right Hand Grab,NewMeasuringCupSimple2_C_2147482390
173.987747,Right Hand Released,NewMeasuringCupSimple2_C_2147482390
174.676758,Right Hand Grab,NewMeasuringCupSimple2_C_2147482390
175.953232,Right Hand Released,NewMeasuringCupSimple2_C_2147482390
176.387085,Right Hand Grab,NewMeasuringCupSimple2_C_2147482390
179.786804,Right Hand Released,NewMeasuringCupSimple2_C_2147482390
180.940735,Right Hand Grab,NewMeasuringCupSimple2_C_2147482390
182.451981,Right Hand Released,NewMeasuringCupSimple2_C_2147482390
184.96991,Right Hand Grab,NewMeasuringCupSimple2_C_2147482390
186.917572,Right Hand Released,NewMeasuringCupSimple2_C_2147482390
190.460068,Right Hand Grab,NewMeasuringCupSimple2_C_2147482390
193.66156,Right Hand Released,NewMeasuringCupSimple2_C_2147482390
195.118393,Right Hand Grab,NewMeasuringCupSimple2_C_2147482390
200.159927,Right Hand Released,NewMeasuringCupSimple2_C_2147482390
202.195099,Right Hand Grab,NewMeasuringCupSimple2_C_2147482390
209.5681,Right Hand Released,NewMeasuringCupSimple2_C_2147482390
211.561279,Right Hand Grab,NewMeasuringCupSimple2_C_2147482390
224.279907,Right Hand Released,NewMeasuringCupSimple2_C_2147482390
232.321793,Right Hand Grab,WaterPitcherSimple_C_2147482384
238.732742,Right Hand Released,WaterPitcherSimple_C_2147482384
240.498901,Right Hand Grab,None
254.360092,Right Hand Grab,ButterHolderSimple_C_2147482387
255.738434,Right Hand Released,ButterHolderSimple_C_2147482387
259.891418,Right Hand Grab,Knife_C_4
260.971252,Right Hand Released,Knife_C_4
263.270233,Right Hand Grab,None
264.860565,Right Hand Grab,Butter_C_2147482386
266.892975,Right Hand Released,Butter_C_2147482386
268.148987,Right Hand Grab,None
269.491852,Right Hand Grab,Butter_C_2147482380
271.170349,Right Hand Released,Butter_C_2147482380
276.201874,Right Hand Grab,Apple_C_2147482400
278.41275,Right Hand Released,Apple_C_2147482400
280.168671,Right Hand Grab,PieBowlSimple_C_2147482378
281.203339,Right Hand Released,PieBowlSimple_C_2147482378
283.109589,Right Hand Grab,PieBowlSimple_C_2147482378
284.401031,Right Hand Released,PieBowlSimple_C_2147482378
285.679169,Right Hand Grab,PieBowlSimple_C_2147482378
288.128845,Right Hand Released,PieBowlSimple_C_2147482378
290.088623,Right Hand Grab,PieBowlSimple_C_2147482378
291.078796,Right Hand Released,PieBowlSimple_C_2147482378
291.521881,Right Hand Grab,PieBowlSimple_C_2147482378
292.798859,Right Hand Released,PieBowlSimple_C_2147482378
299.774017,Right Hand Grab,PieBowlSimple_C_2147482378
301.382416,Right Hand Released,PieBowlSimple_C_2147482378
302.519104,Right Hand Grab,PieBowlSimple_C_2147482378
303.230377,Right Hand Released,PieBowlSimple_C_2147482378
305.529907,Right Hand Grab,PieBowlSimple_C_2147482378
307.305511,Right Hand Released,PieBowlSimple_C_2147482378
310.267975,Right Hand Grab,Apple_C_2147482377
311.973267,Right Hand Released,Apple_C_2147482377
318.082855,Right Hand Grab,Apple_C_2147482398
320.004883,Right Hand Released,Apple_C_2147482398
321.316925,Right Hand Grab,Apple_C_2147482397
323.904755,Right Hand Released,Apple_C_2147482397
325.627594,Right Hand Grab,Apple_C_2147482399
327.304077,Right Hand Released,Apple_C_2147482399
329.011017,Right Hand Grab,Knife_C_4
331.145172,Chopped,Apple_C_2147482397
332.247009,Chopped,Apple_Half_C_2147482372
332.780487,Chopped,Apple_Half2_C_2147482371
333.981354,Chopped,Apple_C_2147482399
335.170135,Chopped,Apple_Half_C_2147482366
336.46814,Chopped,Apple_Slice_C_2147482364
337.444427,Chopped,Apple_Half2_C_2147482365
338.793945,Chopped,Apple_C_2147482398
340.808075,Chopped,Apple_Half_C_2147482360
342.244476,Chopped,Apple_Half2_C_2147482359
343.357483,Chopped,Apple_C_2147482377
345.412109,Chopped,Apple_Half_C_2147482354
346.312561,Right Hand Released,Knife_C_4
349.226471,Right Hand Grab,Apple_Slice4_C_2147482367
355.530884,Right Hand Grab,Apple_Slice_C_2147482352
357.309967,Right Hand Released,Apple_Slice_C_2147482352
358.558105,Right Hand Grab,Apple_Slice2_C_2147482363
359.807343,Right Hand Released,Apple_Slice2_C_2147482363
360.906921,Right Hand Grab,Apple_Slice_C_2147482364
361.962952,Right Hand Released,Apple_Slice_C_2147482364
362.917023,Right Hand Grab,Apple_Slice2_C_2147482351
363.906586,Right Hand Released,Apple_Slice2_C_2147482351
364.738464,Right Hand Grab,Apple_Slice3_C_2147482368
365.617035,Right Hand Released,Apple_Slice3_C_2147482368
366.516663,Right Hand Grab,Apple_Slice2_C_2147482369
368.240356,Right Hand Released,Apple_Slice2_C_2147482369
368.983215,Right Hand Grab,Apple_Slice_C_2147482370
370.17218,Right Hand Released,Apple_Slice_C_2147482370
371.083405,Right Hand Grab,Apple_Slice4_C_2147482361
372.317627,Right Hand Released,Apple_Slice4_C_2147482361
373.256165,Right Hand Grab,Apple_Slice2_C_2147482357
374.48056,Right Hand Released,Apple_Slice2_C_2147482357
375.458008,Right Hand Grab,Apple_Half2_C_2147482353
376.760223,Right Hand Released,Apple_Half2_C_2147482353
378.648682,Right Hand Grab,Knife_C_4
378.716522,Chopped,Apple_Slice_C_2147482358
381.042755,Chopped,Apple_Half2_C_2147482353
381.897583,Right Hand Released,Knife_C_4
383.230469,Right Hand Grab,Apple_Slice_C_2147482358
384.59375,Right Hand Released,Apple_Slice_C_2147482358
385.335083,Right Hand Grab,Apple_Slice3_C_2147482350
386.235443,Right Hand Released,Apple_Slice3_C_2147482350
386.80191,Right Hand Grab,Apple_Slice4_C_2147482349
387.806458,Right Hand Released,Apple_Slice4_C_2147482349
388.707031,Right Hand Grab,Apple_Slice3_C_2147482362
389.600098,Right Hand Released,Apple_Slice3_C_2147482362
390.401245,Right Hand Grab,Apple_Slice4_C_2147482355
391.214447,Right Hand Released,Apple_Slice4_C_2147482355
392.001373,Right Hand Grab,Apple_Slice3_C_2147482356
392.855225,Right Hand Released,Apple_Slice3_C_2147482356
397.852448,Right Hand Grab,Apple_C_2147482376
399.039215,Right Hand Released,Apple_C_2147482376
400.224854,Right Hand Grab,Knife_C_4
402.289825,Chopped,Apple_C_2147482376
404.108582,Right Hand Released,Knife_C_4
404.796783,Right Hand Grab,Knife_C_4
406.13446,Chopped,Apple_Half_C_2147482347
406.711945,Right Hand Released,Knife_C_4
408.410187,Right Hand Grab,Apple_Half2_C_2147482346
409.667419,Right Hand Released,Apple_Half2_C_2147482346
410.642517,Right Hand Grab,Apple_Slice2_C_2147482344
413.321503,Right Hand Released,Apple_Slice2_C_2147482344
414.000153,Right Hand Grab,Apple_Slice_C_2147482345
414.777344,Right Hand Released,Apple_Slice_C_2147482345
416.161896,Right Hand Grab,None
417.267029,Right Hand Grab,Knife_C_4
418.866089,Right Hand Released,Knife_C_4
420.24411,Right Hand Grab,Apple_Slice_C_2147482345
421.28656,Right Hand Released,Apple_Slice_C_2147482345
425.542206,Right Hand Grab,None
427.741852,Right Hand Grab,None
435.618378,Right Hand Grab,ApplePieCookbook_C_0
446.87204,Right Hand Grab,Knife_C_4
447.632019,Right Hand Released,Knife_C_4
448.523193,Right Hand Grab,Knife_C_4
449.249481,Right Hand Released,Knife_C_4
451.247498,Right Hand Grab,CinnyShakerGrabable_C_2147482388
456.545105,Right Hand Released,CinnyShakerGrabable_C_2147482388
460.708282,Right Hand Grab,CinnyShakerGrabable_C_2147482388
461.390167,Right Hand Released,CinnyShakerGrabable_C_2147482388
462.169525,Right Hand Grab,CinnyShakerGrabable_C_2147482388
462.913452,Right Hand Released,CinnyShakerGrabable_C_2147482388
463.908783,Right Hand Grab,CinnyShakerGrabable_C_2147482388
464.697723,Right Hand Released,CinnyShakerGrabable_C_2147482388
465.34549,Right Hand Grab,CinnyShakerGrabable_C_2147482388
467.48996,Right Hand Released,CinnyShakerGrabable_C_2147482388
474.778839,Right Hand Grab,SaucePotSimple2_C_2147482389
479.055542,Right Hand Released,SaucePotSimple2_C_2147482389
483.16922,Right Hand Grab,SaucePotSimple2_C_2147482389
485.821259,Right Hand Released,SaucePotSimple2_C_2147482389
490.388062,Right Hand Grab,ApplePieCookbook_C_0
496.137878,Right Hand Grab,CinnyShakerGrabable_C_2147482388
496.671143,Right Hand Released,CinnyShakerGrabable_C_2147482388
497.783508,Right Hand Grab,CinnyShakerGrabable_C_2147482388
498.427765,Right Hand Released,CinnyShakerGrabable_C_2147482388
498.917236,Right Hand Grab,CinnyShakerGrabable_C_2147482388
499.439545,Right Hand Released,CinnyShakerGrabable_C_2147482388
499.905792,Right Hand Grab,CinnyShakerGrabable_C_2147482388
500.639618,Right Hand Released,CinnyShakerGrabable_C_2147482388
501.216797,Right Hand Grab,CinnyShakerGrabable_C_2147482388
501.884521,Right Hand Released,CinnyShakerGrabable_C_2147482388
502.960663,Right Hand Grab,StirSpoonPieSImple_C_2147482383
544.063843,Right Hand Released,StirSpoonPieSImple_C_2147482383
554.530334,Right Hand Grab,PiePanSimple_C_2147482381
556.17218,Right Hand Released,PiePanSimple_C_2147482381
558.33374,Right Hand Grab,StirSpoonPieSImple_C_2147482383
559.659119,Right Hand Released,StirSpoonPieSImple_C_2147482383
560.682068,Right Hand Grab,StirSpoonPieSImple_C_2147482383
561.927917,Right Hand Released,StirSpoonPieSImple_C_2147482383
564.171448,Right Hand Grab,PillsberryDoughGirlSimple_C_2147482342
569.700439,Right Hand Grab,ApplePieCookbook_C_0
576.20105,Right Hand Grab,PieBowlSimple_C_2147482378
577.104126,Right Hand Released,PieBowlSimple_C_2147482378
582.049133,Right Hand Grab,PieBowlSimple_C_2147482378
586.780518,Right Hand Released,PieBowlSimple_C_2147482378
590.685913,Right Hand Grab,PillsberryDoughBoySimple_C_2147482343
597.033508,Right Hand Grab,ApplePieCookbook_C_0
601.989075,Right Hand Grab,PiePanSimple_C_2147482381
605.829895,Right Hand Released,PiePanSimple_C_2147482381
607.505737,Right Hand Grab,oven_C_1
609.605469,Right Hand Grab,StirSpoonPieSImple_C_2147482383
610.371643,Right Hand Released,StirSpoonPieSImple_C_2147482383
611.394104,Right Hand Grab,Knife_C_4
613.081177,Right Hand Released,Knife_C_4
614.346313,Right Hand Grab,PiePanSimple_C_2147482381
617.471008,Right Hand Released,PiePanSimple_C_2147482381
619.169373,Right Hand Grab,PiePanSimple_C_2147482381
619.993774,Right Hand Released,PiePanSimple_C_2147482381
624.380127,Right Hand Grab,oven_C_1
637.621277,Right Hand Grab,oven_C_1
640.450745,Right Hand Grab,PiePanSimple_C_2147482381
644.009155,Right Hand Released,PiePanSimple_C_2147482381
645.395386,Right Hand Grab,oven_C_1
648.3172,Right Hand Grab,None
649.315125,Right Hand Grab,ApplePieCookbook_C_0
663.872375,Right Hand Grab,Exit_C_1
