Session Time,Action Type,Interacted Object
6.326388,Right Hand Grab,ApplePieCookbook_C_0
12.215217,Right Hand Grab,None
13.849139,Right Hand Grab,ApplePieCookbook_C_0
22.400694,Left Hand Grab,SugarJarSimple_C_2147482373
23.621077,Left Hand Released,SugarJarSimple_C_2147482373
25.890135,Left Hand Grab,NewMeasuringCupSimple2_C_2147482378
37.455193,Left Hand Released,NewMeasuringCupSimple2_C_2147482378
38.755142,Left Hand Grab,None
40.332428,Left Hand Grab,NewMeasuringCupSimple2_C_2147482378
40.798344,Left Hand Released,NewMeasuringCupSimple2_C_2147482378
41.81044,Left Hand Grab,None
44.077602,Left Hand Grab,NewMeasuringCupSimple2_C_2147482378
49.152824,Left Hand Released,NewMeasuringCupSimple2_C_2147482378
51.319595,Left Hand Grab,NewMeasuringCupSimple2_C_2147482378
54.251793,Left Hand Released,NewMeasuringCupSimple2_C_2147482378
56.21463,Left Hand Grab,NewMeasuringCupSimple2_C_2147482378
62.578087,Left Hand Released,NewMeasuringCupSimple2_C_2147482378
66.205658,Left Hand Grab,NewMeasuringCupSimple2_C_2147482378
67.316971,Left Hand Released,NewMeasuringCupSimple2_C_2147482378
68.9907,Right Hand Grab,WaterPitcherSimple_C_2147482372
78.603851,Right Hand Released,WaterPitcherSimple_C_2147482372
79.675781,Right Hand Grab,WaterPitcherSimple_C_2147482372
80.879349,Right Hand Released,WaterPitcherSimple_C_2147482372
83.911446,Right Hand Grab,Apple_C_2147482386
85.25779,Right Hand Released,Apple_C_2147482386
89.477798,Left Hand Grab,ButterHolderSimple_C_2147482375
90.35553,Left Hand Released,ButterHolderSimple_C_2147482375
92.811874,Left Hand Grab,Butter_C_2147482374
94.856621,Left Hand Released,Butter_C_2147482374
96.278175,Left Hand Grab,Butter_C_2147482368
103.709946,Right Hand Grab,Apple_C_2147482386
105.320381,Right Hand Released,Apple_C_2147482386
106.220779,Right Hand Grab,PieBowlSimple_C_2147482366
108.064743,Left Hand Grab,None
110.63221,Right Hand Released,PieBowlSimple_C_2147482366
112.142273,Right Hand Grab,Knife_C_4
115.840813,Right Hand Released,Knife_C_4
116.585274,Right Hand Grab,None
117.674698,Right Hand Grab,PieBowlSimple_C_2147482366
118.486176,Right Hand Released,PieBowlSimple_C_2147482366
120.138298,Right Hand Grab,Apple_C_2147482388
121.462502,Right Hand Released,Apple_C_2147482388
122.340469,Right Hand Grab,Knife_C_4
123.047981,Chopped,Apple_C_2147482388
123.658951,Right Hand Released,Knife_C_4
124.789803,Right Hand Grab,Apple_C_2147482365
126.328117,Right Hand Released,Apple_C_2147482365
128.128204,Right Hand Grab,StirSpoonPieSImple_C_2147482371
129.005722,Right Hand Released,StirSpoonPieSImple_C_2147482371
129.771835,Right Hand Grab,Knife_C_4
131.072464,Chopped,Apple_Half_C_2147482363
131.982834,Chopped,Apple_Slice2_C_2147482359
132.894409,Chopped,Apple_Slice2_C_2147482359
133.348969,Right Hand Released,Knife_C_4
134.509979,Right Hand Grab,Apple_C_2147482365
135.691925,Right Hand Released,Apple_C_2147482365
136.626602,Right Hand Grab,Apple_Slice2_C_2147482359
138.048569,Right Hand Released,Apple_Slice2_C_2147482359
138.68158,Right Hand Grab,Apple_Slice_C_2147482360
139.441376,Right Hand Released,Apple_Slice_C_2147482360
140.169891,Right Hand Grab,Apple_Half2_C_2147482362
141.628754,Right Hand Released,Apple_Half2_C_2147482362
142.370789,Right Hand Grab,Knife_C_4
143.126846,Chopped,Apple_Half2_C_2147482362
144.045853,Right Hand Released,Knife_C_4
144.65683,Right Hand Grab,Apple_Slice4_C_2147482357
145.547195,Right Hand Released,Apple_Slice4_C_2147482357
145.89119,Right Hand Grab,Apple_C_2147482365
147.066071,Right Hand Released,Apple_C_2147482365
148.593338,Right Hand Grab,Apple_C_2147482365
149.143951,Right Hand Released,Apple_C_2147482365
150.045517,Right Hand Grab,Apple_C_2147482365
150.611877,Right Hand Released,Apple_C_2147482365
151.512421,Right Hand Grab,Apple_C_2147482365
152.134979,Right Hand Released,Apple_C_2147482365
152.434708,Right Hand Grab,Apple_C_2147482365
153.079758,Right Hand Released,Apple_C_2147482365
153.823303,Right Hand Grab,Apple_Slice3_C_2147482358
154.7686,Right Hand Released,Apple_Slice3_C_2147482358
155.63356,Right Hand Grab,Apple_C_2147482365
156.466949,Right Hand Released,Apple_C_2147482365
156.956573,Right Hand Grab,Knife_C_4
157.60083,Chopped,Apple_C_2147482365
158.573578,Chopped,Apple_Half_C_2147482356
159.354309,Right Hand Released,Knife_C_4
160.765945,Right Hand Grab,None
161.655411,Right Hand Grab,Apple_Half_C_2147482356
162.321838,Right Hand Released,Apple_Half_C_2147482356
162.865997,Right Hand Grab,Knife_C_4
163.632675,Chopped,Apple_Half_C_2147482356
164.454483,Chopped,Apple_Half2_C_2147482355
164.944824,Right Hand Released,Knife_C_4
166.154037,Right Hand Grab,Apple_Slice3_C_2147482352
166.888229,Right Hand Released,Apple_Slice3_C_2147482352
167.487793,Right Hand Grab,Apple_Slice4_C_2147482351
168.243057,Right Hand Released,Apple_Slice4_C_2147482351
168.909668,Right Hand Grab,Apple_Slice2_C_2147482353
169.721191,Right Hand Released,Apple_Slice2_C_2147482353
170.364838,Right Hand Grab,Apple_Slice_C_2147482354
170.975739,Right Hand Released,Apple_Slice_C_2147482354
172.331436,Right Hand Grab,Apple_C_2147482364
173.397766,Right Hand Released,Apple_C_2147482364
174.137802,Right Hand Grab,StirSpoonPieSImple_C_2147482371
175.041382,Right Hand Released,StirSpoonPieSImple_C_2147482371
175.762726,Right Hand Grab,Knife_C_4
176.607697,Chopped,Apple_C_2147482364
177.675049,Right Hand Released,Knife_C_4
178.307907,Right Hand Grab,Apple_Half_C_2147482349
178.907898,Right Hand Released,Apple_Half_C_2147482349
179.497009,Right Hand Grab,Knife_C_4
180.086014,Chopped,Apple_Half_C_2147482349
180.829926,Chopped,Apple_Half2_C_2147482348
181.163116,Right Hand Released,Knife_C_4
182.484863,Right Hand Grab,Apple_Slice_C_2147482347
183.380249,Right Hand Released,Apple_Slice_C_2147482347
184.237396,Right Hand Grab,Apple_Slice2_C_2147482346
185.184525,Right Hand Released,Apple_Slice2_C_2147482346
185.70668,Right Hand Grab,Apple_Slice3_C_2147482345
186.560242,Right Hand Released,Apple_Slice3_C_2147482345
187.404846,Right Hand Grab,Apple_Slice4_C_2147482344
187.994431,Right Hand Released,Apple_Slice4_C_2147482344
189.65007,Right Hand Grab,Apple_C_2147482361
191.094406,Right Hand Released,Apple_C_2147482361
192.006348,Right Hand Grab,Knife_C_4
192.7052,Chopped,Apple_C_2147482361
193.427155,Right Hand Released,Knife_C_4
194.194809,Right Hand Grab,Apple_Half_C_2147482342
195.063004,Right Hand Released,Apple_Half_C_2147482342
195.888382,Right Hand Grab,Knife_C_4
196.488113,Chopped,Apple_Half_C_2147482342
197.62529,Right Hand Released,Knife_C_4
198.637024,Right Hand Grab,Knife_C_4
199.288956,Chopped,Apple_Half2_C_2147482341
200.075775,Right Hand Released,Knife_C_4
200.765015,Right Hand Grab,Knife_C_4
202.014297,Right Hand Released,Knife_C_4
202.802795,Right Hand Grab,Apple_Slice2_C_2147482339
204.343567,Right Hand Released,Apple_Slice2_C_2147482339
204.532242,Right Hand Grab,None
205.31485,Right Hand Grab,Apple_Slice2_C_2147482339
206.607971,Right Hand Released,Apple_Slice2_C_2147482339
207.60994,Right Hand Grab,Apple_Slice_C_2147482340
208.845047,Right Hand Released,Apple_Slice_C_2147482340
209.589539,Right Hand Grab,Apple_Slice3_C_2147482338
213.013153,Right Hand Released,Apple_Slice3_C_2147482338
213.601364,Right Hand Grab,Apple_Slice4_C_2147482337
214.523376,Right Hand Released,Apple_Slice4_C_2147482337
216.689178,Right Hand Grab,PieBowlSimple_C_2147482366
221.665924,Right Hand Released,PieBowlSimple_C_2147482366
223.538864,Right Hand Grab,ApplePieCookbook_C_0
229.02002,Right Hand Grab,CinnyShakerGrabable_C_2147482376
233.58725,Right Hand Released,CinnyShakerGrabable_C_2147482376
240.295853,Right Hand Grab,SaucePotSimple2_C_2147482377
244.513107,Right Hand Released,SaucePotSimple2_C_2147482377
247.597885,Right Hand Grab,ApplePieCookbook_C_0
248.228928,Right Hand Grab,None
252.391602,Right Hand Grab,StirSpoonPieSImple_C_2147482371
259.182526,Left Hand Grab,None
261.859375,Right Hand Released,StirSpoonPieSImple_C_2147482371
271.608673,Left Hand Grab,None
274.765533,Right Hand Grab,None
276.089294,Left Hand Grab,None
277.487183,Left Hand Grab,ButterHolderSimple_C_2147482375
279.411469,Left Hand Released,ButterHolderSimple_C_2147482375
280.399261,Left Hand Grab,StirSpoonPieSImple_C_2147482371
281.987976,Left Hand Released,StirSpoonPieSImple_C_2147482371
282.365723,Left Hand Grab,StirSpoonPieSImple_C_2147482371
283.010071,Left Hand Released,StirSpoonPieSImple_C_2147482371
283.375946,Left Hand Grab,StirSpoonPieSImple_C_2147482371
283.920807,Left Hand Released,StirSpoonPieSImple_C_2147482371
285.009247,Right Hand Grab,StirSpoonPieSImple_C_2147482371
307.384033,Right Hand Released,StirSpoonPieSImple_C_2147482371
310.348175,Right Hand Grab,PieBowlSimple_C_2147482366
311.405365,Right Hand Released,PieBowlSimple_C_2147482366
313.547974,Left Hand Grab,PillsberryDoughGirlSimple_C_2147482335
318.371368,Right Hand Grab,PieBowlSimple_C_2147482366
321.813477,Right Hand Released,PieBowlSimple_C_2147482366
323.071228,Right Hand Grab,PillsberryDoughBoySimple_C_2147482336
328.606995,Right Hand Grab,ApplePieCookbook_C_0
333.280579,Right Hand Grab,ApplePieCookbook_C_0
340.956299,Right Hand Grab,oven_C_1
343.855194,Right Hand Grab,PiePanSimple_C_2147482369
346.90625,Right Hand Released,PiePanSimple_C_2147482369
348.576294,Right Hand Grab,None
350.054291,Right Hand Grab,oven_C_1
362.927307,Right Hand Grab,oven_C_1
365.98291,Right Hand Grab,None
367.116974,Right Hand Grab,PiePanSimple_C_2147482369
369.356506,Right Hand Released,PiePanSimple_C_2147482369
372.568634,Right Hand Grab,None
374.369507,Right Hand Grab,None
375.757202,Right Hand Grab,oven_C_1
377.623993,Right Hand Grab,None
378.904175,Right Hand Grab,ApplePieCookbook_C_0
