Session Time,Action Type,Interacted Object
7.862499,Right Hand Grab,None
9.128106,Right Hand Grab,None
10.501829,Right Hand Grab,None
14.183489,Right Hand Grab,None
14.461099,Right Hand Grab,None
14.672199,Right Hand Grab,None
15.072233,Right Hand Grab,None
15.627643,Right Hand Grab,None
15.849701,Right Hand Grab,None
19.171751,Right Hand Grab,None
19.449463,Right Hand Grab,None
20.504257,Right Hand Grab,None
20.737478,Right Hand Grab,None
20.926697,Right Hand Grab,None
21.115557,Right Hand Grab,None
22.371099,Right Hand Grab,None
34.968655,Left Hand Grab,None
35.257393,Left Hand Grab,None
39.666965,Left Hand Grab,None
40.088638,Left Hand Grab,None
40.389324,Left Hand Grab,None
40.621967,Left Hand Grab,None
47.243633,Right Hand Grab,None
47.866302,Left Hand Grab,None
60.263855,Right Hand Grab,ApplePieCookbook_C_0
74.360161,Right Hand Grab,None
76.84935,Right Hand Grab,ApplePieCookbook_C_0
78.746864,Left Hand Grab,None
79.959709,Left Hand Grab,ApplePieCookbook_C_0
88.889076,Right Hand Grab,ApplePieCookbook_C_0
109.166634,Left Hand Grab,SaucePotSimple2_C_2147482389
110.844208,Left Hand Released,SaucePotSimple2_C_2147482389
112.176506,Left Hand Grab,SugarJarSimple_C_2147482385
114.569664,Left Hand Released,SugarJarSimple_C_2147482385
116.162865,Left Hand Grab,NewMeasuringCupSimple2_C_2147482390
124.330284,Left Hand Released,NewMeasuringCupSimple2_C_2147482390
128.138626,Right Hand Grab,WaterPitcherSimple_C_2147482384
136.88913,Right Hand Released,WaterPitcherSimple_C_2147482384
139.980606,Left Hand Grab,ButterHolderSimple_C_2147482387
141.096359,Left Hand Released,ButterHolderSimple_C_2147482387
142.049316,Left Hand Grab,SaucePotSimple2_C_2147482389
143.445343,Left Hand Released,SaucePotSimple2_C_2147482389
144.580627,Left Hand Grab,Butter_C_2147482386
145.671509,Left Hand Released,Butter_C_2147482386
146.770645,Left Hand Grab,SaucePotSimple2_C_2147482389
147.915695,Left Hand Released,SaucePotSimple2_C_2147482389
148.715683,Left Hand Grab,SaucePotSimple2_C_2147482389
149.480804,Left Hand Released,SaucePotSimple2_C_2147482389
150.325668,Left Hand Grab,Butter_C_2147482386
157.955627,Right Hand Grab,None
169.972473,Left Hand Grab,Butter_C_2147482380
172.055115,Left Hand Released,Butter_C_2147482380
176.132278,Left Hand Grab,SaucePotSimple2_C_2147482389
176.831146,Left Hand Released,SaucePotSimple2_C_2147482389
177.56131,Right Hand Grab,PieBowlSimple_C_2147482378
178.430908,Right Hand Released,PieBowlSimple_C_2147482378
180.863556,Right Hand Grab,PieBowlSimple_C_2147482378
182.408585,Right Hand Released,PieBowlSimple_C_2147482378
185.762238,Right Hand Grab,Butter_C_2147482380
186.318832,Right Hand Released,Butter_C_2147482380
187.085114,Right Hand Grab,PieBowlSimple_C_2147482378
189.051392,Right Hand Released,PieBowlSimple_C_2147482378
189.374832,Left Hand Grab,None
194.238922,Right Hand Grab,SaucePotSimple2_C_2147482389
196.573532,Right Hand Released,SaucePotSimple2_C_2147482389
198.093933,Left Hand Grab,PieBowlSimple_C_2147482378
201.094971,Left Hand Released,PieBowlSimple_C_2147482378
215.169006,Left Hand Grab,PieBowlSimple_C_2147482378
215.235825,Right Hand Grab,PieBowlSimple_C_2147482378
216.081528,Left Hand Released,PieBowlSimple_C_2147482378
216.092651,Right Hand Released,PieBowlSimple_C_2147482378
217.479004,Right Hand Grab,Apple_C_2147482396
218.257568,Right Hand Released,Apple_C_2147482396
218.85672,Right Hand Grab,None
220.24704,Right Hand Grab,Apple_C_2147482400
221.788788,Right Hand Released,Apple_C_2147482400
223.522598,Right Hand Grab,Knife_C_4
225.057419,Chopped,Apple_C_2147482400
225.889923,Chopped,Apple_Half_C_2147482376
227.189743,Chopped,Apple_Half_C_2147482376
228.92215,Left Hand Grab,Apple_Half2_C_2147482375
229.387863,Chopped,Apple_Slice_C_2147482374
229.655273,Left Hand Released,Apple_Half2_C_2147482375
230.177094,Chopped,Apple_Half2_C_2147482375
230.499146,Right Hand Released,Knife_C_4
232.232239,Left Hand Grab,Knife_C_4
232.254196,Right Hand Grab,Knife_C_4
232.674438,Right Hand Released,Knife_C_4
232.696396,Left Hand Released,Knife_C_4
233.642776,Left Hand Grab,Apple_Slice2_C_2147482373
233.676132,Right Hand Grab,Apple_Slice2_C_2147482373
234.376953,Left Hand Released,Apple_Slice2_C_2147482373
234.420624,Right Hand Released,Apple_Slice2_C_2147482373
235.254013,Right Hand Grab,Apple_Slice3_C_2147482372
235.820984,Right Hand Released,Apple_Slice3_C_2147482372
236.96492,Left Hand Grab,Apple_Slice4_C_2147482371
237.454178,Left Hand Released,Apple_Slice4_C_2147482371
237.854095,Right Hand Grab,Knife_C_4
237.976151,Chopped,Apple_Slice_C_2147482374
239.052475,Right Hand Released,Knife_C_4
239.785919,Right Hand Grab,Apple_Slice_C_2147482374
240.397964,Right Hand Released,Apple_Slice_C_2147482374
241.630966,Right Hand Grab,Apple_C_2147482396
242.7966,Right Hand Released,Apple_C_2147482396
243.473572,Right Hand Grab,Knife_C_4
244.273483,Chopped,Apple_C_2147482396
245.029419,Chopped,Apple_Half_C_2147482369
245.685669,Right Hand Released,Knife_C_4
246.418915,Left Hand Grab,Apple_Half_C_2147482369
246.863556,Left Hand Released,Apple_Half_C_2147482369
247.514221,Right Hand Grab,Knife_C_4
248.047516,Chopped,Apple_Half2_C_2147482368
248.550568,Right Hand Released,Knife_C_4
248.827148,Right Hand Grab,None
249.951447,Left Hand Grab,Apple_Slice3_C_2147482367
250.641434,Left Hand Released,Apple_Slice3_C_2147482367
251.007416,Right Hand Grab,Apple_Slice4_C_2147482366
251.551987,Right Hand Released,Apple_Slice4_C_2147482366
252.285461,Right Hand Grab,Knife_C_4
252.94043,Chopped,Apple_Half_C_2147482369
253.240662,Right Hand Released,Knife_C_4
254.006668,Right Hand Grab,Apple_Slice4_C_2147482366
254.672852,Right Hand Released,Apple_Slice4_C_2147482366
254.950165,Left Hand Grab,Apple_Slice3_C_2147482367
255.495132,Left Hand Released,Apple_Slice3_C_2147482367
255.82785,Right Hand Grab,Apple_Slice_C_2147482365
256.428619,Right Hand Released,Apple_Slice_C_2147482365
256.872589,Left Hand Grab,Apple_Slice2_C_2147482364
257.506195,Left Hand Released,Apple_Slice2_C_2147482364
262.782227,Right Hand Grab,ApplePieCookbook_C_0
266.608093,Right Hand Grab,CinnyShakerGrabable_C_2147482388
269.770294,Right Hand Released,CinnyShakerGrabable_C_2147482388
274.421234,Left Hand Grab,SaucePotSimple2_C_2147482389
278.245178,Left Hand Released,SaucePotSimple2_C_2147482389
281.202637,Right Hand Grab,ApplePieCookbook_C_0
284.021881,Right Hand Grab,StirSpoonPieSImple_C_2147482383
287.090149,Left Hand Grab,PieBowlSimple_C_2147482378
290.068115,Left Hand Released,PieBowlSimple_C_2147482378
291.243347,Right Hand Released,StirSpoonPieSImple_C_2147482383
299.451355,Right Hand Grab,PillsberryDoughBoySimple_C_2147482363
303.876312,Right Hand Grab,None
305.203522,Right Hand Grab,ApplePieCookbook_C_0
315.261047,Right Hand Grab,PieBowlSimple_C_2147482378
319.504974,Right Hand Released,PieBowlSimple_C_2147482378
322.603119,Right Hand Grab,PillsberryDoughGirlSimple_C_2147482362
326.08844,Right Hand Grab,ApplePieCookbook_C_0
332.400269,Left Hand Grab,oven_C_1
334.956787,Right Hand Grab,None
336.955505,Right Hand Grab,PiePanSimple_C_2147482381
339.434235,Right Hand Released,PiePanSimple_C_2147482381
340.385132,Right Hand Grab,PiePanSimple_C_2147482381
340.977051,Right Hand Released,PiePanSimple_C_2147482381
341.868988,Left Hand Grab,oven_C_1
344.647034,Right Hand Grab,None
358.930237,Right Hand Grab,ApplePieCookbook_C_0
361.704224,Left Hand Grab,oven_C_1
363.051941,Right Hand Grab,PiePanSimple_C_2147482381
365.197632,Right Hand Released,PiePanSimple_C_2147482381
366.229065,Left Hand Grab,oven_C_1
