Session Time,Action Type,Interacted Object
28.205835,Right Hand Grab,ApplePieCookbook_C_0
42.328316,Right Hand Grab,None
43.160664,Right Hand Grab,None
44.172668,Right Hand Grab,None
45.526615,Right Hand Grab,None
47.338001,Right Hand Grab,None
47.938084,Right Hand Grab,None
48.499035,Right Hand Grab,None
49.293068,Right Hand Grab,ApplePieCookbook_C_0
59.721249,Right Hand Grab,SugarJarSimple_C_2147482373
61.336517,Right Hand Released,SugarJarSimple_C_2147482373
70.145256,Right Hand Grab,NewMeasuringCupSimple2_C_2147482378
87.029732,Right Hand Released,NewMeasuringCupSimple2_C_2147482378
91.825752,Right Hand Grab,WaterPitcherSimple_C_2147482372
96.570702,Right Hand Released,WaterPitcherSimple_C_2147482372
104.279457,Right Hand Grab,ButterHolderSimple_C_2147482375
106.03511,Right Hand Released,ButterHolderSimple_C_2147482375
108.975975,Right Hand Grab,Butter_C_2147482374
110.014183,Right Hand Released,Butter_C_2147482374
110.925461,Right Hand Grab,None
111.836441,Right Hand Grab,Butter_C_2147482368
112.702789,Right Hand Released,Butter_C_2147482368
118.470726,Right Hand Grab,None
120.780182,Right Hand Grab,Apple_C_2147482388
122.578712,Right Hand Released,Apple_C_2147482388
123.633499,Right Hand Grab,None
124.734451,Right Hand Grab,Knife_C_4
125.5336,Chopped,Apple_C_2147482388
126.422852,Chopped,Apple_Half2_C_2147482363
127.355476,Chopped,Apple_Half2_C_2147482363
128.11055,Chopped,Apple_Half_C_2147482364
129.775543,Right Hand Released,Knife_C_4
130.419861,Right Hand Grab,Apple_Slice4_C_2147482361
131.154526,Right Hand Released,Apple_Slice4_C_2147482361
131.675507,Right Hand Grab,Apple_Slice_C_2147482360
132.25383,Right Hand Released,Apple_Slice_C_2147482360
132.897568,Right Hand Grab,Apple_Slice2_C_2147482359
133.553406,Right Hand Released,Apple_Slice2_C_2147482359
134.053604,Right Hand Grab,Apple_Slice2_C_2147482359
134.819946,Right Hand Released,Apple_Slice2_C_2147482359
135.419418,Right Hand Grab,Apple_Slice_C_2147482360
136.096512,Right Hand Released,Apple_Slice_C_2147482360
136.695679,Right Hand Grab,Apple_Slice3_C_2147482362
137.384674,Right Hand Released,Apple_Slice3_C_2147482362
139.152359,Right Hand Grab,Apple_C_2147482365
140.74144,Right Hand Released,Apple_C_2147482365
141.24086,Right Hand Grab,Knife_C_4
141.608658,Chopped,Apple_C_2147482365
142.263824,Chopped,Apple_Half_C_2147482357
142.81633,Chopped,Apple_Half2_C_2147482356
143.383591,Chopped,Apple_Slice3_C_2147482355
143.972427,Chopped,Apple_Half_C_2147482357
144.87326,Right Hand Released,Knife_C_4
145.361954,Right Hand Grab,Apple_Slice2_C_2147482352
146.117905,Right Hand Released,Apple_Slice2_C_2147482352
146.762695,Right Hand Grab,Apple_Slice_C_2147482353
148.187897,Right Hand Released,Apple_Slice_C_2147482353
149.104141,Right Hand Grab,Apple_Slice3_C_2147482355
149.853897,Right Hand Released,Apple_Slice3_C_2147482355
150.504715,Right Hand Grab,Apple_Slice4_C_2147482354
151.149948,Right Hand Released,Apple_Slice4_C_2147482354
152.495148,Right Hand Grab,None
153.460495,Right Hand Grab,Apple_C_2147482358
154.360596,Right Hand Released,Apple_C_2147482358
154.815918,Right Hand Grab,Knife_C_4
155.327438,Chopped,Apple_C_2147482358
155.993042,Chopped,Apple_Half2_C_2147482349
156.605133,Chopped,Apple_Half_C_2147482350
157.17189,Chopped,Apple_Slice_C_2147482348
157.726669,Chopped,Apple_Half2_C_2147482349
158.580841,Right Hand Released,Knife_C_4
159.080917,Right Hand Grab,Apple_Slice_C_2147482348
160.003586,Right Hand Released,Apple_Slice_C_2147482348
160.625854,Right Hand Grab,Apple_Slice2_C_2147482347
161.359894,Right Hand Released,Apple_Slice2_C_2147482347
162.014893,Right Hand Grab,Apple_Slice4_C_2147482345
162.803726,Right Hand Released,Apple_Slice4_C_2147482345
163.436523,Right Hand Grab,Apple_Slice3_C_2147482346
164.081543,Right Hand Released,Apple_Slice3_C_2147482346
165.302994,Right Hand Grab,Apple_C_2147482351
166.348114,Right Hand Released,Apple_C_2147482351
166.913651,Right Hand Grab,Knife_C_4
167.380722,Chopped,Apple_C_2147482351
167.924286,Chopped,Apple_Half2_C_2147482342
168.513535,Chopped,Apple_Half2_C_2147482342
169.124146,Chopped,Apple_Half_C_2147482343
170.157913,Right Hand Released,Knife_C_4
170.612564,Right Hand Grab,Apple_Slice4_C_2147482340
171.534714,Right Hand Released,Apple_Slice4_C_2147482340
172.190598,Right Hand Grab,Apple_Slice2_C_2147482338
173.10141,Right Hand Released,Apple_Slice2_C_2147482338
173.755966,Right Hand Grab,Apple_Slice3_C_2147482341
174.457977,Right Hand Released,Apple_Slice3_C_2147482341
175.107422,Right Hand Grab,Apple_Slice_C_2147482339
175.813034,Right Hand Released,Apple_Slice_C_2147482339
179.956451,Right Hand Grab,ApplePieCookbook_C_0
182.86972,Right Hand Grab,None
183.725357,Right Hand Grab,ApplePieCookbook_C_0
186.467865,Right Hand Grab,None
187.258041,Right Hand Grab,ApplePieCookbook_C_0
191.372284,Right Hand Grab,CinnyShakerGrabable_C_2147482376
194.617432,Right Hand Released,CinnyShakerGrabable_C_2147482376
199.561462,Right Hand Grab,SaucePotSimple2_C_2147482377
205.127548,Right Hand Released,SaucePotSimple2_C_2147482377
209.419449,Right Hand Grab,None
210.09639,Right Hand Grab,None
210.631454,Right Hand Grab,ApplePieCookbook_C_0
214.103714,Right Hand Grab,StirSpoonPieSImple_C_2147482371
228.724091,Right Hand Released,StirSpoonPieSImple_C_2147482371
231.846909,Right Hand Grab,PillsberryDoughGirlSimple_C_2147482336
233.478897,Right Hand Released,PillsberryDoughGirlSimple_C_2147482336
237.337448,Right Hand Grab,None
237.92598,Right Hand Grab,None
238.436996,Right Hand Grab,ApplePieCookbook_C_0
243.708313,Right Hand Grab,PieBowlSimple_C_2147482366
247.221024,Right Hand Released,PieBowlSimple_C_2147482366
252.556778,Right Hand Grab,None
254.077866,Right Hand Grab,PillsberryDoughBoySimple_C_2147482337
255.087006,Right Hand Released,PillsberryDoughBoySimple_C_2147482337
256.967224,Right Hand Grab,ApplePieCookbook_C_0
263.647919,Right Hand Grab,oven_C_1
265.265289,Right Hand Grab,None
266.156799,Right Hand Grab,PiePanSimple_C_2147482369
269.139954,Right Hand Released,PiePanSimple_C_2147482369
269.772888,Right Hand Grab,None
270.717865,Right Hand Grab,None
271.907623,Right Hand Grab,PiePanSimple_C_2147482369
273.063843,Right Hand Released,PiePanSimple_C_2147482369
274.074921,Right Hand Grab,None
275.392212,Right Hand Grab,oven_C_1
287.331635,Right Hand Grab,None
287.975739,Right Hand Grab,None
288.586182,Right Hand Grab,oven_C_1
290.598145,Right Hand Grab,None
291.432098,Right Hand Grab,None
292.133636,Right Hand Grab,PiePanSimple_C_2147482369
295.846069,Right Hand Released,PiePanSimple_C_2147482369
296.696716,Right Hand Grab,None
297.434326,Right Hand Grab,oven_C_1
300.925812,Right Hand Grab,None
301.436768,Right Hand Grab,ApplePieCookbook_C_0
304.720551,Right Hand Grab,Knife_C_4
307.23941,Right Hand Released,Knife_C_4
309.10437,Right Hand Grab,WaterPitcherSimple_C_2147482372
309.593597,Right Hand Released,WaterPitcherSimple_C_2147482372
310.29248,Right Hand Grab,CinnyShakerGrabable_C_2147482376
310.65918,Right Hand Released,CinnyShakerGrabable_C_2147482376
311.850525,Right Hand Grab,Knife_C_4
312.372192,Right Hand Released,Knife_C_4
