Session Time,Action Type,Interacted Object
5.39452,Left Hand Grab,None
6.749206,Right Hand Grab,None
7.815479,Right Hand Grab,None
9.527054,Right Hand Grab,None
15.237143,Right Hand Grab,None
16.03656,Right Hand Grab,None
19.502756,Right Hand Grab,None
21.013975,Right Hand Grab,ApplePieCookbook_C_0
53.817459,Left Hand Grab,None
56.746426,Left Hand Grab,None
59.56337,Left Hand Grab,None
63.053097,Left Hand Grab,None
66.597511,Left Hand Grab,None
73.405418,Right Hand Grab,None
75.639084,Right Hand Grab,None
80.291351,Right Hand Grab,None
83.139854,Right Hand Grab,None
85.808876,Right Hand Grab,ApplePieCookbook_C_0
92.195221,Right Hand Grab,None
111.315086,Left Hand Grab,SugarJarSimple_C_2147482385
114.109665,Left Hand Released,SugarJarSimple_C_2147482385
115.716789,Left Hand Grab,NewMeasuringCupSimple2_C_2147482390
123.280472,Left Hand Released,NewMeasuringCupSimple2_C_2147482390
129.831772,Right Hand Grab,None
131.742401,Right Hand Grab,None
135.609909,Right Hand Grab,WaterPitcherSimple_C_2147482384
143.340729,Right Hand Released,WaterPitcherSimple_C_2147482384
143.852844,Right Hand Grab,WaterPitcherSimple_C_2147482384
145.020248,Right Hand Released,WaterPitcherSimple_C_2147482384
147.709885,Right Hand Grab,ApplePieCookbook_C_0
152.893295,Left Hand Grab,None
154.183029,Left Hand Grab,ApplePieCookbook_C_0
164.230423,Right Hand Grab,ButterHolderSimple_C_2147482387
165.374359,Right Hand Released,ButterHolderSimple_C_2147482387
166.510437,Right Hand Grab,None
167.620346,Right Hand Grab,Butter_C_2147482386
170.56749,Right Hand Released,Butter_C_2147482386
172.104874,Right Hand Grab,Butter_C_2147482380
183.879181,Right Hand Grab,None
185.278488,Right Hand Grab,None
186.334808,Right Hand Grab,Apple_C_2147482396
188.868134,Right Hand Released,Apple_C_2147482396
189.479416,Right Hand Grab,None
190.423019,Right Hand Grab,Apple_C_2147482396
191.945755,Right Hand Released,Apple_C_2147482396
193.823563,Right Hand Grab,PiePanSimple_C_2147482381
195.523148,Right Hand Released,PiePanSimple_C_2147482381
205.172592,Right Hand Grab,Apple_C_2147482377
206.805588,Right Hand Released,Apple_C_2147482377
208.816605,Right Hand Grab,Apple_C_2147482376
210.241287,Right Hand Released,Apple_C_2147482376
211.619385,Right Hand Grab,Apple_C_2147482375
212.941833,Right Hand Released,Apple_C_2147482375
214.373611,Right Hand Grab,Apple_C_2147482374
215.751633,Right Hand Released,Apple_C_2147482374
220.649673,Right Hand Grab,Knife_C_4
228.790665,Right Hand Released,Knife_C_4
230.735321,Right Hand Grab,Apple_C_2147482373
232.548874,Right Hand Released,Apple_C_2147482373
233.82634,Right Hand Grab,StirSpoonPieSImple_C_2147482383
234.692337,Right Hand Released,StirSpoonPieSImple_C_2147482383
235.381546,Right Hand Grab,Knife_C_4
236.337311,Chopped,Apple_C_2147482373
237.081757,Chopped,Apple_Half2_C_2147482370
237.603027,Chopped,Apple_Half2_C_2147482370
238.214691,Chopped,Apple_Half_C_2147482371
240.324936,Right Hand Released,Knife_C_4
241.212402,Right Hand Grab,Apple_Slice2_C_2147482366
242.113037,Right Hand Released,Apple_Slice2_C_2147482366
242.844452,Right Hand Grab,Apple_Slice_C_2147482367
243.589661,Right Hand Released,Apple_Slice_C_2147482367
244.422775,Left Hand Grab,Apple_Slice3_C_2147482369
246.079132,Left Hand Released,Apple_Slice3_C_2147482369
246.95636,Right Hand Grab,Apple_Slice4_C_2147482368
247.945633,Right Hand Released,Apple_Slice4_C_2147482368
248.844025,Left Hand Grab,PieBowlSimple_C_2147482378
248.867859,Right Hand Grab,PieBowlSimple_C_2147482378
249.844315,Right Hand Released,PieBowlSimple_C_2147482378
249.899841,Left Hand Released,PieBowlSimple_C_2147482378
254.24324,Right Hand Grab,Apple_C_2147482372
258.252228,Right Hand Released,Apple_C_2147482372
259.197357,Right Hand Grab,Knife_C_4
260.020569,Chopped,Apple_C_2147482372
260.853607,Chopped,Apple_Half2_C_2147482363
262.997162,Chopped,Apple_Half2_C_2147482363
264.952393,Chopped,Apple_Half_C_2147482364
266.362488,Right Hand Released,Knife_C_4
267.848541,Right Hand Grab,Apple_Slice4_C_2147482361
268.671051,Right Hand Released,Apple_Slice4_C_2147482361
270.125671,Left Hand Grab,Apple_Slice2_C_2147482359
270.147736,Right Hand Grab,Apple_Slice2_C_2147482359
271.303253,Right Hand Released,Apple_Slice2_C_2147482359
271.402954,Left Hand Released,Apple_Slice2_C_2147482359
272.112122,Right Hand Grab,Apple_Slice_C_2147482360
273.034149,Right Hand Released,Apple_Slice_C_2147482360
274.200195,Right Hand Grab,Apple_Slice3_C_2147482362
275.244965,Right Hand Released,Apple_Slice3_C_2147482362
276.198975,Left Hand Grab,Apple_Slice4_C_2147482361
277.21106,Left Hand Released,Apple_Slice4_C_2147482361
284.937897,Right Hand Grab,PieBowlSimple_C_2147482378
286.225677,Right Hand Released,PieBowlSimple_C_2147482378
287.014954,Right Hand Grab,PieBowlSimple_C_2147482378
288.11554,Right Hand Released,PieBowlSimple_C_2147482378
293.593658,Right Hand Grab,ApplePieCookbook_C_0
303.832611,Right Hand Grab,CinnyShakerGrabable_C_2147482388
308.310883,Right Hand Released,CinnyShakerGrabable_C_2147482388
309.377777,Right Hand Grab,CinnyShakerGrabable_C_2147482388
312.643768,Right Hand Released,CinnyShakerGrabable_C_2147482388
321.911377,Right Hand Grab,SaucePotSimple2_C_2147482389
327.028381,Right Hand Released,SaucePotSimple2_C_2147482389
328.749329,Right Hand Grab,SaucePotSimple2_C_2147482389
330.427307,Right Hand Released,SaucePotSimple2_C_2147482389
331.792236,Right Hand Grab,NewMeasuringCupSimple2_C_2147482390
333.36908,Right Hand Released,NewMeasuringCupSimple2_C_2147482390
334.545074,Right Hand Grab,CinnyShakerGrabable_C_2147482388
335.689789,Right Hand Released,CinnyShakerGrabable_C_2147482388
339.452911,Right Hand Grab,None
341.652222,Right Hand Grab,ApplePieCookbook_C_0
347.577423,Right Hand Grab,WaterPitcherSimple_C_2147482384
349.163208,Right Hand Released,WaterPitcherSimple_C_2147482384
350.291626,Right Hand Grab,NewMeasuringCupSimple2_C_2147482390
351.958252,Right Hand Released,NewMeasuringCupSimple2_C_2147482390
352.67926,Right Hand Grab,Knife_C_4
355.842468,Right Hand Released,Knife_C_4
357.354156,Right Hand Grab,StirSpoonPieSImple_C_2147482383
363.980164,Left Hand Grab,PieBowlSimple_C_2147482378
369.066071,Right Hand Released,StirSpoonPieSImple_C_2147482383
369.255554,Left Hand Released,PieBowlSimple_C_2147482378
380.198547,Right Hand Grab,Apple_C_2147482396
381.995941,Right Hand Released,Apple_C_2147482396
383.539734,Left Hand Grab,PillsberryDoughGirlSimple_C_2147482357
385.408966,Left Hand Released,PillsberryDoughGirlSimple_C_2147482357
385.964325,Right Hand Grab,ButterHolderSimple_C_2147482387
387.107941,Right Hand Released,ButterHolderSimple_C_2147482387
387.974304,Left Hand Grab,PillsberryDoughGirlSimple_C_2147482357
394.266174,Right Hand Grab,ApplePieCookbook_C_0
397.29422,Left Hand Grab,PieBowlSimple_C_2147482378
398.139893,Right Hand Grab,StirSpoonPieSImple_C_2147482383
400.182556,Right Hand Released,StirSpoonPieSImple_C_2147482383
400.593689,Left Hand Released,PieBowlSimple_C_2147482378
401.248535,Right Hand Grab,PieBowlSimple_C_2147482378
401.436951,Left Hand Grab,PieBowlSimple_C_2147482378
406.359558,Right Hand Released,PieBowlSimple_C_2147482378
406.38205,Left Hand Released,PieBowlSimple_C_2147482378
411.303314,Right Hand Grab,PillsberryDoughBoySimple_C_2147482358
413.159515,Right Hand Released,PillsberryDoughBoySimple_C_2147482358
416.303711,Right Hand Grab,ApplePieCookbook_C_0
420.248993,Right Hand Grab,PiePanSimple_C_2147482381
422.891724,Left Hand Grab,oven_C_1
424.725525,Right Hand Released,PiePanSimple_C_2147482381
425.890991,Right Hand Grab,PiePanSimple_C_2147482381
426.480255,Right Hand Released,PiePanSimple_C_2147482381
427.490875,Right Hand Grab,oven_C_1
460.910736,Right Hand Grab,ButterHolderSimple_C_2147482387
462.466156,Right Hand Released,ButterHolderSimple_C_2147482387
478.385406,Right Hand Grab,None
479.749176,Left Hand Grab,None
480.959503,Left Hand Grab,None
488.705627,Right Hand Grab,oven_C_1
493.505249,Right Hand Grab,PiePanSimple_C_2147482381
498.438171,Right Hand Released,PiePanSimple_C_2147482381
500.441406,Right Hand Grab,oven_C_1
503.575409,Right Hand Grab,ApplePieCookbook_C_0
512.636597,Left Hand Grab,None
513.635559,Right Hand Grab,PieBowlSimple_C_2147482378
514.45575,Right Hand Released,PieBowlSimple_C_2147482378
