Session Time,Action Type,Interacted Object
5.025076,Right Hand Grab,ApplePieCookbook_C_0
23.286362,Left Hand Grab,SugarJarSimple_C_2147482373
25.851225,Left Hand Released,SugarJarSimple_C_2147482373
32.911964,Left Hand Grab,ButterHolderSimple_C_2147482375
35.302391,Left Hand Released,ButterHolderSimple_C_2147482375
69.102486,Right Hand Grab,None
72.691193,Right Hand Grab,ApplePieCookbook_C_0
82.164116,Left Hand Grab,SugarJarSimple_C_2147482373
88.28904,Right Hand Grab,None
89.985046,Right Hand Grab,NewMeasuringCupSimple2_C_2147482378
97.679504,Left Hand Released,SugarJarSimple_C_2147482373
102.5019,Left Hand Grab,WaterPitcherSimple_C_2147482372
114.442474,Left Hand Released,WaterPitcherSimple_C_2147482372
121.609619,Right Hand Released,NewMeasuringCupSimple2_C_2147482378
122.945183,Left Hand Grab,ButterHolderSimple_C_2147482375
123.787109,Right Hand Grab,Butter_C_2147482374
125.355537,Right Hand Released,Butter_C_2147482374
126.155586,Left Hand Released,ButterHolderSimple_C_2147482375
128.151047,Right Hand Grab,Butter_C_2147482374
129.165588,Right Hand Released,Butter_C_2147482374
130.169708,Left Hand Grab,Butter_C_2147482368
130.963837,Right Hand Grab,Butter_C_2147482367
133.799332,Left Hand Released,Butter_C_2147482368
141.854553,Left Hand Grab,Apple_C_2147482379
144.310638,Left Hand Released,Apple_C_2147482379
145.31041,Left Hand Grab,PieBowlSimple_C_2147482365
146.543793,Left Hand Released,PieBowlSimple_C_2147482365
147.853836,Left Hand Grab,Knife_C_4
148.931641,Chopped,Apple_C_2147482379
150.198395,Chopped,Apple_Half2_C_2147482361
150.777161,Chopped,Apple_Slice4_C_2147482359
151.931885,Chopped,Apple_Slice3_C_2147482360
152.786606,Chopped,Apple_Slice3_C_2147482360
153.619827,Left Hand Released,Knife_C_4
154.653381,Right Hand Grab,Knife_C_4
155.04274,Chopped,Apple_Half_C_2147482362
155.576111,Chopped,Apple_Slice3_C_2147482360
156.918503,Right Hand Released,Knife_C_4
157.941513,Left Hand Grab,Apple_Slice2_C_2147482357
159.261932,Left Hand Released,Apple_Slice2_C_2147482357
160.418381,Left Hand Grab,Apple_Slice_C_2147482358
161.273972,Left Hand Released,Apple_Slice_C_2147482358
162.149826,Right Hand Grab,Apple_Slice4_C_2147482359
163.184647,Right Hand Released,Apple_Slice4_C_2147482359
163.99527,Right Hand Grab,Apple_Slice3_C_2147482360
164.951401,Right Hand Released,Apple_Slice3_C_2147482360
168.638687,Left Hand Grab,Apple_C_2147482382
169.794067,Right Hand Grab,StirSpoonPieSImple_C_2147482371
169.806198,Left Hand Released,Apple_C_2147482382
170.706284,Right Hand Released,StirSpoonPieSImple_C_2147482371
171.549591,Right Hand Grab,Knife_C_4
172.36084,Chopped,Apple_C_2147482382
173.371582,Chopped,Apple_Half2_C_2147482354
174.127853,Chopped,Apple_Slice4_C_2147482352
174.65007,Chopped,Apple_Slice3_C_2147482353
175.349472,Chopped,Apple_Slice3_C_2147482353
175.860031,Left Hand Grab,Apple_Slice4_C_2147482352
176.536896,Left Hand Released,Apple_Slice4_C_2147482352
177.216064,Left Hand Grab,Apple_Slice3_C_2147482353
177.962601,Left Hand Released,Apple_Slice3_C_2147482353
178.549789,Left Hand Grab,Apple_Half_C_2147482355
179.245422,Left Hand Released,Apple_Half_C_2147482355
179.43428,Right Hand Released,Knife_C_4
179.6017,Right Hand Grab,None
180.725754,Right Hand Grab,Knife_C_4
181.514496,Chopped,Apple_Half_C_2147482355
182.403595,Chopped,Apple_Slice_C_2147482351
182.836075,Right Hand Released,Knife_C_4
183.235764,Left Hand Grab,Apple_Slice_C_2147482351
183.891586,Left Hand Released,Apple_Slice_C_2147482351
184.447617,Left Hand Grab,Apple_Slice2_C_2147482350
185.124451,Left Hand Released,Apple_Slice2_C_2147482350
185.702621,Right Hand Grab,Apple_C_2147482387
186.814224,Right Hand Released,Apple_C_2147482387
187.580719,Left Hand Grab,Knife_C_4
188.847336,Chopped,Apple_C_2147482387
190.247269,Left Hand Released,Knife_C_4
190.503036,Right Hand Grab,Apple_Half2_C_2147482347
191.223053,Right Hand Released,Apple_Half2_C_2147482347
191.622787,Left Hand Grab,None
192.634308,Right Hand Grab,Knife_C_4
193.301544,Chopped,Apple_Half_C_2147482348
194.212006,Chopped,Apple_Half2_C_2147482347
195.178497,Right Hand Released,Knife_C_4
195.745346,Left Hand Grab,Apple_Slice4_C_2147482343
196.378189,Left Hand Released,Apple_Slice4_C_2147482343
196.689514,Right Hand Grab,Apple_Slice2_C_2147482345
197.523941,Right Hand Released,Apple_Slice2_C_2147482345
198.222763,Left Hand Grab,Apple_Slice3_C_2147482344
198.989731,Left Hand Released,Apple_Slice3_C_2147482344
199.289383,Right Hand Grab,Apple_Slice_C_2147482346
200.133972,Right Hand Released,Apple_Slice_C_2147482346
202.031097,Left Hand Grab,Apple_C_2147482363
203.353928,Left Hand Released,Apple_C_2147482363
203.87674,Right Hand Grab,Knife_C_4
204.055054,Chopped,Apple_C_2147482363
204.655228,Chopped,Apple_Half_C_2147482341
205.55304,Chopped,Apple_Half_C_2147482341
206.088364,Chopped,Apple_Slice_C_2147482339
207.265854,Chopped,Apple_Half2_C_2147482340
208.221375,Chopped,Apple_Slice3_C_2147482337
208.432877,Right Hand Released,Knife_C_4
208.832016,Left Hand Grab,Apple_Slice2_C_2147482338
209.454315,Left Hand Released,Apple_Slice2_C_2147482338
209.620972,Right Hand Grab,Knife_C_4
209.843155,Chopped,Apple_Slice_C_2147482339
210.94313,Right Hand Released,Knife_C_4
211.554077,Right Hand Grab,Apple_Slice_C_2147482339
212.21991,Right Hand Released,Apple_Slice_C_2147482339
212.874969,Right Hand Grab,Apple_Slice4_C_2147482336
213.608856,Right Hand Released,Apple_Slice4_C_2147482336
214.419342,Right Hand Grab,Apple_Slice3_C_2147482337
215.221069,Right Hand Released,Apple_Slice3_C_2147482337
221.573441,Right Hand Grab,ApplePieCookbook_C_0
224.794373,Left Hand Grab,CinnyShakerGrabable_C_2147482376
228.239899,Left Hand Released,CinnyShakerGrabable_C_2147482376
228.339188,Left Hand Grab,CinnyShakerGrabable_C_2147482376
228.483841,Left Hand Released,CinnyShakerGrabable_C_2147482376
233.737366,Left Hand Grab,SaucePotSimple2_C_2147482377
238.793304,Left Hand Released,SaucePotSimple2_C_2147482377
240.982437,Right Hand Grab,None
241.916046,Right Hand Grab,ApplePieCookbook_C_0
245.999588,Left Hand Grab,WaterPitcherSimple_C_2147482372
247.245575,Left Hand Released,WaterPitcherSimple_C_2147482372
247.791962,Left Hand Grab,StirSpoonPieSImple_C_2147482371
251.12146,Right Hand Grab,None
251.855927,Right Hand Grab,PieBowlSimple_C_2147482365
259.909271,Left Hand Released,StirSpoonPieSImple_C_2147482371
259.93515,Right Hand Released,PieBowlSimple_C_2147482365
267.231781,Left Hand Grab,PillsberryDoughGirlSimple_C_2147482334
270.576447,Right Hand Grab,None
272.33197,Right Hand Grab,ApplePieCookbook_C_0
278.718079,Left Hand Grab,PieBowlSimple_C_2147482365
282.120087,Left Hand Released,PieBowlSimple_C_2147482365
287.70639,Left Hand Grab,PillsberryDoughBoySimple_C_2147482335
292.762146,Right Hand Grab,ApplePieCookbook_C_0
296.492126,Left Hand Grab,PiePanSimple_C_2147482369
300.202667,Right Hand Grab,oven_C_1
302.459625,Left Hand Released,PiePanSimple_C_2147482369
304.180969,Right Hand Grab,oven_C_1
318.790222,Left Hand Grab,oven_C_1
320.033936,Right Hand Grab,PiePanSimple_C_2147482369
323.10614,Left Hand Grab,PieBowlSimple_C_2147482365
323.768372,Left Hand Released,PieBowlSimple_C_2147482365
324.434998,Left Hand Grab,Knife_C_4
325.396332,Right Hand Released,PiePanSimple_C_2147482369
325.548798,Left Hand Released,Knife_C_4
327.536346,Left Hand Grab,oven_C_1
333.31308,Right Hand Grab,None
333.932037,Right Hand Grab,ApplePieCookbook_C_0
