Session Time,Action Type,Interacted Object
5.795985,Right Hand Grab,ApplePieCookbook_C_0
29.424337,Right Hand Grab,ApplePieCookbook_C_0
39.543419,Left Hand Grab,SugarJarSimple_C_2147482373
40.628048,Left Hand Released,SugarJarSimple_C_2147482373
41.428383,Left Hand Grab,NewMeasuringCupSimple2_C_2147482378
47.542454,Left Hand Released,NewMeasuringCupSimple2_C_2147482378
47.775497,Left Hand Grab,NewMeasuringCupSimple2_C_2147482378
50.416958,Left Hand Released,NewMeasuringCupSimple2_C_2147482378
50.72287,Left Hand Grab,None
52.969887,Right Hand Grab,None
54.426929,Right Hand Grab,NewMeasuringCupSimple2_C_2147482378
54.983334,Right Hand Released,NewMeasuringCupSimple2_C_2147482378
56.28413,Left Hand Grab,NewMeasuringCupSimple2_C_2147482378
67.783226,Left Hand Released,NewMeasuringCupSimple2_C_2147482378
70.139519,Right Hand Grab,WaterPitcherSimple_C_2147482372
74.782402,Right Hand Released,WaterPitcherSimple_C_2147482372
77.24617,Left Hand Grab,ButterHolderSimple_C_2147482375
78.270004,Left Hand Released,ButterHolderSimple_C_2147482375
82.38224,Left Hand Grab,ButterHolderSimple_C_2147482375
83.400658,Left Hand Released,ButterHolderSimple_C_2147482375
83.93502,Left Hand Grab,ButterHolderSimple_C_2147482375
84.890556,Left Hand Released,ButterHolderSimple_C_2147482375
85.612511,Left Hand Grab,ButterHolderSimple_C_2147482375
86.413124,Left Hand Released,ButterHolderSimple_C_2147482375
87.268303,Right Hand Grab,Butter_C_2147482374
88.689163,Right Hand Released,Butter_C_2147482374
89.033539,Right Hand Grab,Butter_C_2147482374
92.09005,Right Hand Grab,Butter_C_2147482368
98.188812,Right Hand Grab,PieBowlSimple_C_2147482366
100.321808,Right Hand Released,PieBowlSimple_C_2147482366
100.699043,Left Hand Grab,PieBowlSimple_C_2147482366
101.665924,Left Hand Released,PieBowlSimple_C_2147482366
101.733376,Right Hand Grab,NewMeasuringCupSimple2_C_2147482378
102.443428,Right Hand Released,NewMeasuringCupSimple2_C_2147482378
102.577797,Left Hand Grab,PieBowlSimple_C_2147482366
102.755608,Right Hand Grab,NewMeasuringCupSimple2_C_2147482378
103.166718,Right Hand Released,NewMeasuringCupSimple2_C_2147482378
103.267349,Left Hand Released,PieBowlSimple_C_2147482366
104.057159,Right Hand Grab,PieBowlSimple_C_2147482366
105.155373,Right Hand Released,PieBowlSimple_C_2147482366
107.864983,Right Hand Grab,NewMeasuringCupSimple2_C_2147482378
109.119865,Right Hand Released,NewMeasuringCupSimple2_C_2147482378
110.41893,Right Hand Grab,Apple_C_2147482388
111.91935,Right Hand Released,Apple_C_2147482388
117.59668,Right Hand Grab,Knife_C_4
118.429115,Chopped,Apple_C_2147482388
119.208344,Chopped,Apple_Half_C_2147482364
119.963387,Chopped,Apple_Half_C_2147482364
120.730423,Chopped,Apple_Half2_C_2147482363
121.717758,Right Hand Released,Knife_C_4
122.317978,Left Hand Grab,Apple_Slice4_C_2147482359
123.407196,Left Hand Released,Apple_Slice4_C_2147482359
124.562737,Left Hand Grab,Apple_Slice3_C_2147482360
125.496078,Left Hand Released,Apple_Slice3_C_2147482360
126.717361,Left Hand Grab,Apple_Slice2_C_2147482361
127.707939,Left Hand Released,Apple_Slice2_C_2147482361
128.561874,Left Hand Grab,Apple_Slice_C_2147482362
129.495026,Left Hand Released,Apple_Slice_C_2147482362
131.328445,Right Hand Grab,Apple_C_2147482365
132.438278,Right Hand Released,Apple_C_2147482365
133.048615,Right Hand Grab,Knife_C_4
133.582123,Chopped,Apple_C_2147482365
134.171082,Chopped,Apple_Half_C_2147482357
134.881989,Chopped,Apple_Half_C_2147482357
135.671448,Chopped,Apple_Half2_C_2147482356
136.326279,Right Hand Released,Knife_C_4
136.892075,Left Hand Grab,Apple_Slice2_C_2147482354
137.839111,Left Hand Released,Apple_Slice2_C_2147482354
138.658005,Left Hand Grab,Apple_Slice3_C_2147482353
139.526413,Left Hand Released,Apple_Slice3_C_2147482353
140.469498,Left Hand Grab,Apple_Slice_C_2147482355
141.413284,Left Hand Released,Apple_Slice_C_2147482355
142.34726,Left Hand Grab,Apple_Slice4_C_2147482352
143.1689,Left Hand Released,Apple_Slice4_C_2147482352
144.525421,Right Hand Grab,Apple_C_2147482358
145.657516,Right Hand Released,Apple_C_2147482358
146.278305,Right Hand Grab,Knife_C_4
146.835526,Chopped,Apple_C_2147482358
147.446152,Chopped,Apple_Half2_C_2147482349
148.279373,Chopped,Apple_Half2_C_2147482349
148.912354,Chopped,Apple_Slice4_C_2147482347
149.633575,Chopped,Apple_Slice4_C_2147482347
150.466858,Right Hand Released,Knife_C_4
150.888535,Left Hand Grab,Apple_Slice4_C_2147482347
152.012619,Left Hand Released,Apple_Slice4_C_2147482347
153.044891,Left Hand Grab,Apple_Slice3_C_2147482348
154.067596,Left Hand Released,Apple_Slice3_C_2147482348
154.731857,Left Hand Grab,Apple_Half_C_2147482350
155.332825,Left Hand Released,Apple_Half_C_2147482350
155.823166,Right Hand Grab,Knife_C_4
156.400955,Chopped,Apple_Half_C_2147482350
157.15564,Right Hand Released,Knife_C_4
157.653976,Left Hand Grab,Apple_Slice2_C_2147482345
158.532623,Left Hand Released,Apple_Slice2_C_2147482345
159.509888,Left Hand Grab,Apple_Slice_C_2147482346
160.366531,Left Hand Released,Apple_Slice_C_2147482346
161.719421,Right Hand Grab,Apple_C_2147482351
162.831833,Right Hand Released,Apple_C_2147482351
163.886292,Right Hand Grab,StirSpoonPieSImple_C_2147482371
164.721375,Right Hand Released,StirSpoonPieSImple_C_2147482371
164.998672,Right Hand Grab,WaterPitcherSimple_C_2147482372
165.766129,Right Hand Released,WaterPitcherSimple_C_2147482372
166.087784,Right Hand Grab,WaterPitcherSimple_C_2147482372
166.766144,Right Hand Released,WaterPitcherSimple_C_2147482372
167.065689,Right Hand Grab,Apple_C_2147482351
167.954422,Right Hand Released,Apple_C_2147482351
168.563339,Right Hand Grab,Knife_C_4
169.075104,Chopped,Apple_C_2147482351
169.83017,Chopped,Apple_Half2_C_2147482342
170.530273,Chopped,Apple_Half_C_2147482343
171.218216,Chopped,Apple_Half2_C_2147482342
171.918564,Chopped,Apple_Slice2_C_2147482340
172.229721,Right Hand Released,Knife_C_4
172.81868,Left Hand Grab,Apple_Slice4_C_2147482338
173.719055,Left Hand Released,Apple_Slice4_C_2147482338
174.662674,Left Hand Grab,Apple_Slice3_C_2147482339
175.617813,Left Hand Released,Apple_Slice3_C_2147482339
176.560089,Left Hand Grab,Apple_Slice2_C_2147482340
177.461411,Left Hand Released,Apple_Slice2_C_2147482340
178.139709,Left Hand Grab,Apple_Slice_C_2147482341
179.1185,Left Hand Released,Apple_Slice_C_2147482341
181.930374,Right Hand Grab,ApplePieCookbook_C_0
184.139145,Right Hand Grab,CinnyShakerGrabable_C_2147482376
188.146652,Right Hand Released,CinnyShakerGrabable_C_2147482376
191.012756,Right Hand Grab,SaucePotSimple2_C_2147482377
191.925766,Left Hand Grab,SugarJarSimple_C_2147482373
192.924286,Left Hand Released,SugarJarSimple_C_2147482373
193.424438,Left Hand Grab,PieBowlSimple_C_2147482366
194.404388,Left Hand Released,PieBowlSimple_C_2147482366
197.73645,Right Hand Released,SaucePotSimple2_C_2147482377
199.490219,Right Hand Grab,ApplePieCookbook_C_0
203.102448,Right Hand Grab,StirSpoonPieSImple_C_2147482371
213.478577,Left Hand Grab,PieBowlSimple_C_2147482366
214.665329,Left Hand Released,PieBowlSimple_C_2147482366
216.932343,Right Hand Released,StirSpoonPieSImple_C_2147482371
224.072021,Left Hand Grab,PillsberryDoughGirlSimple_C_2147482336
225.871552,Left Hand Released,PillsberryDoughGirlSimple_C_2147482336
226.618912,Left Hand Grab,PieBowlSimple_C_2147482366
227.586807,Left Hand Released,PieBowlSimple_C_2147482366
228.08609,Left Hand Grab,PillsberryDoughGirlSimple_C_2147482336
238.209015,Right Hand Grab,ApplePieCookbook_C_0
242.469681,Right Hand Grab,NewMeasuringCupSimple2_C_2147482378
243.215927,Right Hand Released,NewMeasuringCupSimple2_C_2147482378
243.437119,Right Hand Grab,PieBowlSimple_C_2147482366
246.893051,Right Hand Released,PieBowlSimple_C_2147482366
249.239624,Left Hand Grab,PillsberryDoughBoySimple_C_2147482337
252.250412,Right Hand Grab,ApplePieCookbook_C_0
260.410767,Left Hand Grab,oven_C_1
262.779541,Right Hand Grab,PiePanSimple_C_2147482369
268.079376,Left Hand Grab,PieBowlSimple_C_2147482366
269.577515,Left Hand Released,PieBowlSimple_C_2147482366
271.491058,Right Hand Released,PiePanSimple_C_2147482369
272.589233,Left Hand Grab,None
273.677979,Left Hand Grab,oven_C_1
278.642883,Right Hand Grab,ApplePieCookbook_C_0
281.841034,Left Hand Grab,ApplePieCookbook_C_0
321.89801,Right Hand Grab,None
322.652924,Right Hand Grab,None
325.799561,Left Hand Grab,oven_C_1
326.978943,Left Hand Grab,None
328.067596,Left Hand Grab,PiePanSimple_C_2147482369
330.044128,Left Hand Released,PiePanSimple_C_2147482369
334.227692,Right Hand Grab,ApplePieCookbook_C_0
340.28653,Left Hand Grab,None
341.494019,Left Hand Grab,oven_C_1
