Session Time,Action Type,Interacted Object
6.788877,Right Hand Grab,ApplePieCookbook_C_0
16.611179,Right Hand Grab,ApplePieCookbook_C_0
26.251047,Right Hand Grab,WaterPitcherSimple_C_2147482372
34.806324,Right Hand Released,WaterPitcherSimple_C_2147482372
41.037506,Right Hand Grab,SugarJarSimple_C_2147482373
43.165436,Right Hand Released,SugarJarSimple_C_2147482373
45.546902,Right Hand Grab,NewMeasuringCupSimple2_C_2147482378
57.002445,Right Hand Released,NewMeasuringCupSimple2_C_2147482378
58.713352,Right Hand Grab,SugarJarSimple_C_2147482373
62.562325,Right Hand Released,SugarJarSimple_C_2147482373
64.372162,Right Hand Grab,SugarJarSimple_C_2147482373
65.893906,Right Hand Released,SugarJarSimple_C_2147482373
67.732651,Right Hand Grab,ButterHolderSimple_C_2147482375
68.973793,Right Hand Released,ButterHolderSimple_C_2147482375
72.998344,Right Hand Grab,Butter_C_2147482374
75.388428,Right Hand Released,Butter_C_2147482374
80.898674,Right Hand Grab,Butter_C_2147482374
85.217827,Right Hand Grab,Butter_C_2147482368
90.361305,Right Hand Grab,ButterHolderSimple_C_2147482375
92.197426,Right Hand Released,ButterHolderSimple_C_2147482375
93.042786,Right Hand Grab,ButterHolderSimple_C_2147482375
94.72702,Right Hand Released,ButterHolderSimple_C_2147482375
100.658424,Right Hand Grab,Apple_C_2147482388
102.637688,Right Hand Released,Apple_C_2147482388
104.569,Right Hand Grab,Knife_C_4
105.982552,Chopped,Apple_C_2147482388
107.283737,Chopped,Apple_Half_C_2147482364
108.612541,Chopped,Apple_Half2_C_2147482363
109.825439,Right Hand Released,Knife_C_4
110.971413,Right Hand Grab,Apple_Slice2_C_2147482361
112.926933,Right Hand Released,Apple_Slice2_C_2147482361
114.004372,Right Hand Grab,Apple_Slice4_C_2147482359
115.148865,Right Hand Released,Apple_Slice4_C_2147482359
116.003815,Right Hand Grab,Apple_Slice3_C_2147482360
116.970352,Right Hand Released,Apple_Slice3_C_2147482360
117.704323,Right Hand Grab,Apple_Slice_C_2147482362
118.736977,Right Hand Released,Apple_Slice_C_2147482362
120.468422,Right Hand Grab,Apple_C_2147482365
123.714302,Right Hand Released,Apple_C_2147482365
125.169327,Right Hand Grab,Knife_C_4
126.069138,Chopped,Apple_C_2147482365
126.869026,Chopped,Apple_Half2_C_2147482356
127.578972,Chopped,Apple_Half_C_2147482357
128.545929,Chopped,Apple_Half2_C_2147482356
130.067017,Right Hand Released,Knife_C_4
131.300247,Right Hand Grab,Apple_Slice2_C_2147482354
132.122894,Right Hand Released,Apple_Slice2_C_2147482354
132.92247,Right Hand Grab,Apple_Slice_C_2147482355
135.032104,Right Hand Released,Apple_Slice_C_2147482355
136.463776,Right Hand Grab,Apple_Slice3_C_2147482353
137.530975,Right Hand Released,Apple_Slice3_C_2147482353
138.497543,Right Hand Grab,Apple_Slice4_C_2147482352
139.63176,Right Hand Released,Apple_Slice4_C_2147482352
141.452728,Right Hand Grab,Apple_C_2147482387
143.177277,Right Hand Released,Apple_C_2147482387
144.220551,Right Hand Grab,Knife_C_4
145.364136,Chopped,Apple_C_2147482387
146.995544,Chopped,Apple_Half_C_2147482350
147.873459,Chopped,Apple_Slice_C_2147482348
148.517929,Chopped,Apple_Half2_C_2147482349
150.239838,Right Hand Released,Knife_C_4
151.295578,Right Hand Grab,Apple_Slice2_C_2147482347
152.306442,Right Hand Released,Apple_Slice2_C_2147482347
153.049988,Right Hand Grab,Apple_Slice4_C_2147482345
154.237915,Right Hand Released,Apple_Slice4_C_2147482345
155.037964,Right Hand Grab,Apple_Slice_C_2147482348
156.182968,Right Hand Released,Apple_Slice_C_2147482348
157.126801,Right Hand Grab,Apple_Slice3_C_2147482346
158.494095,Right Hand Released,Apple_Slice3_C_2147482346
160.472794,Right Hand Grab,ApplePieCookbook_C_0
161.539673,Right Hand Grab,ApplePieCookbook_C_0
162.573853,Right Hand Grab,ApplePieCookbook_C_0
163.928711,Right Hand Grab,Apple_C_2147482351
166.070053,Right Hand Released,Apple_C_2147482351
167.014893,Right Hand Grab,StirSpoonPieSImple_C_2147482371
167.970337,Right Hand Released,StirSpoonPieSImple_C_2147482371
169.125732,Right Hand Grab,Knife_C_4
169.937332,Chopped,Apple_C_2147482351
171.059311,Chopped,Apple_Half2_C_2147482342
171.78157,Chopped,Apple_Half_C_2147482343
173.046127,Right Hand Released,Knife_C_4
174.168243,Right Hand Grab,Apple_Slice2_C_2147482338
175.602539,Right Hand Released,Apple_Slice2_C_2147482338
176.435303,Right Hand Grab,Apple_Slice_C_2147482339
177.390701,Right Hand Released,Apple_Slice_C_2147482339
178.590469,Right Hand Grab,Apple_Slice3_C_2147482341
179.702194,Right Hand Released,Apple_Slice3_C_2147482341
180.845886,Right Hand Grab,Apple_Slice4_C_2147482340
182.201813,Right Hand Released,Apple_Slice4_C_2147482340
199.056198,Right Hand Grab,ApplePieCookbook_C_0
200.589813,Right Hand Grab,ApplePieCookbook_C_0
214.212204,Right Hand Grab,CinnyShakerGrabable_C_2147482376
220.08223,Right Hand Released,CinnyShakerGrabable_C_2147482376
224.328003,Right Hand Grab,SaucePotSimple2_C_2147482377
229.647232,Right Hand Released,SaucePotSimple2_C_2147482377
231.358368,Right Hand Grab,PieBowlSimple_C_2147482366
234.370712,Right Hand Released,PieBowlSimple_C_2147482366
237.416428,Right Hand Grab,ApplePieCookbook_C_0
242.142593,Right Hand Grab,WaterPitcherSimple_C_2147482372
244.244751,Right Hand Released,WaterPitcherSimple_C_2147482372
248.433929,Right Hand Grab,StirSpoonPieSImple_C_2147482371
273.257568,Right Hand Released,StirSpoonPieSImple_C_2147482371
276.400055,Right Hand Grab,PillsberryDoughGirlSimple_C_2147482336
279.326416,Right Hand Released,PillsberryDoughGirlSimple_C_2147482336
280.738373,Right Hand Grab,PillsberryDoughGirlSimple_C_2147482336
290.792725,Right Hand Grab,PieBowlSimple_C_2147482366
293.89209,Right Hand Released,PieBowlSimple_C_2147482366
295.426422,Right Hand Grab,PillsberryDoughBoySimple_C_2147482337
300.083252,Right Hand Grab,ApplePieCookbook_C_0
302.938629,Right Hand Grab,ApplePieCookbook_C_0
308.410797,Right Hand Grab,PiePanSimple_C_2147482369
313.276154,Left Hand Grab,oven_C_1
315.444305,Right Hand Released,PiePanSimple_C_2147482369
316.932373,Right Hand Grab,oven_C_1
331.351501,Right Hand Grab,oven_C_1
333.528992,Right Hand Grab,PiePanSimple_C_2147482369
337.527283,Right Hand Released,PiePanSimple_C_2147482369
338.937897,Right Hand Grab,None
340.54892,Right Hand Grab,oven_C_1
344.390289,Right Hand Grab,None
345.278839,Right Hand Grab,None
346.115326,Right Hand Grab,ApplePieCookbook_C_0
