Session Time,Action Type,Interacted Object
2.916694,Right Hand Grab,None
10.461815,Left Hand Grab,Knife_C_4
17.381058,Left Hand Released,Knife_C_4
26.648228,Right Hand Grab,Knife_C_4
32.758072,Right Hand Released,Knife_C_4
47.342041,Right Hand Grab,ApplePieCookbook_C_0
123.016335,Left Hand Grab,None
125.83931,Left Hand Grab,SugarJarSimple_C_2147482373
129.436417,Left Hand Released,SugarJarSimple_C_2147482373
133.703339,Left Hand Grab,ButterHolderSimple_C_2147482375
135.598785,Left Hand Released,ButterHolderSimple_C_2147482375
142.270386,Right Hand Grab,WaterPitcherSimple_C_2147482372
145.547531,Right Hand Released,WaterPitcherSimple_C_2147482372
159.990738,Right Hand Grab,None
162.212601,Right Hand Grab,None
164.523193,Right Hand Grab,ApplePieCookbook_C_0
182.428146,Right Hand Grab,SugarJarSimple_C_2147482373
184.779678,Right Hand Released,SugarJarSimple_C_2147482373
187.552399,Right Hand Grab,None
189.837646,Right Hand Grab,NewMeasuringCupSimple2_C_2147482378
197.128006,Right Hand Released,NewMeasuringCupSimple2_C_2147482378
198.028625,Right Hand Grab,NewMeasuringCupSimple2_C_2147482378
198.363068,Right Hand Released,NewMeasuringCupSimple2_C_2147482378
198.616882,Right Hand Grab,NewMeasuringCupSimple2_C_2147482378
198.960831,Right Hand Released,NewMeasuringCupSimple2_C_2147482378
199.83992,Right Hand Grab,NewMeasuringCupSimple2_C_2147482378
202.124115,Right Hand Released,NewMeasuringCupSimple2_C_2147482378
203.560791,Right Hand Grab,SaucePotSimple2_C_2147482377
204.360153,Right Hand Released,SaucePotSimple2_C_2147482377
205.327026,Right Hand Grab,SaucePotSimple2_C_2147482377
206.282059,Right Hand Released,SaucePotSimple2_C_2147482377
207.237045,Right Hand Grab,SaucePotSimple2_C_2147482377
208.293182,Right Hand Released,SaucePotSimple2_C_2147482377
208.903732,Right Hand Grab,SaucePotSimple2_C_2147482377
209.726501,Right Hand Released,SaucePotSimple2_C_2147482377
210.415939,Right Hand Grab,SaucePotSimple2_C_2147482377
210.958664,Right Hand Released,SaucePotSimple2_C_2147482377
212.013672,Right Hand Grab,SaucePotSimple2_C_2147482377
213.813782,Right Hand Released,SaucePotSimple2_C_2147482377
214.869843,Right Hand Grab,SaucePotSimple2_C_2147482377
215.502869,Right Hand Released,SaucePotSimple2_C_2147482377
216.068863,Right Hand Grab,SaucePotSimple2_C_2147482377
216.636276,Right Hand Released,SaucePotSimple2_C_2147482377
217.347198,Right Hand Grab,SaucePotSimple2_C_2147482377
218.057785,Right Hand Released,SaucePotSimple2_C_2147482377
218.935669,Right Hand Grab,NewMeasuringCupSimple2_C_2147482378
219.345947,Right Hand Released,NewMeasuringCupSimple2_C_2147482378
219.968674,Right Hand Grab,NewMeasuringCupSimple2_C_2147482378
222.578903,Right Hand Released,NewMeasuringCupSimple2_C_2147482378
227.355499,Right Hand Grab,WaterPitcherSimple_C_2147482372
232.278198,Right Hand Released,WaterPitcherSimple_C_2147482372
232.888184,Right Hand Grab,WaterPitcherSimple_C_2147482372
239.895508,Right Hand Released,WaterPitcherSimple_C_2147482372
241.273605,Right Hand Grab,WaterPitcherSimple_C_2147482372
243.49704,Right Hand Released,WaterPitcherSimple_C_2147482372
245.674286,Right Hand Grab,SaucePotSimple2_C_2147482377
247.00824,Right Hand Released,SaucePotSimple2_C_2147482377
250.640411,Right Hand Grab,Butter_C_2147482374
251.927109,Right Hand Released,Butter_C_2147482374
252.881958,Right Hand Grab,Butter_C_2147482374
255.295425,Right Hand Released,Butter_C_2147482374
256.550385,Right Hand Grab,Butter_C_2147482368
262.828735,Right Hand Grab,PieBowlSimple_C_2147482366
263.093842,Right Hand Released,PieBowlSimple_C_2147482366
264.882568,Right Hand Grab,ApplePieCookbook_C_0
265.827545,Right Hand Grab,SaucePotSimple2_C_2147482377
266.660553,Right Hand Released,SaucePotSimple2_C_2147482377
277.42334,Right Hand Grab,Apple_C_2147482388
279.223602,Right Hand Released,Apple_C_2147482388
280.378418,Left Hand Grab,Knife_C_4
280.81192,Left Hand Released,Knife_C_4
281.644257,Right Hand Grab,Knife_C_4
282.823334,Left Hand Grab,Apple_C_2147482388
283.245941,Chopped,Apple_C_2147482388
283.845184,Chopped,Apple_Half_C_2147482364
284.849792,Chopped,Apple_Half2_C_2147482363
285.710724,Chopped,Apple_Half_C_2147482364
287.64563,Chopped,Apple_Slice4_C_2147482361
288.588318,Chopped,Apple_Slice4_C_2147482361
290.122162,Chopped,Apple_Slice2_C_2147482359
291.210785,Right Hand Released,Knife_C_4
295.908081,Right Hand Grab,CinnyShakerGrabable_C_2147482376
301.730743,Right Hand Released,CinnyShakerGrabable_C_2147482376
302.530914,Right Hand Grab,None
303.595551,Right Hand Grab,PieBowlSimple_C_2147482366
304.296021,Right Hand Released,PieBowlSimple_C_2147482366
304.897308,Right Hand Grab,PieBowlSimple_C_2147482366
307.963928,Right Hand Released,PieBowlSimple_C_2147482366
309.308044,Right Hand Grab,CinnyShakerGrabable_C_2147482376
312.96225,Right Hand Released,CinnyShakerGrabable_C_2147482376
314.440338,Right Hand Grab,Apple_Slice2_C_2147482359
315.404388,Right Hand Released,Apple_Slice2_C_2147482359
316.172119,Right Hand Grab,Apple_Slice4_C_2147482361
318.028564,Right Hand Released,Apple_Slice4_C_2147482361
318.760162,Right Hand Grab,Apple_Slice3_C_2147482362
319.837952,Right Hand Released,Apple_Slice3_C_2147482362
320.738342,Right Hand Grab,Apple_Slice_C_2147482360
321.683533,Right Hand Released,Apple_Slice_C_2147482360
327.215088,Right Hand Grab,CinnyShakerGrabable_C_2147482376
335.301453,Right Hand Released,CinnyShakerGrabable_C_2147482376
337.923492,Right Hand Grab,Apple_C_2147482365
339.356445,Right Hand Released,Apple_C_2147482365
340.878357,Right Hand Grab,Knife_C_4
341.834991,Left Hand Grab,Apple_C_2147482365
342.547089,Chopped,Apple_C_2147482365
343.523407,Chopped,Apple_Half2_C_2147482356
344.812592,Chopped,Apple_Half2_C_2147482356
345.690735,Chopped,Apple_Half_C_2147482357
349.010162,Right Hand Released,Knife_C_4
349.865997,Right Hand Grab,Apple_Slice_C_2147482353
351.552307,Right Hand Released,Apple_Slice_C_2147482353
352.286102,Right Hand Grab,Apple_Slice2_C_2147482352
353.230652,Right Hand Released,Apple_Slice2_C_2147482352
354.009613,Right Hand Grab,PieBowlSimple_C_2147482366
355.109741,Right Hand Released,PieBowlSimple_C_2147482366
356.128723,Right Hand Grab,Apple_Slice3_C_2147482355
357.353088,Right Hand Released,Apple_Slice3_C_2147482355
358.199493,Right Hand Grab,Apple_Slice4_C_2147482354
359.209656,Right Hand Released,Apple_Slice4_C_2147482354
361.041962,Right Hand Grab,Apple_C_2147482358
362.351837,Right Hand Released,Apple_C_2147482358
364.474152,Left Hand Grab,Apple_C_2147482358
364.997192,Right Hand Grab,Knife_C_4
365.731171,Chopped,Apple_C_2147482358
366.396851,Chopped,Apple_Half2_C_2147482349
367.684998,Chopped,Apple_Half_C_2147482350
368.57431,Chopped,Apple_Half2_C_2147482349
371.115784,Right Hand Released,Knife_C_4
372.68338,Right Hand Grab,Apple_Slice2_C_2147482347
373.750885,Right Hand Released,Apple_Slice2_C_2147482347
374.372314,Right Hand Grab,Apple_Slice_C_2147482348
375.159119,Right Hand Released,Apple_Slice_C_2147482348
376.036774,Right Hand Grab,Apple_Slice4_C_2147482345
376.916595,Right Hand Released,Apple_Slice4_C_2147482345
377.704193,Right Hand Grab,Apple_Slice3_C_2147482346
378.5159,Right Hand Released,Apple_Slice3_C_2147482346
381.324432,Right Hand Grab,Apple_C_2147482351
382.790741,Right Hand Released,Apple_C_2147482351
385.047058,Left Hand Grab,Apple_C_2147482351
385.446716,Right Hand Grab,Knife_C_4
386.046478,Left Hand Released,Apple_C_2147482351
386.702667,Left Hand Grab,Apple_C_2147482351
389.670135,Chopped,Apple_C_2147482351
390.436554,Chopped,Apple_Half_C_2147482343
391.291016,Chopped,Apple_Half_C_2147482343
394.12326,Chopped,Apple_Slice_C_2147482341
395.822113,Right Hand Released,Knife_C_4
396.767975,Right Hand Grab,Knife_C_4
397.834717,Chopped,Apple_Half2_C_2147482342
398.945709,Right Hand Released,Knife_C_4
399.78952,Right Hand Grab,Apple_Slice_C_2147482341
400.721588,Right Hand Released,Apple_Slice_C_2147482341
401.578125,Right Hand Grab,Apple_Slice3_C_2147482339
402.544098,Right Hand Released,Apple_Slice3_C_2147482339
403.454987,Right Hand Grab,Apple_Slice4_C_2147482338
404.598389,Right Hand Released,Apple_Slice4_C_2147482338
405.420776,Right Hand Grab,Apple_Slice2_C_2147482340
406.497986,Right Hand Released,Apple_Slice2_C_2147482340
410.097717,Right Hand Grab,CinnyShakerGrabable_C_2147482376
422.440491,Right Hand Released,CinnyShakerGrabable_C_2147482376
424.84079,Right Hand Grab,CinnyShakerGrabable_C_2147482376
445.32373,Right Hand Released,CinnyShakerGrabable_C_2147482376
459.500366,Left Hand Grab,SaucePotSimple2_C_2147482377
465.665497,Left Hand Released,SaucePotSimple2_C_2147482377
471.595673,Right Hand Grab,None
474.488586,Right Hand Grab,ApplePieCookbook_C_0
481.90506,Right Hand Grab,StirSpoonPieSImple_C_2147482371
485.361206,Left Hand Grab,None
486.293182,Left Hand Grab,PieBowlSimple_C_2147482366
490.015717,Left Hand Released,PieBowlSimple_C_2147482366
490.894226,Left Hand Grab,PieBowlSimple_C_2147482366
492.04715,Left Hand Released,PieBowlSimple_C_2147482366
492.080017,Right Hand Released,StirSpoonPieSImple_C_2147482371
502.493835,Right Hand Grab,PieBowlSimple_C_2147482366
504.413391,Right Hand Released,PieBowlSimple_C_2147482366
509.266815,Right Hand Grab,PillsberryDoughGirlSimple_C_2147482336
514.945435,Right Hand Grab,CinnyShakerGrabable_C_2147482376
515.765686,Right Hand Released,CinnyShakerGrabable_C_2147482376
516.487183,Right Hand Grab,PieBowlSimple_C_2147482366
521.04657,Right Hand Released,PieBowlSimple_C_2147482366
524.554626,Right Hand Grab,PillsberryDoughBoySimple_C_2147482337
529.933411,Right Hand Grab,None
531.000244,Right Hand Grab,ApplePieCookbook_C_0
534.334656,Right Hand Grab,ApplePieCookbook_C_0
542.763733,Right Hand Grab,PiePanSimple_C_2147482369
545.216858,Left Hand Grab,oven_C_1
548.830444,Right Hand Released,PiePanSimple_C_2147482369
551.285767,Left Hand Grab,oven_C_1
576.0896,Left Hand Grab,oven_C_1
577.857727,Right Hand Grab,None
578.858032,Right Hand Grab,PiePanSimple_C_2147482369
581.645081,Left Hand Grab,oven_C_1
588.06134,Right Hand Released,PiePanSimple_C_2147482369
589.974121,Right Hand Grab,None
590.922241,Right Hand Grab,None
591.744446,Right Hand Grab,ApplePieCookbook_C_0
597.605347,Right Hand Grab,Knife_C_4
