Session Time,Action Type,Interacted Object
5.186088,Right Hand Grab,ApplePieCookbook_C_0
10.632078,Right Hand Grab,ApplePieCookbook_C_0
19.306938,Left Hand Grab,SugarJarSimple_C_2147482373
20.781549,Left Hand Released,SugarJarSimple_C_2147482373
25.907124,Left Hand Grab,NewMeasuringCupSimple2_C_2147482378
34.41745,Left Hand Released,NewMeasuringCupSimple2_C_2147482378
36.480988,Right Hand Grab,WaterPitcherSimple_C_2147482372
43.072811,Right Hand Released,WaterPitcherSimple_C_2147482372
53.401016,Right Hand Grab,NewMeasuringCupSimple2_C_2147482378
54.157215,Right Hand Released,NewMeasuringCupSimple2_C_2147482378
54.779045,Right Hand Grab,ButterHolderSimple_C_2147482375
55.525101,Right Hand Released,ButterHolderSimple_C_2147482375
56.156704,Right Hand Grab,Butter_C_2147482374
57.379879,Right Hand Released,Butter_C_2147482374
58.17989,Right Hand Grab,Knife_C_4
60.321991,Right Hand Released,Knife_C_4
60.97744,Right Hand Grab,Butter_C_2147482374
62.000412,Right Hand Released,Butter_C_2147482374
62.812366,Right Hand Grab,Butter_C_2147482368
69.209213,Right Hand Grab,Apple_C_2147482383
70.632263,Right Hand Released,Apple_C_2147482383
71.908722,Right Hand Grab,Apple_C_2147482365
72.918213,Right Hand Released,Apple_C_2147482365
74.085342,Left Hand Grab,ApplePieCookbook_C_0
74.085342,Right Hand Grab,Apple_C_2147482380
74.909332,Right Hand Released,Apple_C_2147482380
75.462402,Right Hand Grab,Apple_C_2147482380
75.540932,Left Hand Grab,Apple_C_2147482364
77.941849,Left Hand Released,Apple_C_2147482364
77.964111,Right Hand Released,Apple_C_2147482380
80.773674,Left Hand Grab,ApplePieCookbook_C_0
84.884018,Right Hand Grab,Knife_C_4
85.762054,Chopped,Apple_C_2147482380
86.350296,Chopped,Apple_Half2_C_2147482360
86.906837,Chopped,Apple_C_2147482364
87.47303,Chopped,Apple_Half2_C_2147482358
88.039543,Chopped,Apple_C_2147482365
88.693466,Chopped,Apple_Half2_C_2147482356
89.260468,Chopped,Apple_Half_C_2147482357
89.882172,Chopped,Apple_C_2147482383
90.515015,Chopped,Apple_Half_C_2147482359
91.070274,Chopped,Apple_Half2_C_2147482352
91.758247,Chopped,Apple_Half2_C_2147482358
92.392372,Chopped,Apple_Half2_C_2147482356
92.992165,Chopped,Apple_Half2_C_2147482360
93.659203,Chopped,Apple_Slice3_C_2147482343
94.259659,Chopped,Apple_Slice4_C_2147482342
94.881287,Chopped,Apple_Slice3_C_2147482343
95.425652,Chopped,Apple_Half_C_2147482361
95.970428,Chopped,Apple_Half_C_2147482353
96.746788,Chopped,Apple_Slice4_C_2147482344
97.269218,Chopped,Apple_Slice3_C_2147482349
97.468925,Right Hand Released,Knife_C_4
97.634949,Right Hand Grab,Apple_Slice2_C_2147482350
97.791389,Right Hand Released,Apple_Slice2_C_2147482350
100.146271,Right Hand Grab,Apple_Slice2_C_2147482354
101.780418,Right Hand Released,Apple_Slice2_C_2147482354
102.801155,Right Hand Grab,Apple_Slice_C_2147482355
103.401016,Right Hand Released,Apple_Slice_C_2147482355
104.167374,Right Hand Grab,Apple_Slice3_C_2147482349
104.924492,Right Hand Released,Apple_Slice3_C_2147482349
105.867531,Right Hand Grab,Apple_Slice_C_2147482351
105.912613,Left Hand Grab,Apple_Slice_C_2147482351
106.957222,Right Hand Released,Apple_Slice_C_2147482351
107.001289,Left Hand Released,Apple_Slice_C_2147482351
107.634712,Right Hand Grab,Apple_Slice4_C_2147482348
108.278595,Right Hand Released,Apple_Slice4_C_2147482348
108.833961,Left Hand Grab,Knife_C_4
108.955933,Chopped,Apple_Slice4_C_2147482344
110.179085,Left Hand Released,Knife_C_4
110.779396,Right Hand Grab,Apple_Slice4_C_2147482342
111.700798,Right Hand Released,Apple_Slice4_C_2147482342
113.533073,Right Hand Grab,Apple_Slice3_C_2147482345
114.256119,Right Hand Released,Apple_Slice3_C_2147482345
114.955093,Left Hand Grab,Apple_Slice_C_2147482355
115.678162,Left Hand Released,Apple_Slice_C_2147482355
116.011688,Right Hand Grab,Apple_Slice4_C_2147482344
116.866325,Right Hand Released,Apple_Slice4_C_2147482344
117.920296,Right Hand Grab,Apple_Slice2_C_2147482340
117.965561,Left Hand Grab,Apple_Slice3_C_2147482347
119.03241,Left Hand Released,Apple_Slice3_C_2147482347
119.120598,Right Hand Released,Apple_Slice2_C_2147482340
119.898766,Right Hand Grab,Apple_Slice3_C_2147482343
120.442657,Right Hand Released,Apple_Slice3_C_2147482343
120.820686,Right Hand Grab,Apple_Slice_C_2147482339
121.531326,Right Hand Released,Apple_Slice_C_2147482339
122.209373,Right Hand Grab,Apple_Slice4_C_2147482346
122.832336,Right Hand Released,Apple_Slice4_C_2147482346
123.564331,Left Hand Grab,Apple_Slice2_C_2147482338
124.397408,Left Hand Released,Apple_Slice2_C_2147482338
124.830063,Right Hand Grab,Knife_C_4
125.687752,Right Hand Released,Knife_C_4
126.142532,Right Hand Grab,CinnyShakerGrabable_C_2147482376
127.208511,Right Hand Released,CinnyShakerGrabable_C_2147482376
127.608383,Right Hand Grab,Knife_C_4
128.397675,Right Hand Released,Knife_C_4
128.8974,Right Hand Grab,Apple_Slice3_C_2147482343
130.109268,Right Hand Released,Apple_Slice3_C_2147482343
132.952271,Right Hand Grab,Apple_C_2147482381
134.362579,Right Hand Released,Apple_C_2147482381
135.106369,Right Hand Grab,Knife_C_4
135.839249,Chopped,Apple_C_2147482381
136.373566,Chopped,Apple_Half_C_2147482336
139.629211,Right Hand Released,Knife_C_4
142.938263,Right Hand Grab,Apple_Half2_C_2147482335
144.638031,Right Hand Released,Apple_Half2_C_2147482335
147.40419,Right Hand Grab,Apple_Half_C_2147482336
148.137619,Right Hand Released,Apple_Half_C_2147482336
155.5215,Right Hand Grab,PieBowlSimple_C_2147482366
158.07901,Right Hand Released,PieBowlSimple_C_2147482366
159.346954,Right Hand Grab,Apple_Half_C_2147482336
160.191162,Right Hand Released,Apple_Half_C_2147482336
166.699875,Right Hand Grab,None
167.711716,Right Hand Grab,Apple_Half_C_2147482336
169.155563,Right Hand Released,Apple_Half_C_2147482336
171.320831,Right Hand Grab,PieBowlSimple_C_2147482366
174.053986,Right Hand Released,PieBowlSimple_C_2147482366
181.200043,Right Hand Grab,ApplePieCookbook_C_0
186.485336,Right Hand Grab,CinnyShakerGrabable_C_2147482376
197.484543,Right Hand Released,CinnyShakerGrabable_C_2147482376
203.327698,Right Hand Grab,SaucePotSimple2_C_2147482377
209.415573,Right Hand Released,SaucePotSimple2_C_2147482377
211.415146,Right Hand Grab,ApplePieCookbook_C_0
215.156326,Right Hand Grab,StirSpoonPieSImple_C_2147482371
225.845474,Right Hand Released,StirSpoonPieSImple_C_2147482371
227.722748,Right Hand Grab,PillsberryDoughGirlSimple_C_2147482333
232.821655,Right Hand Grab,ApplePieCookbook_C_0
240.75386,Right Hand Grab,PieBowlSimple_C_2147482366
243.568649,Right Hand Released,PieBowlSimple_C_2147482366
244.364929,Right Hand Grab,PillsberryDoughBoySimple_C_2147482334
245.361984,Right Hand Released,PillsberryDoughBoySimple_C_2147482334
247.087555,Right Hand Grab,ApplePieCookbook_C_0
250.264038,Right Hand Grab,PiePanSimple_C_2147482369
255.605179,Left Hand Grab,oven_C_1
257.397552,Right Hand Released,PiePanSimple_C_2147482369
258.673035,Right Hand Grab,oven_C_1
264.284241,Right Hand Grab,None
265.062439,Right Hand Grab,None
266.006622,Right Hand Grab,ApplePieCookbook_C_0
289.246735,Right Hand Grab,None
290.280609,Right Hand Grab,None
293.123444,Right Hand Grab,None
