Session Time,Action Type,Interacted Object
9.039722,Right Hand Grab,None
11.551682,Right Hand Grab,ApplePieCookbook_C_0
25.260454,Right Hand Grab,ApplePieCookbook_C_0
32.856819,Right Hand Grab,NewMeasuringCupSimple2_C_2147482378
33.801678,Right Hand Released,NewMeasuringCupSimple2_C_2147482378
35.189655,Left Hand Grab,None
36.434967,Left Hand Grab,SugarJarSimple_C_2147482373
37.920074,Right Hand Grab,NewMeasuringCupSimple2_C_2147482378
40.127972,Left Hand Released,SugarJarSimple_C_2147482373
40.385551,Right Hand Released,NewMeasuringCupSimple2_C_2147482378
46.797695,Right Hand Grab,NewMeasuringCupSimple2_C_2147482378
48.621155,Right Hand Released,NewMeasuringCupSimple2_C_2147482378
51.524754,Right Hand Grab,NewMeasuringCupSimple2_C_2147482378
52.826614,Right Hand Released,NewMeasuringCupSimple2_C_2147482378
56.237553,Right Hand Grab,WaterPitcherSimple_C_2147482372
65.188316,Right Hand Released,WaterPitcherSimple_C_2147482372
66.034515,Right Hand Grab,None
66.827057,Right Hand Grab,WaterPitcherSimple_C_2147482372
70.044014,Right Hand Released,WaterPitcherSimple_C_2147482372
71.614037,Right Hand Grab,WaterPitcherSimple_C_2147482372
73.52652,Right Hand Released,WaterPitcherSimple_C_2147482372
85.22522,Left Hand Grab,None
86.159767,Left Hand Grab,ButterHolderSimple_C_2147482375
87.25367,Left Hand Released,ButterHolderSimple_C_2147482375
90.52504,Left Hand Grab,Butter_C_2147482374
92.524918,Left Hand Released,Butter_C_2147482374
94.214081,Right Hand Grab,Butter_C_2147482368
95.541214,Right Hand Released,Butter_C_2147482368
107.154572,Right Hand Grab,Apple_C_2147482388
109.656601,Right Hand Released,Apple_C_2147482388
110.699265,Left Hand Grab,PieBowlSimple_C_2147482366
111.853737,Left Hand Released,PieBowlSimple_C_2147482366
113.639992,Right Hand Grab,None
114.743271,Left Hand Grab,PieBowlSimple_C_2147482366
115.750839,Left Hand Released,PieBowlSimple_C_2147482366
117.012825,Right Hand Grab,Apple_C_2147482365
119.364014,Right Hand Released,Apple_C_2147482365
120.142586,Right Hand Grab,Knife_C_4
120.900734,Chopped,Apple_C_2147482365
122.752098,Chopped,Apple_Half_C_2147482363
123.495911,Chopped,Apple_Half2_C_2147482362
124.108582,Chopped,Apple_Slice_C_2147482361
124.663826,Chopped,Apple_Slice_C_2147482361
125.442017,Right Hand Released,Knife_C_4
126.274796,Right Hand Grab,Apple_Slice4_C_2147482358
128.329117,Right Hand Released,Apple_Slice4_C_2147482358
128.97287,Right Hand Grab,Apple_Slice2_C_2147482360
129.774139,Right Hand Released,Apple_Slice2_C_2147482360
130.33992,Right Hand Grab,Apple_Slice_C_2147482361
130.973969,Right Hand Released,Apple_Slice_C_2147482361
131.528809,Right Hand Grab,PieBowlSimple_C_2147482366
132.334778,Right Hand Released,PieBowlSimple_C_2147482366
132.967148,Right Hand Grab,Apple_Slice3_C_2147482359
133.884186,Right Hand Released,Apple_Slice3_C_2147482359
136.018234,Right Hand Grab,Apple_C_2147482364
137.106873,Right Hand Released,Apple_C_2147482364
137.750259,Right Hand Grab,WaterPitcherSimple_C_2147482372
138.971771,Right Hand Released,WaterPitcherSimple_C_2147482372
139.961731,Right Hand Grab,Knife_C_4
140.605087,Chopped,Apple_C_2147482364
141.216858,Chopped,Apple_Half_C_2147482356
142.028122,Chopped,Apple_Half2_C_2147482355
142.661224,Chopped,Apple_Slice4_C_2147482353
143.326828,Chopped,Apple_Half_C_2147482356
143.794052,Right Hand Released,Knife_C_4
145.44812,Right Hand Grab,Apple_Slice2_C_2147482351
148.915222,Right Hand Released,Apple_Slice2_C_2147482351
149.511551,Right Hand Grab,Apple_Slice_C_2147482352
150.413986,Right Hand Released,Apple_Slice_C_2147482352
150.914337,Right Hand Grab,Apple_Slice3_C_2147482354
151.980957,Right Hand Released,Apple_Slice3_C_2147482354
152.524567,Right Hand Grab,Apple_Slice4_C_2147482353
153.536163,Right Hand Released,Apple_Slice4_C_2147482353
154.724503,Right Hand Grab,Apple_C_2147482357
155.869339,Right Hand Released,Apple_C_2147482357
156.880066,Right Hand Grab,WaterPitcherSimple_C_2147482372
157.811218,Right Hand Released,WaterPitcherSimple_C_2147482372
158.824432,Right Hand Grab,WaterPitcherSimple_C_2147482372
160.03508,Right Hand Released,WaterPitcherSimple_C_2147482372
161.368454,Right Hand Grab,Knife_C_4
162.090454,Chopped,Apple_C_2147482357
162.60202,Chopped,Apple_Half2_C_2147482348
163.635239,Chopped,Apple_Half_C_2147482349
164.655487,Chopped,Apple_Half2_C_2147482348
165.967575,Right Hand Released,Knife_C_4
166.85582,Right Hand Grab,Apple_Slice2_C_2147482346
168.754684,Right Hand Released,Apple_Slice2_C_2147482346
169.199814,Right Hand Grab,Apple_Slice3_C_2147482345
170.209763,Right Hand Released,Apple_Slice3_C_2147482345
170.854736,Right Hand Grab,Apple_Slice_C_2147482347
171.788498,Right Hand Released,Apple_Slice_C_2147482347
172.43219,Right Hand Grab,Apple_Slice4_C_2147482344
173.399155,Right Hand Released,Apple_Slice4_C_2147482344
175.043106,Right Hand Grab,Apple_C_2147482381
176.576309,Right Hand Released,Apple_C_2147482381
177.398788,Right Hand Grab,Knife_C_4
177.976639,Chopped,Apple_C_2147482381
178.776917,Chopped,Apple_Half2_C_2147482341
179.321243,Chopped,Apple_Half2_C_2147482341
179.909927,Chopped,Apple_Slice4_C_2147482339
180.543121,Chopped,Apple_Half_C_2147482342
181.754135,Right Hand Released,Knife_C_4
182.507294,Right Hand Grab,Apple_Slice4_C_2147482339
183.609558,Right Hand Released,Apple_Slice4_C_2147482339
184.075363,Right Hand Grab,Apple_Slice_C_2147482338
184.874481,Right Hand Released,Apple_Slice_C_2147482338
185.464157,Right Hand Grab,Apple_Slice2_C_2147482337
186.342377,Right Hand Released,Apple_Slice2_C_2147482337
186.986038,Right Hand Grab,Apple_Slice3_C_2147482340
188.20816,Right Hand Released,Apple_Slice3_C_2147482340
191.663651,Right Hand Grab,None
193.140427,Right Hand Grab,ApplePieCookbook_C_0
200.904175,Right Hand Grab,CinnyShakerGrabable_C_2147482376
203.450119,Right Hand Released,CinnyShakerGrabable_C_2147482376
204.361008,Right Hand Grab,CinnyShakerGrabable_C_2147482376
206.849091,Right Hand Released,CinnyShakerGrabable_C_2147482376
208.169907,Right Hand Grab,None
214.069656,Right Hand Grab,SaucePotSimple2_C_2147482377
219.102631,Right Hand Released,SaucePotSimple2_C_2147482377
221.257401,Right Hand Grab,ApplePieCookbook_C_0
225.123077,Right Hand Grab,WaterPitcherSimple_C_2147482372
226.512558,Right Hand Released,WaterPitcherSimple_C_2147482372
227.101608,Right Hand Grab,StirSpoonPieSImple_C_2147482371
233.594955,Left Hand Grab,PieBowlSimple_C_2147482366
234.94101,Left Hand Released,PieBowlSimple_C_2147482366
236.019699,Left Hand Grab,PieBowlSimple_C_2147482366
239.06604,Right Hand Released,StirSpoonPieSImple_C_2147482371
240.751816,Right Hand Grab,StirSpoonPieSImple_C_2147482371
252.345139,Right Hand Released,StirSpoonPieSImple_C_2147482371
253.718491,Left Hand Released,PieBowlSimple_C_2147482366
257.790161,Right Hand Grab,PillsberryDoughGirlSimple_C_2147482335
263.551361,Right Hand Grab,ApplePieCookbook_C_0
268.19397,Right Hand Grab,PieBowlSimple_C_2147482366
271.927704,Right Hand Released,PieBowlSimple_C_2147482366
274.737,Right Hand Grab,PillsberryDoughBoySimple_C_2147482336
277.304718,Right Hand Released,PillsberryDoughBoySimple_C_2147482336
279.892303,Right Hand Grab,ApplePieCookbook_C_0
289.788696,Right Hand Grab,None
290.752472,Right Hand Grab,oven_C_1
293.742706,Left Hand Grab,None
308.351288,Right Hand Grab,PiePanSimple_C_2147482369
313.896698,Right Hand Released,PiePanSimple_C_2147482369
316.705505,Right Hand Grab,oven_C_1
332.603943,Right Hand Grab,oven_C_1
334.849609,Right Hand Grab,PiePanSimple_C_2147482369
335.661194,Right Hand Released,PiePanSimple_C_2147482369
336.005615,Right Hand Grab,PiePanSimple_C_2147482369
336.535095,Right Hand Released,PiePanSimple_C_2147482369
337.459625,Right Hand Grab,PiePanSimple_C_2147482369
338.159943,Right Hand Released,PiePanSimple_C_2147482369
338.670959,Right Hand Grab,PiePanSimple_C_2147482369
339.392578,Right Hand Released,PiePanSimple_C_2147482369
342.559052,Left Hand Grab,PiePanSimple_C_2147482369
343.503326,Left Hand Released,PiePanSimple_C_2147482369
344.025055,Left Hand Grab,PiePanSimple_C_2147482369
344.881226,Left Hand Released,PiePanSimple_C_2147482369
345.836395,Right Hand Grab,PiePanSimple_C_2147482369
346.802429,Right Hand Released,PiePanSimple_C_2147482369
347.379272,Right Hand Grab,PiePanSimple_C_2147482369
348.16925,Right Hand Released,PiePanSimple_C_2147482369
351.046844,Right Hand Grab,PiePanSimple_C_2147482369
351.935547,Right Hand Released,PiePanSimple_C_2147482369
360.876556,Right Hand Grab,PiePanSimple_C_2147482369
361.654602,Right Hand Released,PiePanSimple_C_2147482369
362.021271,Right Hand Grab,PiePanSimple_C_2147482369
362.899231,Right Hand Released,PiePanSimple_C_2147482369
364.785645,Right Hand Grab,PiePanSimple_C_2147482369
365.654358,Right Hand Released,PiePanSimple_C_2147482369
366.021545,Right Hand Grab,PiePanSimple_C_2147482369
367.854523,Right Hand Released,PiePanSimple_C_2147482369
372.337463,Right Hand Grab,PiePanSimple_C_2147482369
372.982178,Right Hand Released,PiePanSimple_C_2147482369
373.374542,Right Hand Grab,PiePanSimple_C_2147482369
374.264587,Right Hand Released,PiePanSimple_C_2147482369
374.553436,Right Hand Grab,PiePanSimple_C_2147482369
376.00882,Left Hand Grab,PiePanSimple_C_2147482369
377.308594,Right Hand Released,PiePanSimple_C_2147482369
377.342194,Left Hand Released,PiePanSimple_C_2147482369
377.630341,Right Hand Grab,PiePanSimple_C_2147482369
377.720581,Left Hand Grab,PiePanSimple_C_2147482369
378.764038,Right Hand Released,PiePanSimple_C_2147482369
378.764038,Left Hand Released,PiePanSimple_C_2147482369
379.141815,Right Hand Grab,PiePanSimple_C_2147482369
379.163696,Left Hand Grab,PiePanSimple_C_2147482369
379.987091,Right Hand Released,PiePanSimple_C_2147482369
379.998688,Left Hand Released,PiePanSimple_C_2147482369
380.385712,Right Hand Grab,PiePanSimple_C_2147482369
380.407959,Left Hand Grab,PiePanSimple_C_2147482369
381.497192,Right Hand Released,PiePanSimple_C_2147482369
381.507935,Left Hand Released,PiePanSimple_C_2147482369
381.996582,Right Hand Grab,PiePanSimple_C_2147482369
382.030548,Left Hand Grab,PiePanSimple_C_2147482369
383.585022,Right Hand Released,PiePanSimple_C_2147482369
383.628937,Left Hand Released,PiePanSimple_C_2147482369
384.161469,Left Hand Grab,PiePanSimple_C_2147482369
384.161469,Right Hand Grab,PiePanSimple_C_2147482369
385.60672,Left Hand Released,PiePanSimple_C_2147482369
385.685028,Right Hand Released,PiePanSimple_C_2147482369
388.172058,Left Hand Grab,PiePanSimple_C_2147482369
388.19458,Right Hand Grab,PiePanSimple_C_2147482369
391.150543,Left Hand Released,PiePanSimple_C_2147482369
391.206726,Right Hand Released,PiePanSimple_C_2147482369
391.716522,Right Hand Grab,PiePanSimple_C_2147482369
392.439178,Right Hand Released,PiePanSimple_C_2147482369
392.795349,Right Hand Grab,PiePanSimple_C_2147482369
394.483765,Right Hand Released,PiePanSimple_C_2147482369
394.894745,Left Hand Grab,PiePanSimple_C_2147482369
395.716949,Left Hand Released,PiePanSimple_C_2147482369
396.271973,Right Hand Grab,PiePanSimple_C_2147482369
397.061279,Right Hand Released,PiePanSimple_C_2147482369
397.294617,Right Hand Grab,PiePanSimple_C_2147482369
397.81662,Right Hand Released,PiePanSimple_C_2147482369
398.515594,Left Hand Grab,None
399.115723,Right Hand Grab,PiePanSimple_C_2147482369
400.115814,Right Hand Released,PiePanSimple_C_2147482369
402.591553,Right Hand Grab,PiePanSimple_C_2147482369
403.381409,Right Hand Released,PiePanSimple_C_2147482369
403.836609,Right Hand Grab,PiePanSimple_C_2147482369
404.715912,Right Hand Released,PiePanSimple_C_2147482369
405.115601,Left Hand Grab,PiePanSimple_C_2147482369
405.792206,Left Hand Released,PiePanSimple_C_2147482369
406.202026,Right Hand Grab,PiePanSimple_C_2147482369
406.558655,Left Hand Grab,PiePanSimple_C_2147482369
407.059082,Right Hand Released,PiePanSimple_C_2147482369
407.114014,Left Hand Released,PiePanSimple_C_2147482369
407.603638,Right Hand Grab,PiePanSimple_C_2147482369
407.881561,Left Hand Grab,PiePanSimple_C_2147482369
408.770111,Left Hand Released,PiePanSimple_C_2147482369
408.814056,Right Hand Released,PiePanSimple_C_2147482369
409.535828,Right Hand Grab,PiePanSimple_C_2147482369
410.380127,Right Hand Released,PiePanSimple_C_2147482369
411.046692,Right Hand Grab,PiePanSimple_C_2147482369
412.069061,Right Hand Released,PiePanSimple_C_2147482369
416.06311,Right Hand Grab,oven_C_1
