Session Time,Action Type,Interacted Object
7.805719,Right Hand Grab,BeefStewCookbook_C_0
23.002619,Right Hand Grab,Carrot_Choppable_C_2147482402
24.613819,Right Hand Released,Carrot_Choppable_C_2147482402
25.691275,Right Hand Grab,None
27.113485,Right Hand Grab,Carrot_Choppable_C_2147482405
28.590691,Right Hand Released,Carrot_Choppable_C_2147482405
33.389347,Right Hand Grab,Onion_Choppable_C_2147482389
37.055222,Right Hand Released,Onion_Choppable_C_2147482389
49.619789,Right Hand Grab,StirSpoonSimple_C_2147482380
50.507992,Right Hand Released,StirSpoonSimple_C_2147482380
51.041027,Right Hand Grab,BrothParent_C_2147482378
53.109173,Right Hand Released,BrothParent_C_2147482378
54.254333,Right Hand Grab,BrothParent_C_2147482378
65.650612,Right Hand Released,BrothParent_C_2147482378
66.450851,Right Hand Grab,BeefStewCookbook_C_0
67.284828,Right Hand Grab,BeefStewCookbook_C_0
68.338783,Right Hand Grab,BrothParent_C_2147482378
70.913216,Right Hand Released,BrothParent_C_2147482378
76.080887,Right Hand Grab,Onion_Choppable_C_2147482392
80.136101,Right Hand Released,Onion_Choppable_C_2147482392
82.125748,Right Hand Grab,BeefStewCookbook_C_0
84.568413,Right Hand Grab,Onion_Choppable_C_2147482392
85.635498,Right Hand Released,Onion_Choppable_C_2147482392
89.766624,Right Hand Grab,Meat_Choppable_C_2147482398
92.812363,Right Hand Released,Meat_Choppable_C_2147482398
93.510483,Right Hand Grab,Knife_C_4
94.19809,Chopped,Meat_Choppable_C_2147482398
94.689301,Right Hand Released,Knife_C_4
95.433762,Right Hand Grab,Knife_C_4
96.022034,Chopped,Meat_HalfRight_Choppable_C_2147482365
96.355377,Right Hand Released,Knife_C_4
100.589928,Right Hand Grab,Meat_QuarterRight2_C_2147482363
101.433144,Right Hand Released,Meat_QuarterRight2_C_2147482363
101.910507,Right Hand Grab,Knife_C_4
102.7435,Right Hand Released,Knife_C_4
107.275963,Right Hand Grab,Meat_QuarterRight1_C_2147482364
108.841042,Right Hand Released,Meat_QuarterRight1_C_2147482364
110.000595,Right Hand Grab,Meat_QuarterRight2_C_2147482363
111.10746,Right Hand Released,Meat_QuarterRight2_C_2147482363
112.252884,Right Hand Grab,Meat_HalfLeft_Choppable_C_2147482366
115.074387,Right Hand Released,Meat_HalfLeft_Choppable_C_2147482366
115.795105,Right Hand Grab,Knife_C_4
116.273087,Chopped,Meat_HalfLeft_Choppable_C_2147482366
117.042862,Right Hand Released,Knife_C_4
117.574219,Right Hand Grab,Meat_QuarterLeft2_C_2147482361
118.562477,Right Hand Released,Meat_QuarterLeft2_C_2147482361
119.729797,Right Hand Grab,Meat_QuarterLeft1_C_2147482362
120.885468,Right Hand Released,Meat_QuarterLeft1_C_2147482362
132.060349,Right Hand Grab,Meat_Choppable_C_2147482399
134.2267,Right Hand Released,Meat_Choppable_C_2147482399
135.203278,Right Hand Grab,BeefStewCookbook_C_0
138.292831,Right Hand Grab,BrothParent_C_2147482378
138.946884,Right Hand Released,BrothParent_C_2147482378
139.625793,Right Hand Grab,Onion_Choppable_C_2147482389
140.893448,Right Hand Released,Onion_Choppable_C_2147482389
141.436905,Right Hand Grab,Knife_C_4
141.947678,Chopped,Onion_Choppable_C_2147482389
142.225418,Right Hand Released,Knife_C_4
145.445816,Right Hand Grab,Knife_C_4
145.846237,Chopped,Onion_Peeled_C_2147482359
146.090179,Right Hand Released,Knife_C_4
148.497116,Right Hand Grab,Onion_Half2_C_2147482357
149.3302,Right Hand Released,Onion_Half2_C_2147482357
150.567764,Right Hand Grab,Carrot_Choppable_C_2147482402
151.279251,Right Hand Released,Carrot_Choppable_C_2147482402
151.757782,Right Hand Grab,Onion_Half_C_2147482358
152.590515,Right Hand Released,Onion_Half_C_2147482358
153.879105,Right Hand Grab,Onion_Choppable_C_2147482368
155.290085,Right Hand Released,Onion_Choppable_C_2147482368
155.79985,Right Hand Grab,Knife_C_4
156.244675,Chopped,Onion_Choppable_C_2147482368
156.476822,Right Hand Released,Knife_C_4
157.098892,Right Hand Grab,Knife_C_4
157.599838,Chopped,Onion_Peeled_C_2147482355
157.789001,Right Hand Released,Knife_C_4
158.522293,Right Hand Grab,Knife_C_4
159.044632,Right Hand Released,Knife_C_4
159.822189,Right Hand Grab,Onion_Half2_C_2147482353
160.788116,Right Hand Released,Onion_Half2_C_2147482353
161.954926,Right Hand Grab,Onion_Half_C_2147482354
163.032898,Right Hand Released,Onion_Half_C_2147482354
165.931885,Right Hand Grab,BeefStewCookbook_C_0
169.854309,Right Hand Grab,Tomato_Choppable_C_2147482397
171.419586,Right Hand Released,Tomato_Choppable_C_2147482397
172.641708,Right Hand Grab,Tomato_Choppable_C_2147482352
174.963623,Right Hand Released,Tomato_Choppable_C_2147482352
176.585297,Right Hand Grab,Knife_C_4
177.252579,Chopped,Tomato_Choppable_C_2147482352
178.018372,Chopped,Tomato_Choppable_C_2147482397
178.826843,Right Hand Released,Knife_C_4
179.407166,Right Hand Grab,Carrot_Choppable_C_2147482402
180.306915,Right Hand Released,Carrot_Choppable_C_2147482402
181.173431,Left Hand Grab,Carrot_Choppable_C_2147482402
181.173431,Right Hand Grab,Tomato_BottomHalf_Choppable_C_2147482349
182.195999,Left Hand Released,Carrot_Choppable_C_2147482402
182.562958,Right Hand Released,Tomato_BottomHalf_Choppable_C_2147482349
183.173523,Right Hand Grab,Tomato_TopHalf_Choppable_C_2147482350
183.341049,Left Hand Grab,Carrot_Choppable_C_2147482402
183.750549,Left Hand Released,Carrot_Choppable_C_2147482402
184.161545,Left Hand Grab,Tomato_BottomHalf_Choppable_C_2147482347
185.273315,Left Hand Released,Tomato_BottomHalf_Choppable_C_2147482347
185.439148,Right Hand Released,Tomato_TopHalf_Choppable_C_2147482350
186.626846,Right Hand Grab,Tomato_BottomHalf_Choppable_C_2147482349
186.637878,Left Hand Grab,Tomato_TopHalf_Choppable_C_2147482348
187.628448,Left Hand Released,Tomato_TopHalf_Choppable_C_2147482348
187.806335,Right Hand Released,Tomato_BottomHalf_Choppable_C_2147482349
190.249725,Right Hand Grab,BeefStewCookbook_C_0
193.204758,Right Hand Grab,Potato_Choppable_C_2147482408
193.249359,Left Hand Grab,Potato_Choppable_C_2147482410
194.982651,Left Hand Released,Potato_Choppable_C_2147482410
195.026764,Right Hand Released,Potato_Choppable_C_2147482408
195.703354,Right Hand Grab,Knife_C_4
196.225113,Chopped,Potato_Choppable_C_2147482408
197.13768,Chopped,Potato_Choppable_C_2147482410
197.715378,Right Hand Released,Knife_C_4
198.326111,Right Hand Grab,Potato_BottomHalf_Choppable_C_2147482343
198.370453,Left Hand Grab,Carrot_Choppable_C_2147482405
198.8815,Left Hand Released,Carrot_Choppable_C_2147482405
199.281311,Left Hand Grab,Carrot_Choppable_C_2147482405
199.792648,Left Hand Released,Carrot_Choppable_C_2147482405
200.281693,Left Hand Grab,Potato_BottomHalf_Choppable_C_2147482341
201.581039,Left Hand Released,Potato_BottomHalf_Choppable_C_2147482341
202.702881,Right Hand Released,Potato_BottomHalf_Choppable_C_2147482343
203.736328,Right Hand Grab,Potato_TopHalf_Choppable_C_2147482344
203.791,Left Hand Grab,Carrot_Choppable_C_2147482405
204.392105,Left Hand Released,Carrot_Choppable_C_2147482405
204.969193,Right Hand Released,Potato_TopHalf_Choppable_C_2147482344
205.635635,Left Hand Grab,Potato_TopHalf_Choppable_C_2147482342
206.83522,Left Hand Released,Potato_TopHalf_Choppable_C_2147482342
207.536102,Left Hand Grab,BeefStewCookbook_C_0
212.245422,Right Hand Grab,Knife_C_4
213.089035,Chopped,Carrot_Choppable_C_2147482405
213.699951,Chopped,Carrot_Choppable_C_2147482402
214.544678,Right Hand Released,Knife_C_4
215.522263,Right Hand Grab,None
215.555893,Left Hand Grab,CarrotTop_Choppable_C_2147482340
216.411255,Right Hand Grab,CarrotBotton_Choppable_C_2147482337
218.178131,Left Hand Released,CarrotTop_Choppable_C_2147482340
218.244705,Right Hand Released,CarrotBotton_Choppable_C_2147482337
224.067291,Right Hand Grab,Knife_C_4
224.510101,Chopped,CarrotBotton_Choppable_C_2147482339
225.05484,Chopped,CarrotTop_Choppable_C_2147482338
225.754745,Right Hand Released,Knife_C_4
227.753632,Left Hand Grab,CarrotBottomQuarter1_Choppable_C_2147482336
228.420715,Right Hand Grab,CarrotBottomQuarter2_Choppable_C_2147482335
229.265182,Left Hand Released,CarrotBottomQuarter1_Choppable_C_2147482336
229.320435,Right Hand Released,CarrotBottomQuarter2_Choppable_C_2147482335
230.142166,Left Hand Grab,CarrotTopQuarter1_Choppable_C_2147482334
230.786621,Right Hand Grab,CarrotTopQuarter2_Choppable_C_2147482333
231.53096,Right Hand Released,CarrotTopQuarter2_Choppable_C_2147482333
232.041885,Left Hand Released,CarrotTopQuarter1_Choppable_C_2147482334
234.397369,Right Hand Grab,Carrot_Choppable_C_2147482374
235.363785,Right Hand Released,Carrot_Choppable_C_2147482374
235.752365,Right Hand Grab,Knife_C_4
236.164093,Chopped,Carrot_Choppable_C_2147482374
237.318695,Chopped,CarrotBotton_Choppable_C_2147482330
238.040894,Chopped,CarrotTop_Choppable_C_2147482331
239.8918,Chopped,CarrotTopQuarter2_Choppable_C_2147482326
240.827957,Right Hand Released,Knife_C_4
241.249847,Left Hand Grab,CarrotTopQuarter2_Choppable_C_2147482326
241.650131,Right Hand Grab,CarrotBottomQuarter2_Choppable_C_2147482328
242.529099,Left Hand Released,CarrotTopQuarter2_Choppable_C_2147482326
242.651184,Right Hand Released,CarrotBottomQuarter2_Choppable_C_2147482328
243.683807,Left Hand Grab,Meat_Choppable_C_2147482399
243.872467,Right Hand Grab,CarrotBottomQuarter1_Choppable_C_2147482329
244.418121,Left Hand Released,Meat_Choppable_C_2147482399
244.939957,Left Hand Grab,CarrotTopQuarter1_Choppable_C_2147482327
246.362534,Left Hand Released,CarrotTopQuarter1_Choppable_C_2147482327
246.539505,Right Hand Released,CarrotBottomQuarter1_Choppable_C_2147482329
248.639404,Right Hand Grab,BeefStewCookbook_C_0
251.668793,Right Hand Grab,PepperShakerGrabableSimple_C_2147482376
257.226288,Right Hand Released,PepperShakerGrabableSimple_C_2147482376
257.959045,Right Hand Grab,SaltShakerGrabableSimple_C_2147482377
266.180115,Right Hand Released,SaltShakerGrabableSimple_C_2147482377
268.369415,Right Hand Grab,StirSpoonSimple_C_2147482380
276.711304,Right Hand Released,StirSpoonSimple_C_2147482380
277.689545,Right Hand Grab,BeefStewCookbook_C_0
282.675964,Right Hand Grab,NewLadleSimple_C_2147482325
285.455078,Left Hand Grab,None
289.199615,Right Hand Released,NewLadleSimple_C_2147482325
