Session Time,Action Type,Interacted Object
152.206833,Right Hand Grab,BeefStewCookbook_C_0
160.182022,Right Hand Grab,BrothParent_C_2147482378
170.60495,Right Hand Released,BrothParent_C_2147482378
172.978958,Right Hand Grab,SaltShakerGrabableSimple_C_2147482377
173.781204,Right Hand Released,SaltShakerGrabableSimple_C_2147482377
174.335724,Right Hand Grab,SaltShakerGrabableSimple_C_2147482377
175.412857,Right Hand Released,SaltShakerGrabableSimple_C_2147482377
178.978119,Right Hand Grab,BrothParent_C_2147482378
185.312347,Right Hand Released,BrothParent_C_2147482378
187.202881,Right Hand Grab,BrothParent_C_2147482378
191.532272,Right Hand Released,BrothParent_C_2147482378
194.475967,Right Hand Grab,None
195.651642,Right Hand Grab,None
207.319153,Right Hand Grab,BrothParent_C_2147482378
215.096695,Right Hand Released,BrothParent_C_2147482378
219.806946,Right Hand Grab,BeefStewCookbook_C_0
221.383575,Right Hand Grab,BeefStewCookbook_C_0
223.728134,Right Hand Grab,BeefStewCookbook_C_0
233.725601,Left Hand Grab,None
235.112854,Left Hand Grab,BrothParent_C_2147482378
237.325592,Left Hand Released,BrothParent_C_2147482378
239.823166,Left Hand Grab,None
240.789856,Left Hand Grab,None
243.078156,Left Hand Grab,BrothParent_C_2147482378
244.524033,Left Hand Released,BrothParent_C_2147482378
245.455826,Right Hand Grab,BeefStewCookbook_C_0
246.5121,Right Hand Grab,BeefStewCookbook_C_0
246.734787,Left Hand Grab,BrothParent_C_2147482378
256.744751,Left Hand Released,BrothParent_C_2147482378
258.222778,Right Hand Grab,BeefStewCookbook_C_0
258.2677,Left Hand Grab,None
259.92157,Right Hand Grab,BeefStewCookbook_C_0
260.122375,Left Hand Grab,BeefStewCookbook_C_0
261.343933,Right Hand Grab,BeefStewCookbook_C_0
262.787231,Left Hand Grab,BeefStewCookbook_C_0
264.231598,Right Hand Grab,BeefStewCookbook_C_0
264.263855,Left Hand Grab,BeefStewCookbook_C_0
266.087402,Right Hand Grab,BeefStewCookbook_C_0
267.73114,Right Hand Grab,BeefStewCookbook_C_0
267.742584,Left Hand Grab,BeefStewCookbook_C_0
268.89798,Right Hand Grab,BeefStewCookbook_C_0
269.052734,Left Hand Grab,BeefStewCookbook_C_0
270.297852,Left Hand Grab,BeefStewCookbook_C_0
270.32019,Right Hand Grab,BeefStewCookbook_C_0
272.481079,Right Hand Grab,BeefStewCookbook_C_0
272.551514,Left Hand Grab,BeefStewCookbook_C_0
274.572571,Right Hand Grab,BeefStewCookbook_C_0
276.584717,Right Hand Grab,BrothParent_C_2147482378
278.79538,Right Hand Released,BrothParent_C_2147482378
281.806122,Left Hand Grab,BrothParent_C_2147482378
284.08313,Left Hand Released,BrothParent_C_2147482378
285.448151,Left Hand Grab,BrothParent_C_2147482378
287.415283,Left Hand Released,BrothParent_C_2147482378
293.537659,Left Hand Grab,None
299.08075,Left Hand Grab,BeefStewCookbook_C_0
301.17099,Left Hand Grab,BeefStewCookbook_C_0
301.703888,Left Hand Grab,BeefStewCookbook_C_0
302.359436,Left Hand Grab,BeefStewCookbook_C_0
302.792999,Left Hand Grab,BeefStewCookbook_C_0
303.460602,Left Hand Grab,BeefStewCookbook_C_0
303.904083,Left Hand Grab,BeefStewCookbook_C_0
304.559418,Left Hand Grab,BeefStewCookbook_C_0
307.367432,Left Hand Grab,None
309.054016,Left Hand Grab,Carrot_Choppable_C_2147482401
309.276642,Left Hand Released,Carrot_Choppable_C_2147482401
313.211151,Right Hand Grab,BeefStewCookbook_C_0
317.816528,Left Hand Grab,Meat_Choppable_C_2147482400
319.195465,Left Hand Released,Meat_Choppable_C_2147482400
321.365387,Right Hand Grab,Knife_C_4
325.240997,Chopped,Meat_Choppable_C_2147482400
325.719696,Right Hand Released,Knife_C_4
326.807526,Right Hand Grab,Meat_HalfRight_Choppable_C_2147482370
329.052155,Right Hand Released,Meat_HalfRight_Choppable_C_2147482370
330.140961,Right Hand Grab,Knife_C_4
331.075165,Chopped,Meat_HalfLeft_Choppable_C_2147482371
332.241638,Chopped,Meat_QuarterLeft2_C_2147482368
333.451569,Chopped,Meat_HalfRight_Choppable_C_2147482370
334.693298,Right Hand Released,Knife_C_4
336.761108,Right Hand Grab,None
337.806702,Right Hand Grab,Meat_QuarterRight2_C_2147482366
340.417877,Right Hand Released,Meat_QuarterRight2_C_2147482366
341.438751,Right Hand Grab,Meat_QuarterRight1_C_2147482367
342.583466,Right Hand Released,Meat_QuarterRight1_C_2147482367
343.716553,Right Hand Grab,Meat_QuarterLeft1_C_2147482369
344.91626,Right Hand Released,Meat_QuarterLeft1_C_2147482369
346.004639,Right Hand Grab,Meat_QuarterLeft2_C_2147482368
346.771179,Right Hand Released,Meat_QuarterLeft2_C_2147482368
348.38092,Right Hand Grab,Knife_C_4
350.382111,Right Hand Released,Knife_C_4
352.44696,Right Hand Grab,BeefStewCookbook_C_0
354.934998,Right Hand Grab,Onion_Choppable_C_2147482392
356.022552,Right Hand Released,Onion_Choppable_C_2147482392
357.002502,Right Hand Grab,Onion_Choppable_C_2147482365
358.023071,Right Hand Released,Onion_Choppable_C_2147482365
358.912537,Right Hand Grab,Onion_Choppable_C_2147482365
360.011261,Right Hand Released,Onion_Choppable_C_2147482365
361.93277,Right Hand Grab,Knife_C_4
362.987396,Chopped,Onion_Choppable_C_2147482365
364.181396,Chopped,Onion_Choppable_C_2147482392
364.654083,Right Hand Released,Knife_C_4
367.345154,Right Hand Grab,Knife_C_4
368.63382,Chopped,Onion_Peeled_C_2147482363
369.92215,Chopped,Onion_Peeled_C_2147482362
370.345245,Right Hand Released,Knife_C_4
374.291626,Right Hand Grab,Onion_Choppable_C_2147482389
376.18512,Right Hand Released,Onion_Choppable_C_2147482389
376.896484,Right Hand Grab,Knife_C_4
377.642456,Chopped,Onion_Choppable_C_2147482389
378.642487,Chopped,Onion_Peeled_C_2147482356
379.931732,Chopped,Onion_Peeled_C_2147482356
380.220245,Right Hand Released,Knife_C_4
381.519745,Right Hand Grab,Knife_C_4
381.653229,Chopped,Onion_Half2_C_2147482360
383.462311,Right Hand Released,Knife_C_4
384.417908,Right Hand Grab,Onion_Half2_C_2147482354
385.740753,Right Hand Released,Onion_Half2_C_2147482354
386.871735,Right Hand Grab,Onion_Half_C_2147482355
387.896149,Right Hand Released,Onion_Half_C_2147482355
388.974792,Right Hand Grab,Onion_Half2_C_2147482360
389.873413,Right Hand Released,Onion_Half2_C_2147482360
390.727478,Right Hand Grab,Onion_Half2_C_2147482358
391.494537,Right Hand Released,Onion_Half2_C_2147482358
400.237457,Right Hand Grab,BeefStewCookbook_C_0
401.903625,Right Hand Grab,None
403.014221,Right Hand Grab,Tomato_Choppable_C_2147482397
404.403015,Right Hand Released,Tomato_Choppable_C_2147482397
405.591736,Right Hand Grab,Tomato_Choppable_C_2147482353
407.147064,Right Hand Released,Tomato_Choppable_C_2147482353
410.75531,Right Hand Grab,Knife_C_4
411.534424,Chopped,Tomato_Choppable_C_2147482353
412.389801,Chopped,Tomato_Choppable_C_2147482397
413.413788,Right Hand Released,Knife_C_4
414.622894,Right Hand Grab,Tomato_BottomHalf_Choppable_C_2147482350
416.212585,Right Hand Released,Tomato_BottomHalf_Choppable_C_2147482350
417.212738,Right Hand Grab,Tomato_TopHalf_Choppable_C_2147482351
418.201508,Right Hand Released,Tomato_TopHalf_Choppable_C_2147482351
419.179657,Right Hand Grab,Tomato_BottomHalf_Choppable_C_2147482348
420.468079,Right Hand Released,Tomato_BottomHalf_Choppable_C_2147482348
422.879303,Right Hand Grab,Tomato_TopHalf_Choppable_C_2147482349
424.078644,Right Hand Released,Tomato_TopHalf_Choppable_C_2147482349
425.333496,Right Hand Grab,BeefStewCookbook_C_0
430.511261,Left Hand Grab,None
431.255737,Left Hand Grab,Potato_Choppable_C_2147482408
432.843567,Left Hand Released,Potato_Choppable_C_2147482408
433.365173,Right Hand Grab,Potato_Choppable_C_2147482347
434.78653,Right Hand Released,Potato_Choppable_C_2147482347
436.506653,Right Hand Grab,Knife_C_4
437.406555,Chopped,Potato_Choppable_C_2147482347
439.330353,Chopped,Potato_Choppable_C_2147482408
441.583405,Right Hand Released,Knife_C_4
442.372192,Right Hand Grab,Potato_BottomHalf_Choppable_C_2147482344
443.395477,Right Hand Released,Potato_BottomHalf_Choppable_C_2147482344
444.197205,Right Hand Grab,Potato_TopHalf_Choppable_C_2147482345
445.052673,Right Hand Released,Potato_TopHalf_Choppable_C_2147482345
445.684113,Left Hand Grab,None
446.563385,Left Hand Grab,Potato_TopHalf_Choppable_C_2147482343
447.61908,Left Hand Released,Potato_TopHalf_Choppable_C_2147482343
447.72934,Right Hand Grab,Potato_BottomHalf_Choppable_C_2147482342
448.729645,Right Hand Released,Potato_BottomHalf_Choppable_C_2147482342
450.273773,Right Hand Grab,BeefStewCookbook_C_0
453.895233,Left Hand Grab,Carrot_Choppable_C_2147482402
456.173218,Left Hand Released,Carrot_Choppable_C_2147482402
457.538086,Left Hand Grab,Carrot_Choppable_C_2147482403
458.593445,Left Hand Released,Carrot_Choppable_C_2147482403
464.282043,Right Hand Grab,Knife_C_4
464.992767,Chopped,Carrot_Choppable_C_2147482403
465.903412,Chopped,Carrot_Choppable_C_2147482402
466.694153,Chopped,CarrotBotton_Choppable_C_2147482336
467.483704,Chopped,CarrotBotton_Choppable_C_2147482336
468.959106,Chopped,CarrotBottomQuarter1_Choppable_C_2147482335
469.766998,Chopped,CarrotBotton_Choppable_C_2147482338
470.813782,Right Hand Released,Knife_C_4
472.63623,Right Hand Grab,Knife_C_4
473.31427,Chopped,CarrotTop_Choppable_C_2147482339
474.447998,Chopped,CarrotTopQuarter1_Choppable_C_2147482331
475.247833,Chopped,CarrotTop_Choppable_C_2147482337
476.480957,Right Hand Released,Knife_C_4
477.358398,Right Hand Grab,CarrotBottomQuarter2_Choppable_C_2147482332
478.946198,Right Hand Released,CarrotBottomQuarter2_Choppable_C_2147482332
480.067017,Right Hand Grab,None
481.528809,Right Hand Grab,CarrotBottomQuarter1_Choppable_C_2147482333
482.440308,Left Hand Grab,CarrotTopQuarter1_Choppable_C_2147482329
483.474121,Left Hand Released,CarrotTopQuarter1_Choppable_C_2147482329
483.598846,Right Hand Released,CarrotBottomQuarter1_Choppable_C_2147482333
484.73111,Right Hand Grab,CarrotBottomQuarter2_Choppable_C_2147482334
484.786652,Left Hand Grab,CarrotTopQuarter2_Choppable_C_2147482328
485.878296,Left Hand Released,CarrotTopQuarter2_Choppable_C_2147482328
485.923462,Right Hand Released,CarrotBottomQuarter2_Choppable_C_2147482334
487.111176,Right Hand Grab,CarrotBottomQuarter1_Choppable_C_2147482335
487.244629,Left Hand Grab,CarrotTopQuarter1_Choppable_C_2147482331
488.408936,Left Hand Released,CarrotTopQuarter1_Choppable_C_2147482331
488.487579,Right Hand Released,CarrotBottomQuarter1_Choppable_C_2147482335
489.366577,Right Hand Grab,CarrotTopQuarter2_Choppable_C_2147482330
490.220856,Right Hand Released,CarrotTopQuarter2_Choppable_C_2147482330
492.26593,Right Hand Grab,BeefStewCookbook_C_0
495.109314,Right Hand Grab,PepperShakerGrabableSimple_C_2147482376
502.974609,Right Hand Released,PepperShakerGrabableSimple_C_2147482376
504.007416,Right Hand Grab,SaltShakerGrabableSimple_C_2147482377
512.063049,Right Hand Released,SaltShakerGrabableSimple_C_2147482377
516.215454,Right Hand Grab,StirSpoonSimple_C_2147482380
524.8479,Right Hand Released,StirSpoonSimple_C_2147482380
526.860168,Right Hand Grab,BeefStewCookbook_C_0
529.746399,Right Hand Grab,NewLadleSimple_C_2147482327
531.646667,Right Hand Released,NewLadleSimple_C_2147482327
535.256775,Right Hand Grab,Knife_C_4
536.134644,Right Hand Released,Knife_C_4
536.467957,Right Hand Grab,Knife_C_4
537.22467,Right Hand Released,Knife_C_4
537.743042,Right Hand Grab,NewLadleSimple_C_2147482327
544.079834,Right Hand Released,NewLadleSimple_C_2147482327
550.64978,Right Hand Grab,BeefStewCookbook_C_0
559.764709,Right Hand Grab,Exit_C_1
