Session Time,Action Type,Interacted Object
34.581631,Right Hand Grab,None
35.537132,Right Hand Grab,BeefStewCookbook_C_0
43.135536,Right Hand Grab,None
44.013454,Right Hand Grab,BrothParent_C_2147482378
59.011059,Right Hand Released,BrothParent_C_2147482378
60.109215,Right Hand Grab,BeefStewCookbook_C_0
64.277321,Right Hand Grab,Meat_Choppable_C_2147482400
65.175629,Right Hand Released,Meat_Choppable_C_2147482400
66.031174,Left Hand Grab,Meat_Choppable_C_2147482400
66.53157,Left Hand Released,Meat_Choppable_C_2147482400
69.064255,Left Hand Grab,Meat_Choppable_C_2147482372
70.719742,Left Hand Released,Meat_Choppable_C_2147482372
71.762466,Right Hand Grab,Knife_C_4
73.485664,Chopped,Meat_Choppable_C_2147482400
74.151787,Chopped,Meat_HalfRight_Choppable_C_2147482369
75.040634,Chopped,Meat_HalfLeft_Choppable_C_2147482370
75.829834,Chopped,Meat_QuarterLeft1_C_2147482368
76.474304,Chopped,Meat_HalfRight_Choppable_C_2147482369
77.007561,Chopped,Meat_QuarterRight2_C_2147482365
77.57402,Chopped,Meat_QuarterLeft1_C_2147482368
78.084831,Chopped,Meat_Choppable_C_2147482372
78.996185,Chopped,Meat_HalfRight_Choppable_C_2147482363
79.895927,Chopped,Meat_QuarterLeft2_C_2147482367
80.461937,Chopped,Meat_QuarterRight1_C_2147482366
81.595436,Right Hand Released,Knife_C_4
85.929337,Right Hand Grab,Meat_HalfRight_Choppable_C_2147482363
87.584114,Right Hand Released,Meat_HalfRight_Choppable_C_2147482363
88.605446,Right Hand Grab,Meat_HalfLeft_Choppable_C_2147482364
89.604477,Right Hand Released,Meat_HalfLeft_Choppable_C_2147482364
90.349602,Right Hand Grab,Meat_QuarterRight1_C_2147482366
91.415741,Right Hand Released,Meat_QuarterRight1_C_2147482366
92.538734,Right Hand Grab,Meat_QuarterLeft2_C_2147482367
95.537888,Right Hand Released,Meat_QuarterLeft2_C_2147482367
96.515343,Right Hand Grab,Meat_QuarterRight2_C_2147482365
97.292717,Right Hand Released,Meat_QuarterRight2_C_2147482365
98.092743,Right Hand Grab,Meat_QuarterLeft1_C_2147482368
98.814606,Right Hand Released,Meat_QuarterLeft1_C_2147482368
99.636894,Right Hand Grab,Meat_Choppable_C_2147482371
101.569527,Right Hand Released,Meat_Choppable_C_2147482371
103.114006,Right Hand Grab,BeefStewCookbook_C_0
105.335442,Right Hand Grab,None
106.357254,Right Hand Grab,Onion_Choppable_C_2147482392
107.513718,Right Hand Released,Onion_Choppable_C_2147482392
108.290329,Right Hand Grab,Knife_C_4
109.378929,Chopped,Onion_Choppable_C_2147482392
110.356804,Chopped,Onion_Peeled_C_2147482360
111.160721,Chopped,Onion_Peeled_C_2147482360
112.699913,Right Hand Released,Knife_C_4
115.18927,Right Hand Grab,Onion_Half2_C_2147482358
115.910652,Right Hand Released,Onion_Half2_C_2147482358
116.67749,Right Hand Grab,Onion_Half_C_2147482359
117.566521,Right Hand Released,Onion_Half_C_2147482359
118.954369,Right Hand Grab,Onion_Choppable_C_2147482361
120.209991,Right Hand Released,Onion_Choppable_C_2147482361
120.888947,Right Hand Grab,Knife_C_4
121.743729,Chopped,Onion_Choppable_C_2147482361
122.432037,Chopped,Onion_Peeled_C_2147482356
123.577385,Chopped,Onion_Peeled_C_2147482356
124.398621,Right Hand Released,Knife_C_4
124.986732,Right Hand Grab,Onion_Half2_C_2147482354
125.842194,Right Hand Released,Onion_Half2_C_2147482354
126.520149,Right Hand Grab,Onion_Half_C_2147482355
127.242592,Right Hand Released,Onion_Half_C_2147482355
128.742767,Right Hand Grab,None
129.44165,Right Hand Grab,BeefStewCookbook_C_0
131.19751,Right Hand Grab,None
132.208221,Right Hand Grab,BeefStewCookbook_C_0
134.730408,Left Hand Grab,BeefStewCookbook_C_0
135.830292,Right Hand Grab,Tomato_Choppable_C_2147482395
136.974579,Right Hand Released,Tomato_Choppable_C_2147482395
137.507477,Right Hand Grab,Knife_C_4
138.096436,Chopped,Tomato_Choppable_C_2147482395
139.851349,Chopped,Tomato_BottomHalf_Choppable_C_2147482351
141.61824,Right Hand Released,Knife_C_4
142.539291,Right Hand Grab,Tomato_Choppable_C_2147482397
143.516388,Right Hand Released,Tomato_Choppable_C_2147482397
144.038574,Right Hand Grab,Knife_C_4
144.6064,Chopped,Tomato_Choppable_C_2147482397
145.227737,Right Hand Released,Knife_C_4
145.706131,Right Hand Grab,Tomato_BottomHalf_Choppable_C_2147482348
146.37291,Right Hand Released,Tomato_BottomHalf_Choppable_C_2147482348
147.06041,Right Hand Grab,Tomato_TopHalf_Choppable_C_2147482349
147.549988,Left Hand Grab,Tomato_BottomHalf_Choppable_C_2147482351
148.461014,Right Hand Released,Tomato_TopHalf_Choppable_C_2147482349
148.461014,Left Hand Released,Tomato_BottomHalf_Choppable_C_2147482351
149.115768,Right Hand Grab,Tomato_TopHalf_Choppable_C_2147482352
149.772812,Right Hand Released,Tomato_TopHalf_Choppable_C_2147482352
151.638504,Right Hand Grab,None
152.371231,Right Hand Grab,None
153.660446,Right Hand Grab,BeefStewCookbook_C_0
156.070694,Right Hand Grab,Potato_Choppable_C_2147482410
157.559418,Right Hand Released,Potato_Choppable_C_2147482410
158.470718,Right Hand Grab,Potato_Choppable_C_2147482347
159.83667,Right Hand Released,Potato_Choppable_C_2147482347
160.458511,Right Hand Grab,Knife_C_4
161.014725,Chopped,Potato_Choppable_C_2147482410
161.648483,Chopped,Potato_TopHalf_Choppable_C_2147482345
162.38031,Chopped,Potato_Choppable_C_2147482347
162.680832,Left Hand Grab,Potato_TopHalf_Choppable_C_2147482345
163.22464,Chopped,Potato_BottomHalf_Choppable_C_2147482342
163.779953,Left Hand Released,Potato_TopHalf_Choppable_C_2147482345
165.246674,Right Hand Released,Knife_C_4
165.847168,Right Hand Grab,Potato_BottomHalf_Choppable_C_2147482342
166.680084,Right Hand Released,Potato_BottomHalf_Choppable_C_2147482342
167.534271,Right Hand Grab,Potato_TopHalf_Choppable_C_2147482343
167.603638,Left Hand Grab,Potato_TopHalf_Choppable_C_2147482345
168.569138,Left Hand Released,Potato_TopHalf_Choppable_C_2147482345
168.601212,Right Hand Released,Potato_TopHalf_Choppable_C_2147482343
169.367752,Right Hand Grab,Potato_BottomHalf_Choppable_C_2147482344
170.108017,Right Hand Released,Potato_BottomHalf_Choppable_C_2147482344
171.022446,Right Hand Grab,BeefStewCookbook_C_0
174.121796,Right Hand Grab,None
175.377991,Right Hand Grab,Carrot_Choppable_C_2147482402
177.455795,Right Hand Released,Carrot_Choppable_C_2147482402
178.455124,Right Hand Grab,None
179.41127,Right Hand Grab,Carrot_Choppable_C_2147482341
180.499557,Right Hand Released,Carrot_Choppable_C_2147482341
181.165314,Right Hand Grab,Knife_C_4
181.887848,Chopped,Carrot_Choppable_C_2147482341
182.655243,Chopped,CarrotBotton_Choppable_C_2147482338
183.187744,Chopped,CarrotTop_Choppable_C_2147482339
183.909378,Chopped,CarrotBotton_Choppable_C_2147482338
184.921677,Chopped,Carrot_Choppable_C_2147482402
185.521118,Chopped,CarrotBotton_Choppable_C_2147482332
186.076965,Chopped,CarrotBotton_Choppable_C_2147482332
187.0755,Left Hand Grab,Meat_Choppable_C_2147482362
188.075882,Left Hand Released,Meat_Choppable_C_2147482362
188.542145,Left Hand Grab,None
189.986206,Left Hand Grab,Meat_Choppable_C_2147482398
191.485748,Left Hand Released,Meat_Choppable_C_2147482398
192.230835,Left Hand Grab,None
193.21991,Left Hand Grab,None
194.031219,Left Hand Grab,None
195.207458,Chopped,CarrotBottomQuarter1_Choppable_C_2147482331
196.18631,Chopped,CarrotBottomQuarter2_Choppable_C_2147482334
196.18631,Right Hand Released,Knife_C_4
196.662933,Right Hand Grab,CarrotTopQuarter1_Choppable_C_2147482337
197.617706,Left Hand Grab,None
198.695786,Left Hand Grab,None
199.984222,Right Hand Released,CarrotTopQuarter1_Choppable_C_2147482337
200.718811,Right Hand Grab,None
201.773605,Right Hand Grab,None
202.439774,Right Hand Grab,None
203.629318,Right Hand Grab,None
204.516983,Right Hand Grab,CarrotTopQuarter2_Choppable_C_2147482336
205.761429,Right Hand Released,CarrotTopQuarter2_Choppable_C_2147482336
206.65004,Right Hand Grab,None
207.817276,Right Hand Grab,CarrotBottomQuarter2_Choppable_C_2147482334
208.3172,Right Hand Released,CarrotBottomQuarter2_Choppable_C_2147482334
208.982864,Right Hand Grab,CarrotBottomQuarter1_Choppable_C_2147482335
209.894699,Right Hand Released,CarrotBottomQuarter1_Choppable_C_2147482335
210.983215,Right Hand Grab,CarrotBottomQuarter2_Choppable_C_2147482334
211.760071,Right Hand Released,CarrotBottomQuarter2_Choppable_C_2147482334
212.382767,Right Hand Grab,None
213.760422,Right Hand Grab,None
214.83725,Right Hand Grab,None
215.30336,Right Hand Grab,None
216.059937,Right Hand Grab,None
216.503418,Right Hand Grab,None
217.059204,Right Hand Grab,None
217.803391,Right Hand Grab,CarrotBottomQuarter1_Choppable_C_2147482331
218.970566,Right Hand Released,CarrotBottomQuarter1_Choppable_C_2147482331
220.359375,Right Hand Grab,None
221.091583,Right Hand Grab,CarrotBottomQuarter2_Choppable_C_2147482330
221.348663,Right Hand Released,CarrotBottomQuarter2_Choppable_C_2147482330
221.658524,Right Hand Grab,None
222.324844,Right Hand Grab,None
223.136124,Right Hand Grab,None
223.936035,Right Hand Grab,None
226.279663,Right Hand Grab,None
226.780365,Right Hand Grab,None
227.457611,Right Hand Grab,None
229.790665,Left Hand Grab,None
230.867508,Left Hand Grab,Carrot_Choppable_C_2147482405
232.079178,Left Hand Released,Carrot_Choppable_C_2147482405
232.778839,Right Hand Grab,Knife_C_4
233.412308,Chopped,Carrot_Choppable_C_2147482405
234.312637,Chopped,CarrotBotton_Choppable_C_2147482327
235.60144,Chopped,CarrotBotton_Choppable_C_2147482327
237.233658,Right Hand Released,Knife_C_4
238.032806,Right Hand Grab,CarrotBottomQuarter2_Choppable_C_2147482325
239.288559,Right Hand Released,CarrotBottomQuarter2_Choppable_C_2147482325
240.032806,Right Hand Grab,CarrotBottomQuarter1_Choppable_C_2147482326
240.943604,Right Hand Released,CarrotBottomQuarter1_Choppable_C_2147482326
243.120239,Left Hand Grab,None
244.242386,Left Hand Grab,Carrot_Choppable_C_2147482329
245.875931,Left Hand Released,Carrot_Choppable_C_2147482329
246.553116,Right Hand Grab,Knife_C_4
247.242661,Chopped,Carrot_Choppable_C_2147482329
248.543243,Chopped,CarrotBotton_Choppable_C_2147482322
249.408768,Right Hand Released,Knife_C_4
250.00975,Right Hand Grab,CarrotBottomQuarter2_Choppable_C_2147482320
250.975006,Right Hand Released,CarrotBottomQuarter2_Choppable_C_2147482320
253.897263,Right Hand Grab,None
254.764755,Right Hand Grab,None
255.508255,Right Hand Grab,None
256.651672,Right Hand Grab,BeefStewCookbook_C_0
260.617828,Right Hand Grab,PepperShakerGrabableSimple_C_2147482376
261.895874,Right Hand Released,PepperShakerGrabableSimple_C_2147482376
262.318298,Right Hand Grab,SaltShakerGrabableSimple_C_2147482377
269.383301,Right Hand Released,SaltShakerGrabableSimple_C_2147482377
270.060242,Right Hand Grab,PepperShakerGrabableSimple_C_2147482376
277.603119,Right Hand Released,PepperShakerGrabableSimple_C_2147482376
278.459991,Right Hand Grab,PepperShakerGrabableSimple_C_2147482376
279.280945,Right Hand Released,PepperShakerGrabableSimple_C_2147482376
280.104279,Right Hand Grab,None
284.82489,Right Hand Grab,None
285.925781,Right Hand Grab,StirSpoonSimple_C_2147482380
298.912354,Right Hand Released,StirSpoonSimple_C_2147482380
300.221985,Right Hand Grab,None
300.822144,Right Hand Grab,None
301.655609,Right Hand Grab,None
302.288971,Right Hand Grab,BeefStewCookbook_C_0
306.842743,Right Hand Grab,NewLadleSimple_C_2147482319
316.605743,Right Hand Released,NewLadleSimple_C_2147482319
323.851044,Right Hand Grab,Exit_C_1
