Session Time,Action Type,Interacted Object
10.057713,Right Hand Grab,BeefStewCookbook_C_0
34.401684,Right Hand Grab,None
34.465092,Left Hand Grab,None
35.797756,Right Hand Grab,BrothParent_C_2147482366
36.009037,Left Hand Grab,BrothParent_C_2147482366
41.610878,Left Hand Released,BrothParent_C_2147482366
51.780731,Right Hand Released,BrothParent_C_2147482366
55.494484,Right Hand Grab,BeefStewCookbook_C_0
61.047878,Right Hand Grab,Meat_Choppable_C_2147482388
61.059082,Left Hand Grab,Meat_Choppable_C_2147482388
62.424351,Left Hand Released,Meat_Choppable_C_2147482388
62.604477,Right Hand Released,Meat_Choppable_C_2147482388
64.4589,Left Hand Grab,Knife_C_4
64.713928,Right Hand Grab,Knife_C_4
65.670204,Left Hand Released,Knife_C_4
66.2705,Chopped,Meat_Choppable_C_2147482388
68.204002,Chopped,Meat_HalfLeft_Choppable_C_2147482359
68.920807,Chopped,Meat_QuarterLeft1_C_2147482357
69.599518,Chopped,Meat_HalfRight_Choppable_C_2147482358
70.591988,Chopped,Meat_QuarterLeft2_C_2147482356
71.246948,Chopped,Meat_QuarterLeft1_C_2147482357
72.303253,Chopped,Meat_QuarterRight2_C_2147482354
72.447334,Right Hand Released,Knife_C_4
73.114227,Left Hand Grab,Meat_QuarterRight1_C_2147482355
73.158348,Right Hand Grab,Meat_QuarterLeft1_C_2147482357
74.418465,Right Hand Released,Meat_QuarterLeft1_C_2147482357
74.568771,Left Hand Released,Meat_QuarterRight1_C_2147482355
75.057938,Left Hand Grab,None
75.090904,Right Hand Grab,Meat_QuarterLeft1_C_2147482357
75.447044,Right Hand Released,Meat_QuarterLeft1_C_2147482357
76.723358,Right Hand Grab,Knife_C_4
77.569939,Chopped,Meat_QuarterRight2_C_2147482354
78.369255,Right Hand Released,Knife_C_4
79.124222,Left Hand Grab,Meat_QuarterRight2_C_2147482354
79.146927,Right Hand Grab,Knife_C_4
79.301933,Chopped,Meat_QuarterRight2_C_2147482354
79.824692,Right Hand Released,Knife_C_4
79.902542,Left Hand Released,Meat_QuarterRight2_C_2147482354
84.156082,Left Hand Grab,Meat_QuarterRight1_C_2147482355
84.156082,Right Hand Grab,Meat_QuarterRight1_C_2147482355
85.431183,Right Hand Released,Meat_QuarterRight1_C_2147482355
85.44223,Left Hand Released,Meat_QuarterRight1_C_2147482355
87.515388,Right Hand Grab,Meat_QuarterRight1_C_2147482355
90.207825,Right Hand Grab,Meat_QuarterLeft2_C_2147482356
91.555603,Right Hand Released,Meat_QuarterLeft2_C_2147482356
92.631737,Right Hand Grab,Meat_QuarterRight2_C_2147482354
94.577263,Right Hand Released,Meat_QuarterRight2_C_2147482354
95.477264,Right Hand Grab,Knife_C_4
96.242912,Right Hand Released,Knife_C_4
97.093201,Right Hand Grab,Meat_QuarterLeft1_C_2147482357
98.069374,Right Hand Released,Meat_QuarterLeft1_C_2147482357
99.265144,Left Hand Grab,Meat_Choppable_C_2147482387
99.332283,Right Hand Grab,Meat_Choppable_C_2147482360
101.362938,Right Hand Released,Meat_Choppable_C_2147482360
101.473534,Left Hand Released,Meat_Choppable_C_2147482387
103.075279,Right Hand Grab,Knife_C_4
104.298027,Chopped,Meat_Choppable_C_2147482360
105.05307,Chopped,Meat_HalfRight_Choppable_C_2147482350
105.686302,Chopped,Meat_HalfLeft_Choppable_C_2147482351
106.242004,Chopped,Meat_QuarterLeft2_C_2147482348
106.476257,Right Hand Released,Knife_C_4
107.69706,Left Hand Grab,Meat_QuarterLeft2_C_2147482348
107.775124,Right Hand Grab,Meat_HalfRight_Choppable_C_2147482350
110.045258,Right Hand Released,Meat_HalfRight_Choppable_C_2147482350
110.863617,Right Hand Grab,Meat_QuarterLeft2_C_2147482348
111.907242,Left Hand Released,Meat_QuarterLeft2_C_2147482348
111.918228,Right Hand Released,Meat_QuarterLeft2_C_2147482348
113.140625,Left Hand Grab,Meat_QuarterLeft1_C_2147482349
113.262375,Right Hand Grab,Meat_QuarterLeft1_C_2147482349
114.083733,Right Hand Released,Meat_QuarterLeft1_C_2147482349
114.128494,Left Hand Released,Meat_QuarterLeft1_C_2147482349
115.195351,Right Hand Grab,Knife_C_4
115.340126,Chopped,Meat_Choppable_C_2147482387
116.736732,Chopped,Meat_HalfRight_Choppable_C_2147482350
117.50399,Chopped,Meat_QuarterRight2_C_2147482343
118.027069,Right Hand Released,Knife_C_4
118.695732,Right Hand Grab,Meat_QuarterRight1_C_2147482344
118.706238,Left Hand Grab,Meat_QuarterRight2_C_2147482343
122.992584,Right Hand Grab,BeefStewCookbook_C_0
128.024063,Left Hand Grab,Onion_Choppable_C_2147482380
128.135483,Right Hand Grab,Onion_Choppable_C_2147482380
129.325317,Left Hand Released,Onion_Choppable_C_2147482380
129.369553,Right Hand Released,Onion_Choppable_C_2147482380
130.136154,Right Hand Grab,Knife_C_4
131.237732,Chopped,Onion_Choppable_C_2147482380
133.648178,Right Hand Released,Knife_C_4
135.356354,Left Hand Grab,Onion_Choppable_C_2147482376
135.423691,Right Hand Grab,Onion_Choppable_C_2147482376
136.824249,Left Hand Released,Onion_Choppable_C_2147482376
136.91301,Right Hand Released,Onion_Choppable_C_2147482376
137.756775,Right Hand Grab,Knife_C_4
138.70192,Chopped,Onion_Choppable_C_2147482376
139.846725,Right Hand Released,Knife_C_4
140.679489,Right Hand Grab,Onion_Peeled_C_2147482341
140.723846,Left Hand Grab,Onion_Peeled_C_2147482341
142.079865,Left Hand Released,Onion_Peeled_C_2147482341
142.180054,Right Hand Released,Onion_Peeled_C_2147482341
142.346054,Right Hand Grab,BeefStewCookbook_C_0
146.013367,Right Hand Grab,Knife_C_4
146.911285,Chopped,Onion_Peeled_C_2147482339
147.86087,Right Hand Released,Knife_C_4
148.73291,Right Hand Grab,Onion_Half2_C_2147482337
148.743439,Left Hand Grab,None
149.674255,Right Hand Released,Onion_Half2_C_2147482337
150.419388,Left Hand Grab,Onion_Half_C_2147482338
150.474991,Right Hand Grab,None
151.443817,Left Hand Released,Onion_Half_C_2147482338
152.222488,Right Hand Grab,Onion_Half_C_2147482338
152.233459,Left Hand Grab,Onion_Half_C_2147482338
153.099442,Left Hand Released,Onion_Half_C_2147482338
153.145081,Right Hand Released,Onion_Half_C_2147482338
154.683884,Left Hand Grab,Onion_Choppable_C_2147482340
154.805679,Right Hand Grab,Onion_Choppable_C_2147482340
156.129944,Left Hand Released,Onion_Choppable_C_2147482340
156.208939,Right Hand Released,Onion_Choppable_C_2147482340
156.765228,Right Hand Grab,Knife_C_4
157.564438,Chopped,Onion_Choppable_C_2147482340
158.398422,Chopped,Onion_Peeled_C_2147482335
159.285095,Right Hand Released,Knife_C_4
159.853439,Left Hand Grab,Onion_Peeled_C_2147482335
159.87648,Right Hand Grab,Knife_C_4
160.764282,Right Hand Released,Knife_C_4
161.341705,Right Hand Grab,Knife_C_4
161.985718,Chopped,Onion_Peeled_C_2147482335
162.831512,Right Hand Released,Knife_C_4
163.409302,Left Hand Grab,Onion_Half2_C_2147482333
163.454132,Right Hand Grab,Onion_Half2_C_2147482333
164.498581,Left Hand Released,Onion_Half2_C_2147482333
164.60936,Right Hand Released,Onion_Half2_C_2147482333
165.442352,Left Hand Grab,Onion_Half_C_2147482334
165.47522,Right Hand Grab,Onion_Half_C_2147482334
166.340805,Left Hand Released,Onion_Half_C_2147482334
166.351425,Right Hand Released,Onion_Half_C_2147482334
174.705475,Left Hand Grab,BeefStewCookbook_C_0
174.794174,Right Hand Grab,BeefStewCookbook_C_0
177.511307,Right Hand Grab,BeefStewCookbook_C_0
179.195206,Right Hand Grab,BeefStewCookbook_C_0
180.904785,Right Hand Grab,Tomato_Choppable_C_2147482383
182.371384,Right Hand Released,Tomato_Choppable_C_2147482383
183.222198,Right Hand Grab,Knife_C_4
183.869278,Chopped,Tomato_Choppable_C_2147482383
185.883209,Right Hand Released,Knife_C_4
186.837051,Left Hand Grab,Tomato_BottomHalf_Choppable_C_2147482330
186.837051,Right Hand Grab,Tomato_BottomHalf_Choppable_C_2147482330
187.870255,Left Hand Released,Tomato_BottomHalf_Choppable_C_2147482330
187.948349,Right Hand Released,Tomato_BottomHalf_Choppable_C_2147482330
188.925797,Left Hand Grab,Tomato_TopHalf_Choppable_C_2147482331
188.993011,Right Hand Grab,Tomato_TopHalf_Choppable_C_2147482331
189.969193,Right Hand Released,Tomato_TopHalf_Choppable_C_2147482331
189.980499,Left Hand Released,Tomato_TopHalf_Choppable_C_2147482331
191.745819,Left Hand Grab,Tomato_Choppable_C_2147482385
191.768066,Right Hand Grab,Tomato_Choppable_C_2147482385
193.091568,Left Hand Released,Tomato_Choppable_C_2147482385
193.157928,Right Hand Released,Tomato_Choppable_C_2147482385
193.78009,Right Hand Grab,Knife_C_4
194.590179,Chopped,Tomato_Choppable_C_2147482385
195.358292,Chopped,Tomato_BottomHalf_Choppable_C_2147482327
195.490189,Right Hand Released,Knife_C_4
196.168091,Left Hand Grab,Tomato_TopHalf_Choppable_C_2147482328
196.168091,Right Hand Grab,Tomato_TopHalf_Choppable_C_2147482328
197.057526,Left Hand Released,Tomato_TopHalf_Choppable_C_2147482328
197.180115,Right Hand Released,Tomato_TopHalf_Choppable_C_2147482328
198.102127,Left Hand Grab,Tomato_BottomHalf_Choppable_C_2147482327
198.135788,Right Hand Grab,Knife_C_4
199.412445,Right Hand Released,Knife_C_4
200.045227,Right Hand Grab,Tomato_BottomHalf_Choppable_C_2147482327
200.972488,Left Hand Released,Tomato_BottomHalf_Choppable_C_2147482327
203.843872,Right Hand Grab,None
205.063934,Right Hand Grab,BeefStewCookbook_C_0
208.231918,Right Hand Grab,Potato_Choppable_C_2147482398
208.253983,Left Hand Grab,Potato_Choppable_C_2147482397
209.96521,Right Hand Released,Potato_Choppable_C_2147482398
210.008926,Left Hand Released,Potato_Choppable_C_2147482397
211.100372,Right Hand Grab,Knife_C_4
212.05603,Chopped,Potato_Choppable_C_2147482398
212.85231,Chopped,Potato_Choppable_C_2147482397
213.396835,Right Hand Released,Knife_C_4
214.517868,Left Hand Grab,Potato_BottomHalf_Choppable_C_2147482323
214.517868,Right Hand Grab,Potato_BottomHalf_Choppable_C_2147482323
215.324036,Left Hand Released,Potato_BottomHalf_Choppable_C_2147482323
215.379623,Right Hand Released,Potato_BottomHalf_Choppable_C_2147482323
216.180435,Right Hand Grab,Potato_TopHalf_Choppable_C_2147482324
218.517227,Right Hand Grab,Potato_TopHalf_Choppable_C_2147482322
220.914627,Right Hand Grab,Potato_BottomHalf_Choppable_C_2147482321
224.174164,Right Hand Grab,BeefStewCookbook_C_0
227.959824,Right Hand Grab,Carrot_Choppable_C_2147482392
228.881622,Right Hand Released,Carrot_Choppable_C_2147482392
229.728851,Right Hand Grab,Carrot_Choppable_C_2147482391
230.99295,Right Hand Released,Carrot_Choppable_C_2147482391
231.415619,Right Hand Grab,None
232.5616,Right Hand Grab,Knife_C_4
233.506042,Chopped,Carrot_Choppable_C_2147482391
234.394547,Chopped,CarrotBotton_Choppable_C_2147482317
235.08284,Chopped,Carrot_Choppable_C_2147482392
235.949051,Right Hand Released,Knife_C_4
236.882065,Right Hand Grab,CarrotTop_Choppable_C_2147482316
237.638245,Right Hand Released,CarrotTop_Choppable_C_2147482316
239.527328,Right Hand Grab,Knife_C_4
241.01358,Chopped,CarrotBotton_Choppable_C_2147482317
242.481888,Chopped,CarrotBottomQuarter1_Choppable_C_2147482314
242.637604,Right Hand Released,Knife_C_4
242.827911,Right Hand Grab,Knife_C_4
243.139526,Right Hand Released,Knife_C_4
243.971237,Right Hand Grab,Knife_C_4
245.170334,Chopped,CarrotBottomQuarter1_Choppable_C_2147482314
245.89296,Right Hand Released,Knife_C_4
246.525284,Left Hand Grab,CarrotBotton_Choppable_C_2147482315
246.56987,Right Hand Grab,CarrotBottomQuarter2_Choppable_C_2147482313
248.938507,Left Hand Released,CarrotBotton_Choppable_C_2147482315
249.404495,Right Hand Released,CarrotBottomQuarter2_Choppable_C_2147482313
250.481812,Right Hand Grab,CarrotBottomQuarter2_Choppable_C_2147482313
252.290878,Right Hand Released,CarrotBottomQuarter2_Choppable_C_2147482313
254.413055,Right Hand Grab,CarrotBottomQuarter1_Choppable_C_2147482314
255.325607,Right Hand Released,CarrotBottomQuarter1_Choppable_C_2147482314
256.324463,Right Hand Grab,Knife_C_4
257.522858,Chopped,CarrotBotton_Choppable_C_2147482315
258.279297,Right Hand Released,Knife_C_4
258.972626,Left Hand Grab,CarrotBottomQuarter2_Choppable_C_2147482311
259.005859,Right Hand Grab,CarrotBottomQuarter2_Choppable_C_2147482311
260.057556,Right Hand Released,CarrotBottomQuarter2_Choppable_C_2147482311
260.113129,Left Hand Released,CarrotBottomQuarter2_Choppable_C_2147482311
260.877808,Right Hand Grab,CarrotBottomQuarter2_Choppable_C_2147482311
261.721985,Right Hand Released,CarrotBottomQuarter2_Choppable_C_2147482311
262.822723,Right Hand Grab,CarrotBottomQuarter1_Choppable_C_2147482312
263.890991,Right Hand Released,CarrotBottomQuarter1_Choppable_C_2147482312
265.135162,Right Hand Grab,CarrotTop_Choppable_C_2147482318
266.209869,Right Hand Released,CarrotTop_Choppable_C_2147482318
267.26593,Right Hand Grab,Knife_C_4
268.288147,Chopped,CarrotTop_Choppable_C_2147482318
269.023468,Right Hand Released,Knife_C_4
269.612457,Left Hand Grab,CarrotTopQuarter2_Choppable_C_2147482309
269.712189,Right Hand Grab,CarrotTopQuarter2_Choppable_C_2147482309
270.201294,Right Hand Released,CarrotTopQuarter2_Choppable_C_2147482309
270.579132,Right Hand Grab,CarrotTopQuarter1_Choppable_C_2147482310
271.756348,Left Hand Released,CarrotTopQuarter2_Choppable_C_2147482309
271.889191,Right Hand Released,CarrotTopQuarter1_Choppable_C_2147482310
275.47522,Right Hand Grab,Carrot_Choppable_C_2147482393
276.561157,Right Hand Released,Carrot_Choppable_C_2147482393
277.329681,Right Hand Grab,Knife_C_4
278.354614,Chopped,Carrot_Choppable_C_2147482393
279.032623,Right Hand Released,Knife_C_4
279.784424,Left Hand Grab,CarrotTop_Choppable_C_2147482307
279.817261,Right Hand Grab,CarrotBotton_Choppable_C_2147482306
281.440094,Left Hand Released,CarrotTop_Choppable_C_2147482307
281.717316,Right Hand Released,CarrotBotton_Choppable_C_2147482306
282.529022,Right Hand Grab,Knife_C_4
283.486511,Chopped,CarrotBotton_Choppable_C_2147482306
284.308807,Chopped,CarrotTop_Choppable_C_2147482307
285.198486,Right Hand Released,Knife_C_4
285.875702,Left Hand Grab,CarrotTopQuarter2_Choppable_C_2147482302
285.886688,Right Hand Grab,CarrotBottomQuarter2_Choppable_C_2147482304
287.573608,Right Hand Released,CarrotBottomQuarter2_Choppable_C_2147482304
287.902191,Right Hand Grab,BeefStewCookbook_C_0
290.55249,Right Hand Grab,CarrotBottomQuarter2_Choppable_C_2147482304
298.838623,Right Hand Grab,SaltShakerGrabableSimple_C_2147482365
302.540039,Right Hand Released,SaltShakerGrabableSimple_C_2147482365
304.295044,Right Hand Grab,BeefStewCookbook_C_0
305.328949,Right Hand Grab,BeefStewCookbook_C_0
308.149353,Right Hand Grab,SaltShakerGrabableSimple_C_2147482365
311.702393,Right Hand Released,SaltShakerGrabableSimple_C_2147482365
312.448639,Right Hand Grab,PepperShakerGrabableSimple_C_2147482364
317.213348,Right Hand Released,PepperShakerGrabableSimple_C_2147482364
318.243683,Right Hand Grab,PepperShakerGrabableSimple_C_2147482364
320.692505,Right Hand Released,PepperShakerGrabableSimple_C_2147482364
325.710663,Right Hand Grab,StirSpoonSimple_C_2147482368
327.903198,Right Hand Released,StirSpoonSimple_C_2147482368
328.236694,Right Hand Grab,None
330.091553,Right Hand Grab,BeefStewCookbook_C_0
331.079742,Right Hand Grab,BeefStewCookbook_C_0
332.50119,Right Hand Grab,BeefStewCookbook_C_0
333.50177,Right Hand Grab,BeefStewCookbook_C_0
335.021118,Right Hand Grab,BeefStewCookbook_C_0
336.889557,Right Hand Grab,BeefStewCookbook_C_0
338.233429,Right Hand Grab,BeefStewCookbook_C_0
340.154175,Left Hand Grab,BeefStewCookbook_C_0
341.031128,Left Hand Grab,BeefStewCookbook_C_0
342.676208,Right Hand Grab,BeefStewCookbook_C_0
344.361206,Right Hand Grab,BeefStewCookbook_C_0
345.538116,Right Hand Grab,StirSpoonSimple_C_2147482368
353.797852,Right Hand Released,StirSpoonSimple_C_2147482368
360.246765,Right Hand Grab,BeefStewCookbook_C_0
364.832611,Right Hand Grab,BeefStewCookbook_C_0
367.571716,Right Hand Grab,BeefStewCookbook_C_0
372.96698,Right Hand Grab,None
374.096924,Right Hand Grab,NewLadleSimple_C_2147482301
381.110687,Right Hand Released,NewLadleSimple_C_2147482301
382.543793,Right Hand Grab,StewBowlSimple_C_2147482299
382.632812,Left Hand Grab,StewBowlSimple_C_2147482299
383.197906,Right Hand Released,StewBowlSimple_C_2147482299
383.197906,Left Hand Released,StewBowlSimple_C_2147482299
