Session Time,Action Type,Interacted Object
11.630137,Right Hand Grab,BeefStewCookbook_C_0
25.549326,Right Hand Grab,None
25.571157,Left Hand Grab,None
26.293394,Right Hand Grab,Carrot_Choppable_C_2147482390
27.483513,Right Hand Released,Carrot_Choppable_C_2147482390
29.180662,Right Hand Grab,Carrot_Choppable_C_2147482362
30.393549,Right Hand Released,Carrot_Choppable_C_2147482362
32.958195,Right Hand Grab,None
33.8438,Right Hand Grab,Onion_Choppable_C_2147482377
34.902565,Right Hand Released,Onion_Choppable_C_2147482377
35.948563,Right Hand Grab,Onion_Choppable_C_2147482360
36.9702,Right Hand Released,Onion_Choppable_C_2147482360
40.727089,Left Hand Grab,Potato_Choppable_C_2147482398
40.727089,Right Hand Grab,BeefStewCookbook_C_0
41.959503,Right Hand Grab,BeefStewCookbook_C_0
42.837021,Right Hand Grab,BeefStewCookbook_C_0
43.908356,Right Hand Grab,Potato_Choppable_C_2147482396
45.725399,Right Hand Released,Potato_Choppable_C_2147482396
45.758987,Left Hand Released,Potato_Choppable_C_2147482398
49.479607,Left Hand Grab,BeefStewCookbook_C_0
49.490475,Right Hand Grab,Tomato_Choppable_C_2147482385
51.002472,Left Hand Grab,BeefStewCookbook_C_0
51.957211,Left Hand Grab,BeefStewCookbook_C_0
52.611168,Right Hand Released,Tomato_Choppable_C_2147482385
53.646328,Left Hand Grab,BeefStewCookbook_C_0
53.713421,Right Hand Grab,Tomato_Choppable_C_2147482385
55.577,Right Hand Released,Tomato_Choppable_C_2147482385
56.544498,Left Hand Grab,BeefStewCookbook_C_0
57.573566,Left Hand Grab,Tomato_Choppable_C_2147482356
58.932465,Left Hand Released,Tomato_Choppable_C_2147482356
69.366043,Left Hand Grab,BeefStewCookbook_C_0
70.910042,Left Hand Grab,BeefStewCookbook_C_0
71.898613,Left Hand Grab,None
72.598991,Left Hand Grab,BeefStewCookbook_C_0
73.342972,Left Hand Grab,BeefStewCookbook_C_0
73.965034,Left Hand Grab,BeefStewCookbook_C_0
117.977188,Left Hand Grab,Knife_C_4
118.06562,Right Hand Grab,StirSpoonSimple_C_2147482368
119.867477,Right Hand Released,StirSpoonSimple_C_2147482368
119.911308,Left Hand Released,Knife_C_4
120.631836,Left Hand Grab,BrothParent_C_2147482366
120.665955,Right Hand Grab,BrothParent_C_2147482366
133.564529,Left Hand Released,BrothParent_C_2147482366
134.576141,Left Hand Grab,Knife_C_4
134.862381,Right Hand Released,BrothParent_C_2147482366
134.862381,Left Hand Released,Knife_C_4
143.439468,Right Hand Grab,BeefStewCookbook_C_0
146.960632,Left Hand Grab,Meat_Choppable_C_2147482388
146.960632,Right Hand Grab,Meat_Choppable_C_2147482386
147.804184,Right Hand Released,Meat_Choppable_C_2147482386
147.837662,Left Hand Released,Meat_Choppable_C_2147482388
150.404114,Right Hand Grab,Knife_C_4
153.926926,Chopped,Meat_Choppable_C_2147482388
154.758972,Chopped,Meat_Choppable_C_2147482386
155.56958,Chopped,Tomato_Choppable_C_2147482356
156.014832,Right Hand Released,Knife_C_4
158.489304,Right Hand Grab,Knife_C_4
160.202438,Chopped,Meat_HalfLeft_Choppable_C_2147482350
161.169662,Chopped,Meat_HalfRight_Choppable_C_2147482347
161.380844,Right Hand Released,Knife_C_4
165.921082,Left Hand Grab,Meat_QuarterLeft2_C_2147482343
165.9552,Right Hand Grab,Meat_QuarterLeft2_C_2147482343
167.243713,Right Hand Released,Meat_QuarterLeft2_C_2147482343
167.277298,Left Hand Released,Meat_QuarterLeft2_C_2147482343
168.411469,Left Hand Grab,Meat_HalfRight_Choppable_C_2147482349
168.411469,Right Hand Grab,Meat_HalfRight_Choppable_C_2147482349
173.188782,Right Hand Released,Meat_HalfRight_Choppable_C_2147482349
173.977325,Right Hand Grab,BeefStewCookbook_C_0
176.206192,Right Hand Grab,BeefStewCookbook_C_0
178.287933,Left Hand Grab,Meat_QuarterRight2_C_2147482341
178.298477,Right Hand Grab,Meat_QuarterRight2_C_2147482341
181.685593,Right Hand Released,Meat_QuarterRight2_C_2147482341
181.696991,Left Hand Released,Meat_QuarterRight2_C_2147482341
182.726089,Left Hand Grab,Meat_HalfLeft_Choppable_C_2147482348
182.759308,Right Hand Grab,Meat_HalfLeft_Choppable_C_2147482348
183.982666,Right Hand Released,Meat_HalfLeft_Choppable_C_2147482348
183.982666,Left Hand Released,Meat_HalfLeft_Choppable_C_2147482348
184.942276,Right Hand Grab,Meat_QuarterLeft1_C_2147482344
184.965424,Left Hand Grab,Meat_Choppable_C_2147482351
185.964005,Right Hand Released,Meat_QuarterLeft1_C_2147482344
185.985397,Left Hand Released,Meat_Choppable_C_2147482351
188.129288,Left Hand Grab,Meat_Choppable_C_2147482351
188.173813,Right Hand Grab,Meat_Choppable_C_2147482351
188.987213,Left Hand Released,Meat_Choppable_C_2147482351
189.009369,Right Hand Released,Meat_Choppable_C_2147482351
191.041885,Right Hand Grab,Meat_QuarterRight1_C_2147482342
191.098053,Left Hand Grab,Meat_QuarterRight1_C_2147482342
194.595947,Right Hand Released,Meat_QuarterRight1_C_2147482342
194.606964,Left Hand Released,Meat_QuarterRight1_C_2147482342
196.738113,Left Hand Grab,Meat_Choppable_C_2147482387
196.749207,Right Hand Grab,Meat_Choppable_C_2147482352
197.682678,Left Hand Released,Meat_Choppable_C_2147482387
198.250061,Right Hand Released,Meat_Choppable_C_2147482352
199.028397,Right Hand Grab,Knife_C_4
199.073441,Left Hand Grab,None
199.405762,Right Hand Released,Knife_C_4
200.57225,Left Hand Grab,Meat_Choppable_C_2147482340
200.57225,Right Hand Grab,Tomato_TopHalf_Choppable_C_2147482346
201.272476,Left Hand Released,Meat_Choppable_C_2147482340
201.339264,Right Hand Released,Tomato_TopHalf_Choppable_C_2147482346
202.304642,Right Hand Grab,Tomato_TopHalf_Choppable_C_2147482346
202.337753,Left Hand Grab,Meat_Choppable_C_2147482352
203.105942,Right Hand Released,Tomato_TopHalf_Choppable_C_2147482346
203.195084,Left Hand Released,Meat_Choppable_C_2147482352
204.228043,Right Hand Grab,Knife_C_4
204.950165,Chopped,Onion_Choppable_C_2147482377
205.472672,Chopped,Meat_Choppable_C_2147482352
205.792709,Right Hand Released,Knife_C_4
206.614563,Right Hand Grab,None
207.74794,Right Hand Grab,Knife_C_4
207.814987,Chopped,Meat_Choppable_C_2147482339
208.382263,Chopped,Meat_HalfLeft_Choppable_C_2147482337
209.181763,Chopped,Meat_QuarterLeft1_C_2147482332
209.739273,Right Hand Released,Knife_C_4
211.722763,Right Hand Grab,Knife_C_4
212.084824,Chopped,Meat_QuarterLeft2_C_2147482331
212.771027,Chopped,Meat_QuarterLeft2_C_2147482331
213.282318,Right Hand Released,Knife_C_4
213.648529,Right Hand Grab,Knife_C_4
213.847778,Chopped,Meat_QuarterLeft1_C_2147482332
213.98114,Right Hand Released,Knife_C_4
214.42572,Right Hand Grab,Knife_C_4
214.6698,Chopped,Meat_QuarterLeft2_C_2147482331
214.802444,Right Hand Released,Knife_C_4
217.491821,Left Hand Grab,Meat_QuarterLeft1_C_2147482332
217.524323,Right Hand Grab,Meat_QuarterLeft1_C_2147482332
218.702621,Right Hand Released,Meat_QuarterLeft1_C_2147482332
218.714279,Left Hand Released,Meat_QuarterLeft1_C_2147482332
220.557404,Left Hand Grab,Meat_QuarterLeft2_C_2147482331
220.590591,Right Hand Grab,Meat_QuarterLeft2_C_2147482331
221.567139,Right Hand Released,Meat_QuarterLeft2_C_2147482331
221.578201,Left Hand Released,Meat_QuarterLeft2_C_2147482331
222.713196,Left Hand Grab,Knife_C_4
222.73465,Right Hand Grab,Knife_C_4
223.566925,Chopped,Tomato_BottomHalf_Choppable_C_2147482345
223.813187,Right Hand Released,Knife_C_4
223.813187,Left Hand Released,Knife_C_4
224.690796,Left Hand Grab,Meat_HalfRight_Choppable_C_2147482336
224.701859,Right Hand Grab,Tomato_BottomHalf_Choppable_C_2147482345
225.702789,Right Hand Released,Tomato_BottomHalf_Choppable_C_2147482345
225.714401,Left Hand Released,Meat_HalfRight_Choppable_C_2147482336
227.256256,Right Hand Grab,Knife_C_4
227.312378,Chopped,Onion_Choppable_C_2147482360
227.312378,Left Hand Grab,Knife_C_4
227.889572,Chopped,Tomato_TopHalf_Choppable_C_2147482346
227.889572,Right Hand Released,Knife_C_4
227.922714,Left Hand Released,Knife_C_4
230.621384,Right Hand Grab,Meat_Choppable_C_2147482333
230.644028,Left Hand Grab,Meat_Choppable_C_2147482333
231.622665,Right Hand Released,Meat_Choppable_C_2147482333
231.655945,Left Hand Released,Meat_Choppable_C_2147482333
233.155853,Left Hand Grab,Knife_C_4
233.20076,Right Hand Grab,Knife_C_4
234.745178,Chopped,Meat_Choppable_C_2147482333
236.855362,Left Hand Released,Knife_C_4
237.032806,Right Hand Released,Knife_C_4
238.130264,Left Hand Grab,Meat_HalfRight_Choppable_C_2147482328
238.153198,Right Hand Grab,Onion_Peeled_C_2147482338
239.775101,Right Hand Released,Onion_Peeled_C_2147482338
240.208252,Left Hand Released,Meat_HalfRight_Choppable_C_2147482328
241.075256,Left Hand Grab,Knife_C_4
241.120209,Right Hand Grab,Knife_C_4
241.929214,Chopped,Meat_HalfLeft_Choppable_C_2147482329
242.830353,Chopped,Meat_HalfRight_Choppable_C_2147482328
243.152237,Right Hand Released,Knife_C_4
243.219086,Left Hand Released,Knife_C_4
244.197433,Right Hand Grab,Meat_QuarterRight1_C_2147482324
244.219711,Left Hand Grab,Meat_QuarterRight1_C_2147482324
245.519806,Left Hand Released,Meat_QuarterRight1_C_2147482324
245.552551,Right Hand Released,Meat_QuarterRight1_C_2147482324
247.031097,Left Hand Grab,Meat_QuarterRight1_C_2147482324
247.053406,Right Hand Grab,Meat_QuarterRight1_C_2147482324
248.209381,Right Hand Released,Meat_QuarterRight1_C_2147482324
248.30954,Left Hand Released,Meat_QuarterRight1_C_2147482324
248.586929,Left Hand Grab,None
252.529663,Left Hand Grab,Knife_C_4
252.552139,Right Hand Grab,Meat_QuarterRight2_C_2147482323
252.705536,Chopped,Meat_Choppable_C_2147482327
253.590179,Left Hand Released,Knife_C_4
254.380432,Left Hand Grab,Meat_QuarterRight2_C_2147482323
255.462189,Left Hand Released,Meat_QuarterRight2_C_2147482323
255.549271,Right Hand Released,Meat_QuarterRight2_C_2147482323
256.707123,Right Hand Grab,Tomato_BottomHalf_Choppable_C_2147482345
256.762756,Left Hand Grab,Tomato_TopHalf_Choppable_C_2147482346
257.405212,Left Hand Released,Tomato_TopHalf_Choppable_C_2147482346
257.438263,Right Hand Released,Tomato_BottomHalf_Choppable_C_2147482345
258.390472,Right Hand Grab,Meat_QuarterRight2_C_2147482323
258.436249,Left Hand Grab,Tomato_TopHalf_Choppable_C_2147482346
259.839935,Right Hand Released,Meat_QuarterRight2_C_2147482323
259.861633,Left Hand Released,Tomato_TopHalf_Choppable_C_2147482346
261.449432,Right Hand Grab,Knife_C_4
262.148926,Chopped,Onion_Peeled_C_2147482338
262.260284,Right Hand Released,Knife_C_4
263.161072,Right Hand Grab,Meat_QuarterLeft2_C_2147482325
264.593384,Right Hand Released,Meat_QuarterLeft2_C_2147482325
269.226776,Right Hand Grab,BeefStewCookbook_C_0
270.916809,Right Hand Grab,BeefStewCookbook_C_0
277.368134,Right Hand Grab,Tomato_TopHalf_Choppable_C_2147482346
281.413757,Right Hand Grab,Tomato_BottomHalf_Choppable_C_2147482345
282.502625,Right Hand Released,Tomato_BottomHalf_Choppable_C_2147482345
284.791901,Right Hand Grab,Tomato_Choppable_C_2147482385
284.847443,Left Hand Grab,Onion_Peeled_C_2147482330
285.447571,Left Hand Released,Onion_Peeled_C_2147482330
285.780396,Right Hand Released,Tomato_Choppable_C_2147482385
286.08136,Right Hand Grab,Tomato_Choppable_C_2147482385
286.868134,Right Hand Released,Tomato_Choppable_C_2147482385
287.656982,Right Hand Grab,Knife_C_4
287.819458,Chopped,Tomato_Choppable_C_2147482385
288.842987,Right Hand Released,Knife_C_4
289.888611,Right Hand Grab,Knife_C_4
290.610077,Right Hand Released,Knife_C_4
291.941223,Right Hand Grab,Onion_Half2_C_2147482318
292.041443,Left Hand Grab,Tomato_TopHalf_Choppable_C_2147482317
292.419891,Left Hand Released,Tomato_TopHalf_Choppable_C_2147482317
293.010132,Right Hand Released,Onion_Half2_C_2147482318
293.898376,Right Hand Grab,Tomato_TopHalf_Choppable_C_2147482317
295.043915,Right Hand Released,Tomato_TopHalf_Choppable_C_2147482317
297.565308,Right Hand Grab,Tomato_Choppable_C_2147482382
298.853333,Right Hand Released,Tomato_Choppable_C_2147482382
300.088745,Right Hand Grab,Onion_Peeled_C_2147482330
300.874939,Right Hand Released,Onion_Peeled_C_2147482330
301.430206,Right Hand Grab,Knife_C_4
301.563354,Chopped,Tomato_Choppable_C_2147482382
302.09845,Chopped,Tomato_TopHalf_Choppable_C_2147482314
302.342773,Right Hand Released,Knife_C_4
303.620239,Right Hand Grab,Tomato_BottomHalf_Choppable_C_2147482313
304.520569,Right Hand Released,Tomato_BottomHalf_Choppable_C_2147482313
309.131897,Right Hand Grab,BeefStewCookbook_C_0
311.341278,Right Hand Grab,Knife_C_4
311.674286,Right Hand Released,Knife_C_4
312.163574,Right Hand Grab,Potato_Choppable_C_2147482396
312.986725,Right Hand Released,Potato_Choppable_C_2147482396
313.787201,Right Hand Grab,Knife_C_4
314.697662,Chopped,Potato_Choppable_C_2147482396
318.674744,Right Hand Released,Knife_C_4
319.426331,Right Hand Grab,Potato_BottomHalf_Choppable_C_2147482311
320.484863,Right Hand Released,Potato_BottomHalf_Choppable_C_2147482311
321.417725,Right Hand Grab,Knife_C_4
321.894073,Right Hand Released,Knife_C_4
324.029205,Right Hand Grab,Potato_TopHalf_Choppable_C_2147482312
325.49588,Right Hand Released,Potato_TopHalf_Choppable_C_2147482312
327.260223,Right Hand Grab,Carrot_Choppable_C_2147482390
327.983673,Right Hand Released,Carrot_Choppable_C_2147482390
328.461761,Right Hand Grab,Carrot_Choppable_C_2147482390
329.092163,Right Hand Released,Carrot_Choppable_C_2147482390
329.824493,Right Hand Grab,Potato_Choppable_C_2147482398
331.006653,Right Hand Released,Potato_Choppable_C_2147482398
331.982483,Right Hand Grab,Knife_C_4
332.905609,Chopped,Potato_Choppable_C_2147482398
333.77179,Right Hand Released,Knife_C_4
335.148529,Right Hand Grab,Potato_BottomHalf_Choppable_C_2147482309
336.164429,Right Hand Released,Potato_BottomHalf_Choppable_C_2147482309
337.343994,Right Hand Grab,Potato_TopHalf_Choppable_C_2147482310
339.493286,Right Hand Released,Potato_TopHalf_Choppable_C_2147482310
342.070343,Right Hand Grab,BeefStewCookbook_C_0
344.779205,Right Hand Grab,Knife_C_4
345.467468,Chopped,Carrot_Choppable_C_2147482390
345.689667,Right Hand Released,Knife_C_4
347.549713,Right Hand Grab,Knife_C_4
348.164032,Chopped,CarrotBotton_Choppable_C_2147482307
348.753479,Right Hand Released,Knife_C_4
349.522797,Right Hand Grab,Knife_C_4
350.268707,Right Hand Released,Knife_C_4
351.390259,Right Hand Grab,Onion_Half2_C_2147482318
352.423615,Right Hand Released,Onion_Half2_C_2147482318
353.090515,Right Hand Grab,CarrotTop_Choppable_C_2147482308
354.266235,Right Hand Released,CarrotTop_Choppable_C_2147482308
355.265015,Right Hand Grab,Knife_C_4
355.943451,Chopped,Carrot_Choppable_C_2147482362
356.210266,Right Hand Released,Knife_C_4
357.523315,Right Hand Grab,CarrotBottomQuarter2_Choppable_C_2147482305
358.787384,Right Hand Released,CarrotBottomQuarter2_Choppable_C_2147482305
360.531982,Right Hand Grab,CarrotBottomQuarter1_Choppable_C_2147482306
361.607239,Right Hand Released,CarrotBottomQuarter1_Choppable_C_2147482306
363.04248,Right Hand Grab,SaltShakerGrabableSimple_C_2147482365
364.476959,Right Hand Released,SaltShakerGrabableSimple_C_2147482365
365.777588,Right Hand Grab,CarrotBotton_Choppable_C_2147482303
367.166168,Right Hand Released,CarrotBotton_Choppable_C_2147482303
368.265625,Right Hand Grab,CarrotTop_Choppable_C_2147482304
369.387665,Right Hand Released,CarrotTop_Choppable_C_2147482304
372.198822,Right Hand Grab,Carrot_Choppable_C_2147482361
374.549103,Right Hand Released,Carrot_Choppable_C_2147482361
377.381531,Right Hand Grab,Knife_C_4
377.59259,Chopped,Carrot_Choppable_C_2147482361
378.317291,Chopped,CarrotBotton_Choppable_C_2147482300
379.062103,Chopped,CarrotTop_Choppable_C_2147482301
379.784912,Right Hand Released,Knife_C_4
381.099548,Right Hand Grab,CarrotBotton_Choppable_C_2147482300
382.30249,Right Hand Released,CarrotBotton_Choppable_C_2147482300
383.989685,Right Hand Grab,CarrotTopQuarter2_Choppable_C_2147482298
384.578522,Right Hand Released,CarrotTopQuarter2_Choppable_C_2147482298
385.427094,Right Hand Grab,CarrotTopQuarter1_Choppable_C_2147482299
386.711884,Right Hand Released,CarrotTopQuarter1_Choppable_C_2147482299
388.316528,Right Hand Grab,CarrotTopQuarter2_Choppable_C_2147482298
389.349976,Right Hand Released,CarrotTopQuarter2_Choppable_C_2147482298
390.361023,Right Hand Grab,Carrot_Choppable_C_2147482302
391.642914,Right Hand Released,Carrot_Choppable_C_2147482302
392.656647,Right Hand Grab,Knife_C_4
393.727448,Chopped,Carrot_Choppable_C_2147482302
394.448212,Chopped,CarrotBotton_Choppable_C_2147482295
395.378448,Chopped,CarrotBotton_Choppable_C_2147482295
395.865997,Right Hand Released,Knife_C_4
398.471466,Right Hand Grab,CarrotBottomQuarter2_Choppable_C_2147482293
399.903961,Right Hand Released,CarrotBottomQuarter2_Choppable_C_2147482293
401.313843,Right Hand Grab,CarrotBottomQuarter1_Choppable_C_2147482294
402.591919,Right Hand Released,CarrotBottomQuarter1_Choppable_C_2147482294
404.768616,Right Hand Grab,StirSpoonSimple_C_2147482368
405.86261,Right Hand Released,StirSpoonSimple_C_2147482368
406.919098,Right Hand Grab,StirSpoonSimple_C_2147482368
407.879913,Right Hand Released,StirSpoonSimple_C_2147482368
408.703064,Right Hand Grab,Knife_C_4
409.891846,Chopped,CarrotTop_Choppable_C_2147482296
410.565552,Right Hand Released,Knife_C_4
411.434052,Right Hand Grab,CarrotTopQuarter2_Choppable_C_2147482291
412.313293,Right Hand Released,CarrotTopQuarter2_Choppable_C_2147482291
413.231537,Right Hand Grab,CarrotTopQuarter1_Choppable_C_2147482292
414.173981,Right Hand Released,CarrotTopQuarter1_Choppable_C_2147482292
415.566895,Right Hand Grab,BeefStewCookbook_C_0
419.910187,Left Hand Grab,SaltShakerGrabableSimple_C_2147482365
426.986816,Left Hand Released,SaltShakerGrabableSimple_C_2147482365
428.166718,Right Hand Grab,Onion_Peeled_C_2147482330
429.197693,Right Hand Released,Onion_Peeled_C_2147482330
430.7435,Right Hand Grab,Onion_Peeled_C_2147482330
431.121521,Right Hand Released,Onion_Peeled_C_2147482330
432.498718,Right Hand Grab,PepperShakerGrabableSimple_C_2147482364
437.329651,Right Hand Released,PepperShakerGrabableSimple_C_2147482364
441.561859,Right Hand Grab,StirSpoonSimple_C_2147482368
454.791534,Right Hand Released,StirSpoonSimple_C_2147482368
457.093689,Right Hand Grab,BeefStewCookbook_C_0
478.499329,Right Hand Grab,Onion_Peeled_C_2147482330
480.520691,Right Hand Released,Onion_Peeled_C_2147482330
481.701385,Right Hand Grab,Onion_Peeled_C_2147482330
481.955933,Right Hand Released,Onion_Peeled_C_2147482330
493.617279,Right Hand Grab,None
495.228271,Right Hand Grab,None
496.602692,Right Hand Grab,None
497.842255,Right Hand Grab,None
498.735504,Right Hand Grab,None
502.286407,Right Hand Grab,oven_C_1
505.018921,Right Hand Grab,None
505.75705,Right Hand Grab,None
506.693298,Right Hand Grab,None
508.240906,Right Hand Grab,None
509.974518,Right Hand Grab,oven_C_1
