Session Time,Action Type,Interacted Object
3.830928,Right Hand Grab,BeefStewCookbook_C_0
3.885836,Left Hand Grab,None
11.340806,Right Hand Grab,BrothParent_C_2147482366
26.10306,Right Hand Released,BrothParent_C_2147482366
27.861137,Right Hand Grab,BeefStewCookbook_C_0
33.157024,Right Hand Grab,Meat_Choppable_C_2147482388
34.346046,Right Hand Released,Meat_Choppable_C_2147482388
36.704243,Right Hand Grab,Meat_Choppable_C_2147482386
38.132519,Right Hand Released,Meat_Choppable_C_2147482386
42.066799,Right Hand Grab,Knife_C_4
43.777786,Chopped,Meat_Choppable_C_2147482386
45.622921,Chopped,Meat_HalfRight_Choppable_C_2147482357
46.822266,Chopped,Meat_QuarterRight2_C_2147482355
48.355301,Chopped,Meat_QuarterRight1_C_2147482356
50.776333,Chopped,Meat_Choppable_C_2147482388
51.398903,Chopped,Meat_HalfLeft_Choppable_C_2147482354
52.82019,Chopped,Meat_HalfLeft_Choppable_C_2147482354
53.777264,Chopped,Meat_HalfRight_Choppable_C_2147482353
56.46505,Right Hand Released,Knife_C_4
59.476032,Right Hand Grab,Meat_QuarterRight2_C_2147482355
61.286945,Right Hand Released,Meat_QuarterRight2_C_2147482355
61.997959,Right Hand Grab,Meat_QuarterRight2_C_2147482355
63.753548,Right Hand Released,Meat_QuarterRight2_C_2147482355
64.831329,Right Hand Grab,Meat_HalfLeft_Choppable_C_2147482358
68.141869,Right Hand Released,Meat_HalfLeft_Choppable_C_2147482358
68.819229,Right Hand Grab,Meat_QuarterRight1_C_2147482356
70.062836,Right Hand Released,Meat_QuarterRight1_C_2147482356
71.573708,Right Hand Grab,Meat_HalfLeft_Choppable_C_2147482358
72.295525,Right Hand Released,Meat_HalfLeft_Choppable_C_2147482358
72.836731,Right Hand Grab,Meat_QuarterLeft2_C_2147482351
74.462212,Right Hand Released,Meat_QuarterLeft2_C_2147482351
75.417236,Right Hand Grab,Meat_QuarterLeft1_C_2147482352
76.362167,Right Hand Released,Meat_QuarterLeft1_C_2147482352
77.393517,Right Hand Grab,Meat_QuarterRight2_C_2147482349
78.528419,Right Hand Released,Meat_QuarterRight2_C_2147482349
79.405388,Right Hand Grab,Meat_QuarterRight1_C_2147482350
80.317703,Right Hand Released,Meat_QuarterRight1_C_2147482350
81.716705,Right Hand Grab,Knife_C_4
82.393211,Chopped,Meat_HalfLeft_Choppable_C_2147482358
83.316757,Chopped,Meat_QuarterLeft2_C_2147482347
85.160851,Right Hand Released,Knife_C_4
86.149757,Right Hand Grab,Meat_QuarterLeft1_C_2147482348
87.393433,Right Hand Released,Meat_QuarterLeft1_C_2147482348
88.293289,Right Hand Grab,Meat_QuarterLeft2_C_2147482347
89.181221,Right Hand Released,Meat_QuarterLeft2_C_2147482347
93.658699,Right Hand Grab,BeefStewCookbook_C_0
97.569435,Right Hand Grab,Onion_Choppable_C_2147482380
98.501762,Right Hand Released,Onion_Choppable_C_2147482380
99.790756,Right Hand Grab,Onion_Choppable_C_2147482346
100.967445,Right Hand Released,Onion_Choppable_C_2147482346
103.934509,Right Hand Grab,Knife_C_4
104.600616,Chopped,Onion_Choppable_C_2147482380
105.722992,Chopped,Onion_Peeled_C_2147482344
106.254601,Chopped,Onion_Half2_C_2147482342
108.76693,Chopped,Onion_Choppable_C_2147482346
109.887665,Chopped,Onion_Peeled_C_2147482341
111.30069,Chopped,Onion_Half_C_2147482340
112.088799,Chopped,Onion_Half2_C_2147482339
112.422722,Right Hand Released,Knife_C_4
114.841766,Right Hand Grab,Onion_Choppable_C_2147482378
116.264549,Right Hand Released,Onion_Choppable_C_2147482378
116.976601,Right Hand Grab,Knife_C_4
117.654205,Chopped,Onion_Choppable_C_2147482378
118.854248,Chopped,Onion_Peeled_C_2147482337
119.909111,Right Hand Released,Knife_C_4
122.620117,Right Hand Grab,Onion_Half2_C_2147482335
123.686142,Right Hand Released,Onion_Half2_C_2147482335
124.552444,Right Hand Grab,Onion_Half_C_2147482336
125.409737,Right Hand Released,Onion_Half_C_2147482336
126.330162,Right Hand Grab,Onion_Half_C_2147482340
127.240593,Right Hand Released,Onion_Half_C_2147482340
128.119614,Right Hand Grab,Onion_Half2_C_2147482339
128.96373,Right Hand Released,Onion_Half2_C_2147482339
131.029861,Right Hand Grab,BeefStewCookbook_C_0
133.783844,Right Hand Grab,BeefStewCookbook_C_0
136.017029,Right Hand Grab,Tomato_Choppable_C_2147482385
137.272095,Right Hand Released,Tomato_Choppable_C_2147482385
138.76152,Right Hand Grab,Tomato_Choppable_C_2147482384
140.373062,Right Hand Released,Tomato_Choppable_C_2147482384
143.061432,Right Hand Grab,Knife_C_4
143.760071,Chopped,Tomato_Choppable_C_2147482384
144.671005,Chopped,Tomato_Choppable_C_2147482385
145.89238,Right Hand Released,Knife_C_4
146.770844,Right Hand Grab,Knife_C_4
148.003983,Right Hand Released,Knife_C_4
149.115234,Right Hand Grab,Tomato_BottomHalf_Choppable_C_2147482331
149.970551,Right Hand Released,Tomato_BottomHalf_Choppable_C_2147482331
151.103775,Right Hand Grab,Tomato_TopHalf_Choppable_C_2147482332
151.87085,Right Hand Released,Tomato_TopHalf_Choppable_C_2147482332
152.881409,Right Hand Grab,Tomato_BottomHalf_Choppable_C_2147482329
153.614517,Right Hand Released,Tomato_BottomHalf_Choppable_C_2147482329
154.681061,Right Hand Grab,Tomato_TopHalf_Choppable_C_2147482330
155.536209,Right Hand Released,Tomato_TopHalf_Choppable_C_2147482330
159.378479,Left Hand Grab,Potato_Choppable_C_2147482398
160.324677,Left Hand Released,Potato_Choppable_C_2147482398
161.190384,Left Hand Grab,Potato_Choppable_C_2147482398
162.212921,Left Hand Released,Potato_Choppable_C_2147482398
163.424179,Left Hand Grab,Potato_Choppable_C_2147482398
166.800385,Left Hand Released,Potato_Choppable_C_2147482398
168.977127,Left Hand Grab,Potato_Choppable_C_2147482328
171.110168,Left Hand Released,Potato_Choppable_C_2147482328
174.009964,Right Hand Grab,Knife_C_4
174.676971,Chopped,Potato_Choppable_C_2147482328
175.376862,Chopped,Potato_BottomHalf_Choppable_C_2147482325
176.155701,Chopped,Potato_BottomHalf_Choppable_C_2147482325
177.96608,Chopped,Potato_Choppable_C_2147482398
180.03186,Right Hand Released,Knife_C_4
180.942322,Right Hand Grab,Potato_TopHalf_Choppable_C_2147482326
181.920441,Right Hand Released,Potato_TopHalf_Choppable_C_2147482326
182.787155,Right Hand Grab,Potato_BottomHalf_Choppable_C_2147482325
183.531082,Right Hand Released,Potato_BottomHalf_Choppable_C_2147482325
184.419983,Right Hand Grab,Potato_BottomHalf_Choppable_C_2147482323
185.075424,Right Hand Released,Potato_BottomHalf_Choppable_C_2147482323
186.186554,Right Hand Grab,Potato_TopHalf_Choppable_C_2147482324
186.897095,Right Hand Released,Potato_TopHalf_Choppable_C_2147482324
188.731171,Right Hand Grab,BeefStewCookbook_C_0
191.462921,Left Hand Grab,Carrot_Choppable_C_2147482389
192.827957,Left Hand Released,Carrot_Choppable_C_2147482389
194.429169,Left Hand Grab,Carrot_Choppable_C_2147482322
195.86145,Left Hand Released,Carrot_Choppable_C_2147482322
196.639297,Right Hand Grab,Onion_Half2_C_2147482342
197.240295,Right Hand Released,Onion_Half2_C_2147482342
197.695389,Right Hand Grab,Knife_C_4
198.595627,Chopped,Carrot_Choppable_C_2147482322
199.395111,Chopped,Carrot_Choppable_C_2147482389
200.816589,Chopped,CarrotBotton_Choppable_C_2147482319
201.527435,Chopped,CarrotBotton_Choppable_C_2147482317
203.171448,Chopped,CarrotTop_Choppable_C_2147482320
204.104965,Chopped,CarrotTop_Choppable_C_2147482318
205.291931,Right Hand Released,Knife_C_4
206.236893,Right Hand Grab,CarrotBottomQuarter2_Choppable_C_2147482315
207.204239,Right Hand Released,CarrotBottomQuarter2_Choppable_C_2147482315
208.01442,Right Hand Grab,Knife_C_4
209.060013,Right Hand Released,Knife_C_4
210.213684,Right Hand Grab,CarrotBottomQuarter1_Choppable_C_2147482316
210.969711,Right Hand Released,CarrotBottomQuarter1_Choppable_C_2147482316
211.869751,Right Hand Grab,CarrotBottomQuarter1_Choppable_C_2147482314
212.59169,Right Hand Released,CarrotBottomQuarter1_Choppable_C_2147482314
213.469666,Right Hand Grab,CarrotBottomQuarter2_Choppable_C_2147482313
214.146729,Right Hand Released,CarrotBottomQuarter2_Choppable_C_2147482313
215.091797,Right Hand Grab,CarrotTopQuarter1_Choppable_C_2147482310
215.870087,Right Hand Released,CarrotTopQuarter1_Choppable_C_2147482310
216.69072,Right Hand Grab,CarrotTopQuarter2_Choppable_C_2147482309
217.380066,Right Hand Released,CarrotTopQuarter2_Choppable_C_2147482309
218.257858,Right Hand Grab,Knife_C_4
219.413742,Right Hand Released,Knife_C_4
220.801941,Right Hand Grab,CarrotTopQuarter1_Choppable_C_2147482312
221.646072,Right Hand Released,CarrotTopQuarter1_Choppable_C_2147482312
222.623901,Right Hand Grab,CarrotTopQuarter2_Choppable_C_2147482311
223.534256,Right Hand Released,CarrotTopQuarter2_Choppable_C_2147482311
226.112732,Right Hand Grab,BeefStewCookbook_C_0
230.031906,Right Hand Grab,PepperShakerGrabableSimple_C_2147482364
235.020691,Right Hand Released,PepperShakerGrabableSimple_C_2147482364
235.820755,Right Hand Grab,PepperShakerGrabableSimple_C_2147482364
239.553192,Right Hand Released,PepperShakerGrabableSimple_C_2147482364
240.631195,Right Hand Grab,SaltShakerGrabableSimple_C_2147482365
245.774658,Right Hand Released,SaltShakerGrabableSimple_C_2147482365
251.095581,Right Hand Grab,StirSpoonSimple_C_2147482368
266.448242,Right Hand Released,StirSpoonSimple_C_2147482368
267.86972,Right Hand Grab,BeefStewCookbook_C_0
274.510498,Right Hand Grab,NewLadleSimple_C_2147482308
282.665955,Right Hand Released,NewLadleSimple_C_2147482308
286.720886,Right Hand Grab,BeefStewCookbook_C_0
