Session Time,Action Type,Interacted Object
7.749941,Right Hand Grab,BeefStewCookbook_C_0
24.242456,Left Hand Grab,None
25.510166,Left Hand Grab,None
33.63921,Right Hand Grab,None
35.833088,Right Hand Grab,None
38.120834,Right Hand Grab,None
40.614952,Right Hand Grab,None
41.787178,Right Hand Grab,BrothParent_C_2147482366
52.042561,Right Hand Released,BrothParent_C_2147482366
52.636375,Right Hand Grab,BrothParent_C_2147482366
54.619091,Right Hand Released,BrothParent_C_2147482366
55.6511,Right Hand Grab,BrothParent_C_2147482366
57.837322,Right Hand Released,BrothParent_C_2147482366
62.09341,Right Hand Grab,None
68.367287,Right Hand Grab,None
70.362038,Right Hand Grab,None
73.036873,Right Hand Grab,None
77.505684,Right Hand Grab,BeefStewCookbook_C_0
82.33168,Left Hand Grab,Meat_Choppable_C_2147482388
83.586449,Left Hand Released,Meat_Choppable_C_2147482388
85.020096,Right Hand Grab,Knife_C_4
86.730843,Chopped,Meat_Choppable_C_2147482388
88.69474,Right Hand Released,Knife_C_4
90.530838,Right Hand Grab,Knife_C_4
91.994629,Chopped,Meat_HalfRight_Choppable_C_2147482358
92.703186,Chopped,Meat_HalfLeft_Choppable_C_2147482359
96.23027,Right Hand Released,Knife_C_4
97.261772,Right Hand Grab,Knife_C_4
97.939484,Right Hand Released,Knife_C_4
98.82869,Right Hand Grab,Meat_QuarterRight2_C_2147482356
100.208023,Right Hand Released,Meat_QuarterRight2_C_2147482356
101.107925,Right Hand Grab,Meat_QuarterRight1_C_2147482357
102.062309,Right Hand Released,Meat_QuarterRight1_C_2147482357
107.550079,Right Hand Grab,Meat_QuarterLeft2_C_2147482354
108.460396,Right Hand Released,Meat_QuarterLeft2_C_2147482354
108.982758,Right Hand Grab,Meat_QuarterLeft1_C_2147482355
109.740166,Right Hand Released,Meat_QuarterLeft1_C_2147482355
110.844711,Right Hand Grab,Meat_Choppable_C_2147482386
113.158066,Right Hand Released,Meat_Choppable_C_2147482386
113.809982,Right Hand Grab,Meat_QuarterLeft2_C_2147482354
114.435127,Right Hand Released,Meat_QuarterLeft2_C_2147482354
114.780304,Right Hand Grab,Meat_QuarterLeft2_C_2147482354
115.526131,Right Hand Released,Meat_QuarterLeft2_C_2147482354
116.048309,Right Hand Grab,Meat_QuarterLeft2_C_2147482354
116.826317,Right Hand Released,Meat_QuarterLeft2_C_2147482354
117.949928,Right Hand Grab,Meat_QuarterRight2_C_2147482356
118.98204,Right Hand Released,Meat_QuarterRight2_C_2147482356
119.905647,Right Hand Grab,Knife_C_4
121.889015,Chopped,Meat_Choppable_C_2147482386
125.792557,Chopped,Meat_QuarterLeft1_C_2147482355
125.848465,Right Hand Released,Knife_C_4
126.693344,Right Hand Grab,Knife_C_4
126.737305,Chopped,Meat_QuarterLeft1_C_2147482355
128.270157,Chopped,Meat_HalfLeft_Choppable_C_2147482352
128.914474,Chopped,Meat_QuarterLeft1_C_2147482350
129.824692,Chopped,Meat_HalfRight_Choppable_C_2147482351
130.636353,Right Hand Released,Knife_C_4
131.43631,Right Hand Grab,Knife_C_4
131.769043,Chopped,Meat_QuarterRight1_C_2147482348
132.502579,Right Hand Released,Knife_C_4
133.6129,Right Hand Grab,Knife_C_4
133.658371,Left Hand Grab,Meat_QuarterRight2_C_2147482347
136.379425,Chopped,Meat_QuarterRight1_C_2147482357
136.501022,Right Hand Released,Knife_C_4
137.625732,Left Hand Released,Meat_QuarterRight2_C_2147482347
139.1362,Left Hand Grab,None
140.300842,Left Hand Grab,Meat_QuarterLeft2_C_2147482349
143.434067,Left Hand Grab,Meat_QuarterRight1_C_2147482348
145.145584,Left Hand Released,Meat_QuarterRight1_C_2147482348
146.788971,Left Hand Grab,Meat_QuarterLeft1_C_2147482350
148.832809,Left Hand Released,Meat_QuarterLeft1_C_2147482350
150.666046,Right Hand Grab,Meat_QuarterLeft1_C_2147482355
151.908997,Right Hand Released,Meat_QuarterLeft1_C_2147482355
152.732697,Right Hand Grab,None
153.88855,Right Hand Grab,Meat_QuarterLeft2_C_2147482354
155.166626,Right Hand Released,Meat_QuarterLeft2_C_2147482354
156.055832,Right Hand Grab,Knife_C_4
156.767151,Right Hand Released,Knife_C_4
156.94397,Right Hand Grab,Knife_C_4
157.569244,Right Hand Released,Knife_C_4
158.576294,Right Hand Grab,Meat_QuarterRight2_C_2147482356
159.953873,Right Hand Released,Meat_QuarterRight2_C_2147482356
161.248703,Right Hand Grab,Meat_QuarterRight1_C_2147482357
163.039032,Right Hand Released,Meat_QuarterRight1_C_2147482357
164.976913,Right Hand Grab,None
166.876266,Right Hand Grab,None
167.582809,Right Hand Grab,BeefStewCookbook_C_0
174.003296,Right Hand Grab,Onion_Choppable_C_2147482377
175.514969,Right Hand Released,Onion_Choppable_C_2147482377
176.783737,Right Hand Grab,Onion_Choppable_C_2147482346
178.536774,Right Hand Released,Onion_Choppable_C_2147482346
182.299774,Right Hand Grab,Knife_C_4
183.437042,Chopped,Onion_Choppable_C_2147482346
184.237,Right Hand Released,Knife_C_4
185.470551,Right Hand Grab,Knife_C_4
187.31456,Chopped,Onion_Choppable_C_2147482377
187.782776,Right Hand Released,Knife_C_4
189.590378,Right Hand Grab,Knife_C_4
190.525009,Right Hand Released,Knife_C_4
191.546341,Left Hand Grab,Onion_Peeled_C_2147482343
191.646484,Right Hand Grab,Onion_Peeled_C_2147482344
193.169357,Right Hand Released,Onion_Peeled_C_2147482344
193.258499,Left Hand Released,Onion_Peeled_C_2147482343
194.091721,Right Hand Grab,Knife_C_4
195.146301,Chopped,Onion_Peeled_C_2147482344
195.768188,Right Hand Released,Knife_C_4
197.158203,Right Hand Grab,Knife_C_4
198.601349,Chopped,Onion_Peeled_C_2147482343
199.012344,Right Hand Released,Knife_C_4
200.12326,Right Hand Grab,Knife_C_4
200.234726,Chopped,Onion_Half2_C_2147482339
201.034454,Right Hand Released,Knife_C_4
202.344681,Left Hand Grab,Onion_Half2_C_2147482339
202.355042,Right Hand Grab,Onion_Half2_C_2147482341
206.376114,Right Hand Released,Onion_Half2_C_2147482341
206.397507,Left Hand Released,Onion_Half2_C_2147482339
210.328384,Left Hand Grab,Onion_Half_C_2147482342
211.487152,Left Hand Released,Onion_Half_C_2147482342
212.988098,Right Hand Grab,None
214.122177,Right Hand Grab,Onion_Choppable_C_2147482378
215.71701,Right Hand Released,Onion_Choppable_C_2147482378
216.494934,Right Hand Grab,Knife_C_4
217.228409,Chopped,Onion_Choppable_C_2147482378
217.839447,Chopped,Onion_Peeled_C_2147482337
219.49353,Chopped,Onion_Peeled_C_2147482337
219.982574,Right Hand Released,Knife_C_4
220.83519,Right Hand Grab,Knife_C_4
221.505142,Right Hand Released,Knife_C_4
222.483429,Right Hand Grab,Knife_C_4
223.493759,Right Hand Released,Knife_C_4
223.682632,Left Hand Grab,Onion_Half2_C_2147482335
225.028458,Left Hand Released,Onion_Half2_C_2147482335
227.341095,Right Hand Grab,None
229.05304,Right Hand Grab,BeefStewCookbook_C_0
231.908035,Right Hand Grab,None
234.829514,Right Hand Grab,Tomato_Choppable_C_2147482382
234.896179,Left Hand Grab,Tomato_Choppable_C_2147482381
236.460587,Left Hand Released,Tomato_Choppable_C_2147482381
236.481842,Right Hand Released,Tomato_Choppable_C_2147482382
237.370193,Right Hand Grab,None
237.804169,Right Hand Grab,Tomato_Choppable_C_2147482382
238.370224,Left Hand Grab,None
239.79454,Right Hand Released,Tomato_Choppable_C_2147482382
241.028259,Right Hand Grab,Knife_C_4
241.637482,Chopped,Tomato_Choppable_C_2147482382
243.572769,Chopped,Tomato_TopHalf_Choppable_C_2147482332
244.892288,Chopped,Tomato_Choppable_C_2147482381
245.314575,Right Hand Released,Knife_C_4
245.960449,Right Hand Grab,Knife_C_4
246.070679,Chopped,Tomato_TopHalf_Choppable_C_2147482330
246.526993,Right Hand Released,Knife_C_4
247.86235,Left Hand Grab,Knife_C_4
248.777405,Left Hand Released,Knife_C_4
249.786377,Left Hand Grab,Tomato_BottomHalf_Choppable_C_2147482329
251.133392,Left Hand Released,Tomato_BottomHalf_Choppable_C_2147482329
252.299225,Left Hand Grab,Tomato_TopHalf_Choppable_C_2147482330
253.359512,Left Hand Released,Tomato_TopHalf_Choppable_C_2147482330
254.502609,Left Hand Grab,Tomato_TopHalf_Choppable_C_2147482332
255.369385,Left Hand Released,Tomato_TopHalf_Choppable_C_2147482332
256.857483,Left Hand Grab,Tomato_BottomHalf_Choppable_C_2147482331
258.031525,Left Hand Released,Tomato_BottomHalf_Choppable_C_2147482331
260.851471,Right Hand Grab,BeefStewCookbook_C_0
263.179901,Left Hand Grab,None
264.41333,Left Hand Grab,Potato_Choppable_C_2147482398
264.980255,Left Hand Released,Potato_Choppable_C_2147482398
267.220276,Left Hand Grab,Potato_Choppable_C_2147482398
269.042816,Left Hand Released,Potato_Choppable_C_2147482398
269.988251,Right Hand Grab,Potato_Choppable_C_2147482398
270.587555,Right Hand Released,Potato_Choppable_C_2147482398
273.033325,Left Hand Grab,Potato_Choppable_C_2147482328
275.475555,Left Hand Released,Potato_Choppable_C_2147482328
276.467896,Right Hand Grab,Knife_C_4
276.679565,Chopped,Potato_Choppable_C_2147482328
277.368713,Chopped,Potato_Choppable_C_2147482398
278.445587,Right Hand Released,Knife_C_4
279.920135,Right Hand Grab,Potato_BottomHalf_Choppable_C_2147482323
280.948975,Right Hand Released,Potato_BottomHalf_Choppable_C_2147482323
282.034576,Right Hand Grab,Potato_TopHalf_Choppable_C_2147482324
283.019135,Right Hand Released,Potato_TopHalf_Choppable_C_2147482324
284.241028,Left Hand Grab,Potato_TopHalf_Choppable_C_2147482326
285.275696,Left Hand Released,Potato_TopHalf_Choppable_C_2147482326
286.197784,Left Hand Grab,Potato_BottomHalf_Choppable_C_2147482325
287.16391,Left Hand Released,Potato_BottomHalf_Choppable_C_2147482325
289.205933,Right Hand Grab,None
290.643463,Right Hand Grab,BeefStewCookbook_C_0
293.04892,Left Hand Grab,Carrot_Choppable_C_2147482389
294.30072,Left Hand Released,Carrot_Choppable_C_2147482389
295.326599,Left Hand Grab,Carrot_Choppable_C_2147482322
296.72879,Left Hand Released,Carrot_Choppable_C_2147482322
297.50589,Right Hand Grab,Knife_C_4
297.950165,Chopped,Carrot_Choppable_C_2147482322
298.604218,Chopped,Carrot_Choppable_C_2147482389
299.437256,Right Hand Released,Knife_C_4
299.892548,Left Hand Grab,CarrotTop_Choppable_C_2147482318
300.515839,Left Hand Released,CarrotTop_Choppable_C_2147482318
301.59552,Left Hand Grab,CarrotTop_Choppable_C_2147482320
302.284698,Left Hand Released,CarrotTop_Choppable_C_2147482320
303.161224,Left Hand Grab,CarrotTop_Choppable_C_2147482320
304.228821,Left Hand Released,CarrotTop_Choppable_C_2147482320
306.984161,Right Hand Grab,CarrotBotton_Choppable_C_2147482319
308.216644,Right Hand Released,CarrotBotton_Choppable_C_2147482319
309.171539,Right Hand Grab,CarrotBotton_Choppable_C_2147482317
310.226929,Right Hand Released,CarrotBotton_Choppable_C_2147482317
320.536713,Left Hand Grab,Carrot_Choppable_C_2147482321
322.25943,Left Hand Released,Carrot_Choppable_C_2147482321
323.458069,Left Hand Grab,Carrot_Choppable_C_2147482316
325.514252,Left Hand Released,Carrot_Choppable_C_2147482316
326.068329,Right Hand Grab,Knife_C_4
326.679108,Chopped,Carrot_Choppable_C_2147482316
327.234497,Chopped,CarrotBotton_Choppable_C_2147482313
328.896881,Chopped,Carrot_Choppable_C_2147482321
329.708954,Chopped,CarrotBotton_Choppable_C_2147482311
330.3302,Chopped,CarrotBotton_Choppable_C_2147482311
330.997528,Chopped,CarrotBotton_Choppable_C_2147482313
332.079987,Chopped,CarrotTop_Choppable_C_2147482314
333.064819,Chopped,CarrotTop_Choppable_C_2147482312
333.986145,Chopped,CarrotBottomQuarter1_Choppable_C_2147482308
334.252563,Right Hand Released,Knife_C_4
335.015991,Left Hand Grab,CarrotTopQuarter2_Choppable_C_2147482303
336.37796,Left Hand Released,CarrotTopQuarter2_Choppable_C_2147482303
337.465454,Left Hand Grab,CarrotTopQuarter1_Choppable_C_2147482304
339.134277,Left Hand Released,CarrotTopQuarter1_Choppable_C_2147482304
340.115082,Left Hand Grab,CarrotTopQuarter1_Choppable_C_2147482306
341.014099,Left Hand Released,CarrotTopQuarter1_Choppable_C_2147482306
341.867035,Left Hand Grab,CarrotTopQuarter2_Choppable_C_2147482305
342.689606,Left Hand Released,CarrotTopQuarter2_Choppable_C_2147482305
343.12204,Left Hand Grab,None
344.911499,Left Hand Grab,CarrotBottomQuarter2_Choppable_C_2147482309
346.787506,Left Hand Released,CarrotBottomQuarter2_Choppable_C_2147482309
347.564819,Left Hand Grab,BeefStewCookbook_C_0
348.940277,Left Hand Grab,CarrotBottomQuarter1_Choppable_C_2147482310
349.939941,Left Hand Released,CarrotBottomQuarter1_Choppable_C_2147482310
351.307251,Left Hand Grab,CarrotBottomQuarter2_Choppable_C_2147482307
352.442413,Left Hand Released,CarrotBottomQuarter2_Choppable_C_2147482307
353.809082,Right Hand Grab,Knife_C_4
355.10437,Right Hand Released,Knife_C_4
356.030182,Right Hand Grab,CarrotBottomQuarter1_Choppable_C_2147482308
357.196289,Right Hand Released,CarrotBottomQuarter1_Choppable_C_2147482308
359.418091,Left Hand Grab,Carrot_Choppable_C_2147482393
360.796478,Left Hand Released,Carrot_Choppable_C_2147482393
361.230255,Right Hand Grab,Knife_C_4
361.906067,Chopped,Carrot_Choppable_C_2147482393
362.826416,Chopped,CarrotBotton_Choppable_C_2147482300
363.570557,Chopped,CarrotBotton_Choppable_C_2147482300
365.11145,Right Hand Released,Knife_C_4
366.176361,Right Hand Grab,CarrotBottomQuarter2_Choppable_C_2147482298
367.246124,Right Hand Released,CarrotBottomQuarter2_Choppable_C_2147482298
368.925476,Left Hand Grab,CarrotBottomQuarter1_Choppable_C_2147482299
370.560059,Left Hand Released,CarrotBottomQuarter1_Choppable_C_2147482299
371.382812,Left Hand Grab,CarrotTop_Choppable_C_2147482301
372.115631,Left Hand Released,CarrotTop_Choppable_C_2147482301
377.354797,Right Hand Grab,PepperShakerGrabableSimple_C_2147482364
380.593201,Right Hand Released,PepperShakerGrabableSimple_C_2147482364
381.558105,Right Hand Grab,PepperShakerGrabableSimple_C_2147482364
382.524017,Right Hand Released,PepperShakerGrabableSimple_C_2147482364
383.625458,Right Hand Grab,PepperShakerGrabableSimple_C_2147482364
385.724335,Right Hand Released,PepperShakerGrabableSimple_C_2147482364
386.490509,Right Hand Grab,PepperShakerGrabableSimple_C_2147482364
388.243011,Right Hand Released,PepperShakerGrabableSimple_C_2147482364
389.972595,Left Hand Grab,PepperShakerGrabableSimple_C_2147482364
390.139282,Right Hand Grab,PepperShakerGrabableSimple_C_2147482364
391.507355,Left Hand Released,PepperShakerGrabableSimple_C_2147482364
391.607452,Right Hand Released,PepperShakerGrabableSimple_C_2147482364
392.208435,Right Hand Grab,StirSpoonSimple_C_2147482368
392.308594,Left Hand Grab,Knife_C_4
393.096558,Left Hand Released,Knife_C_4
393.130371,Right Hand Released,StirSpoonSimple_C_2147482368
394.916077,Right Hand Grab,StirSpoonSimple_C_2147482368
395.605377,Right Hand Released,StirSpoonSimple_C_2147482368
400.033203,Right Hand Grab,SaltShakerGrabableSimple_C_2147482365
404.320251,Right Hand Released,SaltShakerGrabableSimple_C_2147482365
404.64212,Right Hand Grab,SaltShakerGrabableSimple_C_2147482365
406.105164,Right Hand Released,SaltShakerGrabableSimple_C_2147482365
409.548248,Right Hand Grab,PepperShakerGrabableSimple_C_2147482364
409.746307,Right Hand Released,PepperShakerGrabableSimple_C_2147482364
412.465454,Right Hand Grab,None
415.898651,Right Hand Grab,None
417.752625,Left Hand Grab,None
420.638031,Left Hand Grab,None
422.718933,Left Hand Grab,BeefStewCookbook_C_0
425.972565,Right Hand Grab,BeefStewCookbook_C_0
429.892334,Right Hand Grab,SaltShakerGrabableSimple_C_2147482365
436.002228,Right Hand Released,SaltShakerGrabableSimple_C_2147482365
437.501404,Right Hand Grab,StirSpoonSimple_C_2147482368
439.345978,Right Hand Released,StirSpoonSimple_C_2147482368
440.101593,Right Hand Grab,PepperShakerGrabableSimple_C_2147482364
445.623962,Right Hand Released,PepperShakerGrabableSimple_C_2147482364
446.681274,Right Hand Grab,StirSpoonSimple_C_2147482368
454.166565,Right Hand Released,StirSpoonSimple_C_2147482368
456.786713,Right Hand Grab,BeefStewCookbook_C_0
479.012817,Right Hand Grab,None
491.871033,Right Hand Grab,BrothParent_C_2147482366
493.861816,Right Hand Released,BrothParent_C_2147482366
495.580078,Right Hand Grab,PepperShakerGrabableSimple_C_2147482364
496.492859,Right Hand Released,PepperShakerGrabableSimple_C_2147482364
497.703857,Right Hand Grab,PepperShakerGrabableSimple_C_2147482364
498.703766,Right Hand Released,PepperShakerGrabableSimple_C_2147482364
501.996429,Right Hand Grab,oven_C_1
503.95285,Right Hand Grab,None
505.582733,Right Hand Grab,oven_C_1
528.987,Right Hand Grab,PepperShakerGrabableSimple_C_2147482364
530.187683,Right Hand Released,PepperShakerGrabableSimple_C_2147482364
534.684937,Right Hand Grab,StirSpoonSimple_C_2147482368
542.585388,Right Hand Released,StirSpoonSimple_C_2147482368
545.337585,Left Hand Grab,None
546.62793,Left Hand Grab,None
547.018738,Left Hand Grab,None
548.834717,Left Hand Grab,None
549.240417,Left Hand Grab,None
555.856689,Left Hand Grab,None
555.923462,Right Hand Grab,BeefStewCookbook_C_0
558.492493,Right Hand Grab,BeefStewCookbook_C_0
558.525513,Left Hand Grab,None
578.39447,Right Hand Grab,Exit_C_1
