Session Time,Action Type,Interacted Object
7.489102,Right Hand Grab,None
8.331804,Right Hand Grab,BeefStewCookbook_C_0
9.463898,Right Hand Grab,None
10.206573,Right Hand Grab,BrothParent_C_2147482366
23.438997,Right Hand Released,BrothParent_C_2147482366
24.405071,Right Hand Grab,BrothParent_C_2147482366
25.148676,Right Hand Released,BrothParent_C_2147482366
26.456541,Right Hand Grab,None
27.758953,Right Hand Grab,None
29.106363,Right Hand Grab,BeefStewCookbook_C_0
30.882599,Left Hand Grab,Meat_Choppable_C_2147482388
32.403851,Right Hand Grab,Knife_C_4
32.94162,Left Hand Released,Meat_Choppable_C_2147482388
33.452057,Chopped,Meat_Choppable_C_2147482388
34.15543,Chopped,Meat_HalfRight_Choppable_C_2147482358
34.883202,Chopped,Meat_HalfRight_Choppable_C_2147482358
35.834293,Right Hand Released,Knife_C_4
36.111893,Left Hand Grab,Meat_HalfLeft_Choppable_C_2147482359
36.956795,Left Hand Released,Meat_HalfLeft_Choppable_C_2147482359
37.168312,Right Hand Grab,Knife_C_4
37.646591,Chopped,Meat_QuarterRight1_C_2147482357
38.346134,Chopped,Meat_HalfLeft_Choppable_C_2147482359
38.922256,Chopped,Meat_QuarterLeft2_C_2147482354
39.725552,Chopped,Meat_QuarterRight1_C_2147482357
40.211636,Right Hand Released,Knife_C_4
40.390095,Left Hand Grab,Meat_QuarterLeft1_C_2147482355
41.044422,Left Hand Released,Meat_QuarterLeft1_C_2147482355
41.424595,Left Hand Grab,Meat_QuarterRight1_C_2147482357
42.411148,Right Hand Grab,Meat_QuarterRight2_C_2147482356
43.865456,Right Hand Released,Meat_QuarterRight2_C_2147482356
44.609276,Right Hand Grab,Meat_QuarterLeft2_C_2147482354
45.308418,Right Hand Released,Meat_QuarterLeft2_C_2147482354
46.056049,Left Hand Released,Meat_QuarterRight1_C_2147482357
46.72039,Right Hand Grab,Meat_QuarterLeft1_C_2147482355
47.322094,Right Hand Released,Meat_QuarterLeft1_C_2147482355
49.031006,Left Hand Grab,Meat_Choppable_C_2147482387
50.11797,Right Hand Grab,None
50.639481,Left Hand Released,Meat_Choppable_C_2147482387
50.932285,Right Hand Grab,StirSpoonSimple_C_2147482368
51.696167,Right Hand Released,StirSpoonSimple_C_2147482368
52.131493,Right Hand Grab,Knife_C_4
55.982483,Chopped,Meat_Choppable_C_2147482387
57.03104,Chopped,Meat_HalfRight_Choppable_C_2147482351
57.608242,Chopped,Meat_QuarterRight2_C_2147482349
58.120361,Chopped,Meat_QuarterRight2_C_2147482349
59.218777,Right Hand Released,Knife_C_4
59.387379,Left Hand Grab,Meat_HalfLeft_Choppable_C_2147482352
60.328098,Left Hand Released,Meat_HalfLeft_Choppable_C_2147482352
60.720524,Right Hand Grab,Knife_C_4
61.597618,Chopped,Meat_QuarterRight1_C_2147482350
62.306641,Chopped,Meat_QuarterRight1_C_2147482350
63.308784,Left Hand Grab,Meat_HalfLeft_Choppable_C_2147482352
63.80624,Left Hand Released,Meat_HalfLeft_Choppable_C_2147482352
64.754448,Chopped,Meat_HalfLeft_Choppable_C_2147482352
65.921112,Chopped,Meat_QuarterLeft2_C_2147482347
66.388466,Left Hand Grab,Meat_QuarterLeft1_C_2147482348
67.130096,Chopped,Meat_QuarterRight1_C_2147482350
68.49662,Left Hand Released,Meat_QuarterLeft1_C_2147482348
69.06192,Left Hand Grab,Meat_QuarterLeft2_C_2147482347
69.673439,Left Hand Released,Meat_QuarterLeft2_C_2147482347
70.215652,Left Hand Grab,Meat_QuarterRight2_C_2147482349
70.996925,Left Hand Released,Meat_QuarterRight2_C_2147482349
71.552086,Left Hand Grab,Meat_QuarterRight1_C_2147482350
72.196045,Left Hand Released,Meat_QuarterRight1_C_2147482350
73.80394,Right Hand Released,Knife_C_4
74.804993,Right Hand Grab,BeefStewCookbook_C_0
76.846298,Left Hand Grab,None
77.95018,Left Hand Grab,Onion_Choppable_C_2147482376
79.237877,Left Hand Released,Onion_Choppable_C_2147482376
79.86689,Right Hand Grab,Onion_Choppable_C_2147482346
80.838989,Right Hand Released,Onion_Choppable_C_2147482346
81.282089,Right Hand Grab,Knife_C_4
82.90522,Chopped,Onion_Choppable_C_2147482376
84.059364,Chopped,Onion_Choppable_C_2147482346
85.214714,Chopped,Onion_Peeled_C_2147482344
86.181892,Chopped,Onion_Peeled_C_2147482343
86.982529,Chopped,Onion_Half_C_2147482340
87.048363,Right Hand Released,Knife_C_4
87.869553,Right Hand Grab,None
89.246223,Right Hand Grab,Onion_Half_C_2147482340
91.015251,Right Hand Released,Onion_Half_C_2147482340
91.837021,Right Hand Grab,None
92.658211,Right Hand Grab,Onion_Half2_C_2147482339
93.335045,Left Hand Grab,Onion_Half2_C_2147482341
94.756371,Right Hand Released,Onion_Half2_C_2147482339
95.681343,Left Hand Released,Onion_Half2_C_2147482341
96.470551,Right Hand Grab,Onion_Half_C_2147482342
97.524696,Right Hand Released,Onion_Half_C_2147482342
98.722198,Right Hand Grab,BeefStewCookbook_C_0
100.29303,Right Hand Grab,BeefStewCookbook_C_0
101.247025,Right Hand Grab,Tomato_Choppable_C_2147482385
102.156448,Right Hand Released,Tomato_Choppable_C_2147482385
103.65657,Left Hand Grab,BeefStewCookbook_C_0
105.143295,Right Hand Grab,Tomato_Choppable_C_2147482382
106.330627,Right Hand Released,Tomato_Choppable_C_2147482382
107.364151,Right Hand Grab,Tomato_Choppable_C_2147482338
108.899162,Right Hand Released,Tomato_Choppable_C_2147482338
109.52137,Right Hand Grab,Knife_C_4
111.142975,Chopped,Tomato_Choppable_C_2147482382
111.874763,Chopped,Tomato_Choppable_C_2147482338
112.86657,Right Hand Released,Knife_C_4
113.376747,Left Hand Grab,Tomato_BottomHalf_Choppable_C_2147482335
114.221565,Left Hand Released,Tomato_BottomHalf_Choppable_C_2147482335
114.864876,Left Hand Grab,Tomato_TopHalf_Choppable_C_2147482336
115.918213,Left Hand Released,Tomato_TopHalf_Choppable_C_2147482336
116.718864,Left Hand Grab,Tomato_BottomHalf_Choppable_C_2147482333
117.595131,Left Hand Released,Tomato_BottomHalf_Choppable_C_2147482333
118.376846,Left Hand Grab,Tomato_TopHalf_Choppable_C_2147482334
119.365562,Left Hand Released,Tomato_TopHalf_Choppable_C_2147482334
121.394455,Right Hand Grab,BeefStewCookbook_C_0
123.020927,Left Hand Grab,Potato_Choppable_C_2147482398
124.243202,Left Hand Released,Potato_Choppable_C_2147482398
124.741798,Left Hand Grab,Potato_Choppable_C_2147482398
126.184082,Left Hand Released,Potato_Choppable_C_2147482398
126.306549,Right Hand Grab,None
126.973434,Right Hand Grab,Knife_C_4
129.761597,Chopped,Potato_Choppable_C_2147482398
130.67244,Left Hand Grab,Potato_TopHalf_Choppable_C_2147482331
131.261505,Right Hand Released,Knife_C_4
131.984558,Right Hand Grab,Potato_BottomHalf_Choppable_C_2147482330
132.348053,Left Hand Released,Potato_TopHalf_Choppable_C_2147482331
133.235428,Right Hand Released,Potato_BottomHalf_Choppable_C_2147482330
134.128052,Left Hand Grab,Potato_Choppable_C_2147482332
135.325989,Right Hand Grab,Knife_C_4
136.006058,Chopped,Potato_Choppable_C_2147482332
136.859848,Right Hand Released,Knife_C_4
137.092865,Left Hand Grab,Potato_TopHalf_Choppable_C_2147482328
137.728073,Right Hand Grab,Potato_BottomHalf_Choppable_C_2147482327
138.371994,Right Hand Released,Potato_BottomHalf_Choppable_C_2147482327
139.181732,Left Hand Released,Potato_TopHalf_Choppable_C_2147482328
140.50119,Right Hand Grab,BeefStewCookbook_C_0
142.015976,Left Hand Grab,None
142.893036,Left Hand Grab,None
143.715042,Left Hand Grab,Carrot_Choppable_C_2147482393
144.727371,Left Hand Released,Carrot_Choppable_C_2147482393
145.216446,Right Hand Grab,Knife_C_4
146.336578,Chopped,Carrot_Choppable_C_2147482393
146.991684,Chopped,CarrotBotton_Choppable_C_2147482324
147.536423,Chopped,CarrotBotton_Choppable_C_2147482324
148.303223,Chopped,CarrotTop_Choppable_C_2147482325
149.380005,Right Hand Released,Knife_C_4
149.935043,Right Hand Grab,CarrotBottomQuarter2_Choppable_C_2147482322
150.736465,Right Hand Released,CarrotBottomQuarter2_Choppable_C_2147482322
151.413239,Right Hand Grab,CarrotBottomQuarter1_Choppable_C_2147482323
152.278625,Right Hand Released,CarrotBottomQuarter1_Choppable_C_2147482323
152.92485,Left Hand Grab,CarrotTopQuarter2_Choppable_C_2147482320
153.678329,Left Hand Released,CarrotTopQuarter2_Choppable_C_2147482320
154.422424,Right Hand Grab,CarrotTopQuarter1_Choppable_C_2147482321
155.158997,Right Hand Released,CarrotTopQuarter1_Choppable_C_2147482321
156.348343,Left Hand Grab,Carrot_Choppable_C_2147482389
157.735687,Left Hand Released,Carrot_Choppable_C_2147482389
158.124588,Right Hand Grab,Knife_C_4
159.069107,Chopped,Carrot_Choppable_C_2147482389
159.602188,Chopped,CarrotBotton_Choppable_C_2147482317
160.123337,Chopped,CarrotBotton_Choppable_C_2147482317
160.736649,Chopped,CarrotTop_Choppable_C_2147482318
161.776489,Right Hand Released,Knife_C_4
162.288467,Right Hand Grab,CarrotBottomQuarter2_Choppable_C_2147482315
162.702789,Left Hand Grab,CarrotTopQuarter2_Choppable_C_2147482313
163.379425,Left Hand Released,CarrotTopQuarter2_Choppable_C_2147482313
164.167847,Right Hand Released,CarrotBottomQuarter2_Choppable_C_2147482315
164.835068,Left Hand Grab,CarrotTopQuarter1_Choppable_C_2147482314
165.455795,Left Hand Released,CarrotTopQuarter1_Choppable_C_2147482314
166.143066,Right Hand Grab,CarrotBottomQuarter1_Choppable_C_2147482316
166.797989,Right Hand Released,CarrotBottomQuarter1_Choppable_C_2147482316
168.179031,Right Hand Grab,BeefStewCookbook_C_0
171.521744,Right Hand Grab,PepperShakerGrabableSimple_C_2147482364
176.507172,Right Hand Released,PepperShakerGrabableSimple_C_2147482364
178.09758,Right Hand Grab,SaltShakerGrabableSimple_C_2147482365
183.198502,Right Hand Released,SaltShakerGrabableSimple_C_2147482365
187.497406,Right Hand Grab,StirSpoonSimple_C_2147482368
194.638199,Left Hand Grab,None
201.4935,Right Hand Released,StirSpoonSimple_C_2147482368
203.506012,Right Hand Grab,BeefStewCookbook_C_0
207.432404,Left Hand Grab,None
208.198639,Left Hand Grab,None
209.097733,Left Hand Grab,None
209.8862,Left Hand Grab,None
210.963318,Right Hand Grab,NewLadleSimple_C_2147482312
217.880783,Right Hand Released,NewLadleSimple_C_2147482312
219.043167,Right Hand Grab,StewBowlSimple_C_2147482310
220.022644,Right Hand Released,StewBowlSimple_C_2147482310
222.722595,Right Hand Grab,BeefStewCookbook_C_0
