Session Time,Action Type,Interacted Object
72.244995,Right Hand Grab,None
72.755096,Left Hand Grab,None
105.258324,Right Hand Grab,BeefStewCookbook_C_0
120.988869,Right Hand Grab,Carrot_Choppable_C_2147482402
121.533417,Right Hand Released,Carrot_Choppable_C_2147482402
129.465332,Right Hand Grab,None
130.395279,Right Hand Grab,BrothParent_C_2147482378
133.101151,Right Hand Released,BrothParent_C_2147482378
135.330948,Right Hand Grab,BrothParent_C_2147482378
147.085709,Right Hand Released,BrothParent_C_2147482378
147.518921,Right Hand Grab,BeefStewCookbook_C_0
148.341156,Right Hand Grab,BrothParent_C_2147482378
152.005295,Right Hand Released,BrothParent_C_2147482378
153.816269,Right Hand Grab,None
158.949265,Left Hand Grab,Meat_Choppable_C_2147482400
160.16571,Left Hand Released,Meat_Choppable_C_2147482400
161.257355,Right Hand Grab,Knife_C_4
165.772064,Chopped,Meat_Choppable_C_2147482400
166.105042,Right Hand Released,Knife_C_4
167.12587,Right Hand Grab,Knife_C_4
168.014481,Chopped,Meat_HalfRight_Choppable_C_2147482370
169.411346,Chopped,Meat_QuarterRight2_C_2147482368
170.021011,Right Hand Released,Knife_C_4
171.209381,Right Hand Grab,Knife_C_4
172.638046,Right Hand Released,Knife_C_4
175.421097,Right Hand Grab,Meat_QuarterRight1_C_2147482369
176.25238,Left Hand Grab,Meat_HalfLeft_Choppable_C_2147482371
178.067276,Right Hand Released,Meat_QuarterRight1_C_2147482369
178.088684,Left Hand Released,Meat_HalfLeft_Choppable_C_2147482371
179.089508,Right Hand Grab,Meat_HalfLeft_Choppable_C_2147482371
179.145111,Left Hand Grab,Meat_HalfLeft_Choppable_C_2147482371
180.878662,Left Hand Released,Meat_HalfLeft_Choppable_C_2147482371
180.892899,Right Hand Released,Meat_HalfLeft_Choppable_C_2147482371
181.523376,Left Hand Grab,None
181.566956,Right Hand Grab,Meat_HalfLeft_Choppable_C_2147482371
182.401062,Right Hand Released,Meat_HalfLeft_Choppable_C_2147482371
182.846146,Right Hand Grab,Meat_HalfLeft_Choppable_C_2147482371
182.868317,Left Hand Grab,Meat_QuarterRight2_C_2147482368
183.712753,Right Hand Released,Meat_HalfLeft_Choppable_C_2147482371
183.767761,Left Hand Released,Meat_QuarterRight2_C_2147482368
184.399216,Right Hand Grab,Knife_C_4
184.58847,Chopped,Meat_HalfLeft_Choppable_C_2147482371
185.15451,Chopped,Meat_QuarterLeft2_C_2147482366
185.931091,Right Hand Released,Knife_C_4
186.876022,Right Hand Grab,Knife_C_4
187.908813,Chopped,Meat_QuarterLeft2_C_2147482366
188.308884,Right Hand Released,Knife_C_4
189.20874,Right Hand Grab,Meat_QuarterLeft2_C_2147482366
189.931549,Left Hand Grab,Knife_C_4
190.576279,Chopped,Meat_QuarterLeft1_C_2147482367
191.110107,Left Hand Released,Knife_C_4
191.875381,Left Hand Grab,Meat_QuarterLeft1_C_2147482367
193.320892,Right Hand Released,Meat_QuarterLeft2_C_2147482366
193.376694,Left Hand Released,Meat_QuarterLeft1_C_2147482367
194.431595,Right Hand Grab,Meat_QuarterLeft1_C_2147482367
195.415161,Right Hand Released,Meat_QuarterLeft1_C_2147482367
195.903122,Left Hand Grab,Meat_QuarterRight2_C_2147482368
197.007996,Left Hand Released,Meat_QuarterRight2_C_2147482368
202.903885,Right Hand Grab,Meat_Choppable_C_2147482398
208.283524,Right Hand Released,Meat_Choppable_C_2147482398
208.984619,Right Hand Grab,Knife_C_4
210.151031,Chopped,Meat_Choppable_C_2147482398
211.395355,Chopped,Meat_HalfRight_Choppable_C_2147482363
211.962219,Chopped,Meat_HalfLeft_Choppable_C_2147482364
212.583038,Chopped,Meat_QuarterLeft2_C_2147482359
213.982239,Right Hand Released,Knife_C_4
214.803421,Left Hand Grab,Meat_QuarterLeft1_C_2147482360
214.861115,Right Hand Grab,Knife_C_4
216.161118,Right Hand Released,Knife_C_4
216.33812,Left Hand Released,Meat_QuarterLeft1_C_2147482360
217.059372,Right Hand Grab,Meat_QuarterRight1_C_2147482362
217.137253,Left Hand Grab,Meat_QuarterLeft1_C_2147482360
219.695312,Left Hand Released,Meat_QuarterLeft1_C_2147482360
219.706741,Right Hand Released,Meat_QuarterRight1_C_2147482362
220.94809,Left Hand Grab,Meat_QuarterLeft2_C_2147482359
220.94809,Right Hand Grab,Meat_QuarterRight2_C_2147482361
222.394012,Left Hand Released,Meat_QuarterLeft2_C_2147482359
222.437561,Right Hand Released,Meat_QuarterRight2_C_2147482361
229.577667,Right Hand Grab,None
231.66893,Right Hand Grab,None
233.044983,Right Hand Grab,BeefStewCookbook_C_0
236.799759,Right Hand Grab,Onion_Choppable_C_2147482392
237.911133,Right Hand Released,Onion_Choppable_C_2147482392
241.143188,Right Hand Grab,Onion_Choppable_C_2147482392
241.877502,Right Hand Released,Onion_Choppable_C_2147482392
242.588074,Right Hand Grab,Knife_C_4
247.72168,Right Hand Released,Knife_C_4
249.823273,Right Hand Grab,Onion_Choppable_C_2147482388
251.764465,Right Hand Released,Onion_Choppable_C_2147482388
252.840958,Right Hand Grab,Knife_C_4
254.196381,Chopped,Onion_Choppable_C_2147482388
254.642181,Right Hand Released,Knife_C_4
255.462784,Right Hand Grab,Knife_C_4
256.096436,Chopped,Onion_Peeled_C_2147482356
257.396362,Right Hand Released,Knife_C_4
258.5177,Left Hand Grab,Onion_Half_C_2147482355
258.5177,Right Hand Grab,Onion_Half2_C_2147482354
260.064667,Left Hand Released,Onion_Half_C_2147482355
260.141663,Right Hand Released,Onion_Half2_C_2147482354
262.884338,Right Hand Grab,Onion_Choppable_C_2147482358
264.917419,Right Hand Released,Onion_Choppable_C_2147482358
265.706451,Right Hand Grab,Knife_C_4
266.851715,Chopped,Onion_Choppable_C_2147482358
267.240295,Right Hand Released,Knife_C_4
268.00531,Right Hand Grab,Knife_C_4
268.795471,Right Hand Released,Knife_C_4
269.238556,Right Hand Grab,Knife_C_4
270.294708,Chopped,Onion_Peeled_C_2147482352
270.628235,Right Hand Released,Knife_C_4
271.548401,Right Hand Grab,Knife_C_4
272.037323,Right Hand Released,Knife_C_4
272.681488,Left Hand Grab,Onion_Half2_C_2147482350
272.837006,Right Hand Grab,Onion_Half_C_2147482351
274.128082,Left Hand Released,Onion_Half2_C_2147482350
274.19397,Right Hand Released,Onion_Half_C_2147482351
275.41272,Right Hand Grab,Onion_Choppable_C_2147482357
276.902557,Right Hand Released,Onion_Choppable_C_2147482357
281.361267,Right Hand Grab,BeefStewCookbook_C_0
282.356812,Right Hand Grab,None
285.582458,Right Hand Grab,BeefStewCookbook_C_0
287.812744,Left Hand Grab,BeefStewCookbook_C_0
289.192596,Right Hand Grab,Tomato_Choppable_C_2147482397
290.85733,Right Hand Released,Tomato_Choppable_C_2147482397
291.789795,Right Hand Grab,Knife_C_4
292.512909,Chopped,Tomato_Choppable_C_2147482397
293.868286,Right Hand Released,Knife_C_4
294.643494,Left Hand Grab,None
294.699005,Right Hand Grab,Tomato_BottomHalf_Choppable_C_2147482346
295.612305,Left Hand Grab,Tomato_TopHalf_Choppable_C_2147482347
297.081604,Left Hand Released,Tomato_TopHalf_Choppable_C_2147482347
297.092438,Right Hand Released,Tomato_BottomHalf_Choppable_C_2147482346
298.513519,Right Hand Grab,Tomato_Choppable_C_2147482348
300.211853,Right Hand Released,Tomato_Choppable_C_2147482348
301.056213,Right Hand Grab,Knife_C_4
301.845398,Chopped,Tomato_Choppable_C_2147482348
302.400513,Chopped,Tomato_BottomHalf_Choppable_C_2147482343
302.889343,Right Hand Released,Knife_C_4
303.553497,Right Hand Grab,Tomato_BottomHalf_Choppable_C_2147482343
304.098175,Left Hand Grab,Tomato_TopHalf_Choppable_C_2147482344
305.267395,Left Hand Released,Tomato_TopHalf_Choppable_C_2147482344
305.323517,Right Hand Released,Tomato_BottomHalf_Choppable_C_2147482343
307.63208,Right Hand Grab,BeefStewCookbook_C_0
309.655334,Left Hand Grab,Potato_Choppable_C_2147482410
312.820496,Left Hand Released,Potato_Choppable_C_2147482410
313.411621,Right Hand Grab,Knife_C_4
314.165649,Chopped,Potato_Choppable_C_2147482410
315.943848,Right Hand Released,Knife_C_4
316.57663,Right Hand Grab,Potato_BottomHalf_Choppable_C_2147482340
317.875549,Left Hand Grab,None
319.37381,Left Hand Grab,Potato_TopHalf_Choppable_C_2147482341
320.210327,Left Hand Released,Potato_TopHalf_Choppable_C_2147482341
320.244141,Right Hand Released,Potato_BottomHalf_Choppable_C_2147482340
321.628143,Right Hand Grab,Potato_Choppable_C_2147482408
323.186584,Right Hand Released,Potato_Choppable_C_2147482408
323.753326,Right Hand Grab,Knife_C_4
324.252533,Chopped,Potato_Choppable_C_2147482408
324.942322,Right Hand Released,Knife_C_4
325.718964,Right Hand Grab,Potato_BottomHalf_Choppable_C_2147482337
325.752594,Left Hand Grab,Potato_TopHalf_Choppable_C_2147482338
326.842957,Left Hand Released,Potato_TopHalf_Choppable_C_2147482338
326.898376,Right Hand Released,Potato_BottomHalf_Choppable_C_2147482337
329.429535,Right Hand Grab,None
331.348907,Right Hand Grab,BeefStewCookbook_C_0
334.182098,Left Hand Grab,None
335.716003,Left Hand Grab,Carrot_Choppable_C_2147482401
337.23877,Left Hand Released,Carrot_Choppable_C_2147482401
338.416199,Left Hand Grab,Carrot_Choppable_C_2147482403
340.184143,Left Hand Released,Carrot_Choppable_C_2147482403
342.827179,Right Hand Grab,Knife_C_4
343.693359,Chopped,Carrot_Choppable_C_2147482403
344.548798,Chopped,Carrot_Choppable_C_2147482401
345.338074,Chopped,CarrotBotton_Choppable_C_2147482331
346.537933,Right Hand Released,Knife_C_4
347.267334,Right Hand Grab,CarrotBotton_Choppable_C_2147482333
347.345856,Left Hand Grab,CarrotTop_Choppable_C_2147482334
350.138672,Left Hand Released,CarrotTop_Choppable_C_2147482334
350.450348,Right Hand Released,CarrotBotton_Choppable_C_2147482333
351.650055,Right Hand Grab,Knife_C_4
352.087555,Chopped,CarrotBotton_Choppable_C_2147482333
352.987213,Chopped,CarrotTop_Choppable_C_2147482334
353.876862,Chopped,CarrotBotton_Choppable_C_2147482331
354.699066,Chopped,CarrotTop_Choppable_C_2147482332
355.68869,Right Hand Released,Knife_C_4
356.557037,Right Hand Grab,CarrotBottomQuarter1_Choppable_C_2147482330
356.567627,Left Hand Grab,CarrotTopQuarter1_Choppable_C_2147482328
357.969177,Left Hand Released,CarrotTopQuarter1_Choppable_C_2147482328
358.01358,Right Hand Released,CarrotBottomQuarter1_Choppable_C_2147482330
358.968689,Right Hand Grab,CarrotBottomQuarter2_Choppable_C_2147482329
358.979858,Left Hand Grab,CarrotTopQuarter2_Choppable_C_2147482327
360.192505,Right Hand Released,CarrotBottomQuarter2_Choppable_C_2147482329
360.20343,Left Hand Released,CarrotTopQuarter2_Choppable_C_2147482327
362.235809,Left Hand Grab,CarrotTopQuarter1_Choppable_C_2147482324
362.34729,Right Hand Grab,CarrotBottomQuarter2_Choppable_C_2147482325
363.569611,Right Hand Released,CarrotBottomQuarter2_Choppable_C_2147482325
363.780823,Left Hand Released,CarrotTopQuarter1_Choppable_C_2147482324
364.879791,Right Hand Grab,CarrotBottomQuarter1_Choppable_C_2147482326
365.591461,Left Hand Grab,CarrotTopQuarter2_Choppable_C_2147482323
366.658325,Right Hand Released,CarrotBottomQuarter1_Choppable_C_2147482326
366.658325,Left Hand Released,CarrotTopQuarter2_Choppable_C_2147482323
367.577972,Right Hand Grab,CarrotTopQuarter1_Choppable_C_2147482324
369.145111,Right Hand Released,CarrotTopQuarter1_Choppable_C_2147482324
373.139587,Right Hand Grab,BeefStewCookbook_C_0
376.164215,Right Hand Grab,Knife_C_4
378.086548,Right Hand Released,Knife_C_4
379.342438,Right Hand Grab,PepperShakerGrabableSimple_C_2147482376
385.029816,Right Hand Released,PepperShakerGrabableSimple_C_2147482376
386.884918,Right Hand Grab,PepperShakerGrabableSimple_C_2147482376
388.229492,Right Hand Released,PepperShakerGrabableSimple_C_2147482376
389.329529,Right Hand Grab,SaltShakerGrabableSimple_C_2147482377
394.093262,Right Hand Released,SaltShakerGrabableSimple_C_2147482377
397.917664,Right Hand Grab,StirSpoonSimple_C_2147482380
406.811981,Right Hand Released,StirSpoonSimple_C_2147482380
410.003906,Right Hand Grab,BeefStewCookbook_C_0
413.613464,Right Hand Grab,NewLadleSimple_C_2147482322
422.844971,Right Hand Released,NewLadleSimple_C_2147482322
423.877045,Right Hand Grab,NewLadleSimple_C_2147482322
427.687317,Right Hand Released,NewLadleSimple_C_2147482322
443.628693,Right Hand Grab,Exit_C_1
