Session Time,Action Type,Interacted Object
66.68589,Right Hand Grab,BeefStewCookbook_C_0
73.096657,Left Hand Grab,Carrot_Choppable_C_2147482401
75.129433,Left Hand Released,Carrot_Choppable_C_2147482401
77.962234,Left Hand Grab,Carrot_Choppable_C_2147482401
81.206512,Left Hand Released,Carrot_Choppable_C_2147482401
95.040543,Right Hand Grab,BrothParent_C_2147482378
112.743607,Right Hand Released,BrothParent_C_2147482378
116.321327,Right Hand Grab,BeefStewCookbook_C_0
121.486229,Left Hand Grab,Meat_Choppable_C_2147482400
124.296211,Right Hand Grab,Knife_C_4
124.440254,Left Hand Released,Meat_Choppable_C_2147482400
126.718506,Chopped,Meat_Choppable_C_2147482400
127.568871,Chopped,Meat_HalfRight_Choppable_C_2147482369
128.222687,Chopped,Meat_HalfRight_Choppable_C_2147482369
128.866577,Chopped,Meat_HalfLeft_Choppable_C_2147482370
129.4384,Chopped,Meat_QuarterLeft2_C_2147482365
130.054138,Chopped,Meat_QuarterLeft2_C_2147482365
130.64299,Chopped,Meat_QuarterLeft2_C_2147482365
131.393661,Chopped,Meat_QuarterLeft2_C_2147482365
132.784454,Right Hand Released,Knife_C_4
134.02919,Right Hand Grab,Knife_C_4
134.818192,Right Hand Released,Knife_C_4
135.716492,Right Hand Grab,Knife_C_4
136.395721,Chopped,Meat_QuarterLeft1_C_2147482366
136.951019,Chopped,Meat_QuarterLeft1_C_2147482366
138.250824,Right Hand Released,Knife_C_4
139.728226,Right Hand Grab,Knife_C_4
140.092209,Left Hand Grab,Meat_QuarterLeft2_C_2147482365
142.826645,Left Hand Released,Meat_QuarterLeft2_C_2147482365
142.904816,Right Hand Released,Knife_C_4
144.548386,Right Hand Grab,Meat_QuarterRight2_C_2147482367
146.125198,Right Hand Released,Meat_QuarterRight2_C_2147482367
147.125015,Right Hand Grab,Meat_QuarterLeft1_C_2147482366
148.370316,Right Hand Released,Meat_QuarterLeft1_C_2147482366
149.370422,Right Hand Grab,Meat_QuarterRight1_C_2147482368
150.625183,Right Hand Released,Meat_QuarterRight1_C_2147482368
153.55864,Right Hand Grab,Meat_Choppable_C_2147482398
155.417435,Right Hand Released,Meat_Choppable_C_2147482398
156.124542,Right Hand Grab,Knife_C_4
156.791199,Chopped,Meat_Choppable_C_2147482398
157.590195,Chopped,Meat_HalfLeft_Choppable_C_2147482363
158.264267,Chopped,Meat_HalfLeft_Choppable_C_2147482363
158.886658,Chopped,Meat_QuarterLeft1_C_2147482361
159.567566,Chopped,Meat_QuarterLeft1_C_2147482361
160.480621,Right Hand Released,Knife_C_4
161.135513,Right Hand Grab,Knife_C_4
161.991211,Right Hand Released,Knife_C_4
162.624283,Right Hand Grab,Meat_HalfRight_Choppable_C_2147482362
163.868683,Right Hand Released,Meat_HalfRight_Choppable_C_2147482362
164.644577,Right Hand Grab,Knife_C_4
165.178452,Chopped,Meat_HalfRight_Choppable_C_2147482362
166.479584,Right Hand Released,Knife_C_4
167.11058,Right Hand Grab,Meat_QuarterRight2_C_2147482358
168.766891,Right Hand Released,Meat_QuarterRight2_C_2147482358
170.132172,Left Hand Grab,Meat_QuarterLeft2_C_2147482360
170.154099,Right Hand Grab,Meat_QuarterRight1_C_2147482359
172.200607,Left Hand Released,Meat_QuarterLeft2_C_2147482360
172.211807,Right Hand Released,Meat_QuarterRight1_C_2147482359
173.209732,Right Hand Grab,Meat_QuarterLeft1_C_2147482361
174.365829,Right Hand Released,Meat_QuarterLeft1_C_2147482361
178.178345,Right Hand Grab,BeefStewCookbook_C_0
181.57605,Right Hand Grab,Onion_Choppable_C_2147482392
182.874756,Right Hand Released,Onion_Choppable_C_2147482392
183.696304,Right Hand Grab,Knife_C_4
184.35202,Chopped,Onion_Choppable_C_2147482392
185.29657,Right Hand Released,Knife_C_4
185.974716,Right Hand Grab,Onion_Peeled_C_2147482356
186.855148,Right Hand Released,Onion_Peeled_C_2147482356
187.484726,Right Hand Grab,Knife_C_4
187.95079,Chopped,Onion_Peeled_C_2147482356
188.806915,Right Hand Released,Knife_C_4
189.573898,Right Hand Grab,Onion_Half2_C_2147482354
192.628754,Left Hand Grab,Onion_Half_C_2147482355
194.197678,Right Hand Released,Onion_Half2_C_2147482354
194.286072,Left Hand Released,Onion_Half_C_2147482355
195.694717,Right Hand Grab,Onion_Half_C_2147482355
199.949265,Right Hand Grab,BeefStewCookbook_C_0
204.059921,Right Hand Grab,Onion_Choppable_C_2147482357
205.226089,Right Hand Released,Onion_Choppable_C_2147482357
205.815262,Right Hand Grab,Knife_C_4
206.413864,Chopped,Onion_Choppable_C_2147482357
207.093231,Chopped,Onion_Peeled_C_2147482352
207.703583,Chopped,Onion_Peeled_C_2147482352
208.635696,Right Hand Released,Knife_C_4
209.580383,Right Hand Grab,Knife_C_4
210.876907,Right Hand Released,Knife_C_4
211.524811,Right Hand Grab,Onion_Half2_C_2147482350
212.8013,Right Hand Released,Onion_Half2_C_2147482350
213.658554,Right Hand Grab,Onion_Half_C_2147482351
214.767166,Right Hand Released,Onion_Half_C_2147482351
217.957367,Right Hand Grab,BeefStewCookbook_C_0
219.436218,Right Hand Grab,BeefStewCookbook_C_0
220.690735,Right Hand Grab,Tomato_Choppable_C_2147482397
226.234467,Right Hand Released,Tomato_Choppable_C_2147482397
227.382797,Right Hand Grab,Tomato_Choppable_C_2147482397
230.242538,Right Hand Released,Tomato_Choppable_C_2147482397
233.353409,Right Hand Grab,Knife_C_4
233.998962,Chopped,Tomato_Choppable_C_2147482397
235.044693,Right Hand Released,Knife_C_4
235.910217,Right Hand Grab,Tomato_BottomHalf_Choppable_C_2147482347
237.432434,Right Hand Released,Tomato_BottomHalf_Choppable_C_2147482347
238.364944,Right Hand Grab,Tomato_TopHalf_Choppable_C_2147482348
239.704025,Right Hand Released,Tomato_TopHalf_Choppable_C_2147482348
241.641891,Right Hand Grab,Tomato_Choppable_C_2147482349
243.173798,Right Hand Released,Tomato_Choppable_C_2147482349
244.007111,Right Hand Grab,Knife_C_4
244.062927,Chopped,Tomato_Choppable_C_2147482349
244.585419,Chopped,Tomato_BottomHalf_Choppable_C_2147482344
245.251785,Right Hand Released,Knife_C_4
245.886093,Right Hand Grab,Tomato_BottomHalf_Choppable_C_2147482344
247.451721,Right Hand Released,Tomato_BottomHalf_Choppable_C_2147482344
248.325546,Right Hand Grab,Tomato_TopHalf_Choppable_C_2147482345
249.594177,Right Hand Released,Tomato_TopHalf_Choppable_C_2147482345
253.160217,Left Hand Grab,Carrot_Choppable_C_2147482405
255.360443,Left Hand Released,Carrot_Choppable_C_2147482405
255.737671,Right Hand Grab,Knife_C_4
256.545959,Chopped,Carrot_Choppable_C_2147482405
257.2388,Chopped,CarrotBotton_Choppable_C_2147482341
257.760925,Chopped,CarrotBotton_Choppable_C_2147482341
258.827637,Chopped,CarrotTop_Choppable_C_2147482342
259.395325,Chopped,Carrot_Choppable_C_2147482401
259.927887,Chopped,CarrotBotton_Choppable_C_2147482335
260.488251,Chopped,CarrotBotton_Choppable_C_2147482335
261.102722,Chopped,CarrotBottomQuarter2_Choppable_C_2147482333
261.669434,Right Hand Released,Knife_C_4
262.7276,Left Hand Grab,CarrotTop_Choppable_C_2147482336
269.74942,Left Hand Released,CarrotTop_Choppable_C_2147482336
270.624786,Right Hand Grab,Knife_C_4
271.181702,Chopped,CarrotTop_Choppable_C_2147482336
272.037262,Right Hand Released,Knife_C_4
272.704193,Right Hand Grab,CarrotTopQuarter1_Choppable_C_2147482332
273.839844,Right Hand Released,CarrotTopQuarter1_Choppable_C_2147482332
275.813202,Right Hand Grab,Knife_C_4
276.148041,Chopped,CarrotTopQuarter2_Choppable_C_2147482331
276.592194,Right Hand Released,Knife_C_4
277.375458,Right Hand Grab,Knife_C_4
277.885437,Right Hand Released,Knife_C_4
278.543945,Right Hand Grab,CarrotTopQuarter2_Choppable_C_2147482331
278.689423,Left Hand Grab,CarrotTopQuarter1_Choppable_C_2147482338
280.200867,Right Hand Released,CarrotTopQuarter2_Choppable_C_2147482331
280.211945,Left Hand Released,CarrotTopQuarter1_Choppable_C_2147482338
281.367126,Right Hand Grab,CarrotBottomQuarter2_Choppable_C_2147482339
281.478119,Left Hand Grab,CarrotBottomQuarter2_Choppable_C_2147482339
282.807953,Right Hand Released,CarrotBottomQuarter2_Choppable_C_2147482339
282.852814,Left Hand Released,CarrotBottomQuarter2_Choppable_C_2147482339
283.821411,Right Hand Grab,CarrotBottomQuarter1_Choppable_C_2147482340
284.678802,Left Hand Grab,CarrotTopQuarter2_Choppable_C_2147482337
286.198151,Left Hand Released,CarrotTopQuarter2_Choppable_C_2147482337
286.230927,Right Hand Released,CarrotBottomQuarter1_Choppable_C_2147482340
287.155182,Right Hand Grab,CarrotBottomQuarter1_Choppable_C_2147482334
287.966003,Left Hand Grab,CarrotBottomQuarter2_Choppable_C_2147482333
289.273071,Left Hand Released,CarrotBottomQuarter2_Choppable_C_2147482333
289.284302,Right Hand Released,CarrotBottomQuarter1_Choppable_C_2147482334
291.951538,Right Hand Grab,BeefStewCookbook_C_0
295.408783,Right Hand Grab,PepperShakerGrabableSimple_C_2147482376
302.263153,Right Hand Released,PepperShakerGrabableSimple_C_2147482376
303.063049,Right Hand Grab,Knife_C_4
303.98584,Right Hand Released,Knife_C_4
304.630096,Right Hand Grab,SaltShakerGrabableSimple_C_2147482377
312.958099,Right Hand Released,SaltShakerGrabableSimple_C_2147482377
317.218414,Right Hand Grab,StirSpoonSimple_C_2147482380
329.891541,Right Hand Released,StirSpoonSimple_C_2147482380
332.482635,Right Hand Grab,BeefStewCookbook_C_0
339.622162,Right Hand Grab,Knife_C_4
341.092194,Right Hand Released,Knife_C_4
341.945038,Right Hand Grab,BrothParent_C_2147482378
343.213104,Right Hand Released,BrothParent_C_2147482378
350.444611,Right Hand Grab,BeefStewCookbook_C_0
351.379211,Right Hand Grab,BeefStewCookbook_C_0
352.212158,Right Hand Grab,BeefStewCookbook_C_0
354.432159,Right Hand Grab,BeefStewCookbook_C_0
355.777374,Right Hand Grab,BeefStewCookbook_C_0
357.01889,Right Hand Grab,Potato_Choppable_C_2147482409
359.165192,Left Hand Grab,Potato_Choppable_C_2147482409
359.209412,Right Hand Released,Potato_Choppable_C_2147482409
360.775665,Left Hand Released,Potato_Choppable_C_2147482409
362.764099,Left Hand Grab,Potato_Choppable_C_2147482330
365.14212,Left Hand Released,Potato_Choppable_C_2147482330
366.085602,Right Hand Grab,Knife_C_4
366.98465,Chopped,Potato_Choppable_C_2147482409
367.508148,Chopped,Potato_BottomHalf_Choppable_C_2147482327
368.464142,Chopped,Potato_BottomHalf_Choppable_C_2147482327
369.051941,Chopped,Potato_Choppable_C_2147482330
369.57489,Chopped,Potato_TopHalf_Choppable_C_2147482326
370.0979,Chopped,Potato_TopHalf_Choppable_C_2147482326
371.496521,Right Hand Released,Knife_C_4
372.15097,Right Hand Grab,Potato_BottomHalf_Choppable_C_2147482327
374.684326,Left Hand Grab,Potato_TopHalf_Choppable_C_2147482328
376.270142,Right Hand Released,Potato_BottomHalf_Choppable_C_2147482327
376.293915,Left Hand Released,Potato_TopHalf_Choppable_C_2147482328
377.621765,Right Hand Grab,Potato_BottomHalf_Choppable_C_2147482325
378.435791,Left Hand Grab,Potato_TopHalf_Choppable_C_2147482326
379.738831,Right Hand Released,Potato_BottomHalf_Choppable_C_2147482325
379.738831,Left Hand Released,Potato_TopHalf_Choppable_C_2147482326
382.260803,Right Hand Grab,Knife_C_4
383.135345,Right Hand Released,Knife_C_4
383.792145,Right Hand Grab,StirSpoonSimple_C_2147482380
391.592163,Right Hand Released,StirSpoonSimple_C_2147482380
392.890991,Right Hand Grab,BeefStewCookbook_C_0
393.692108,Right Hand Grab,BeefStewCookbook_C_0
394.460175,Right Hand Grab,BeefStewCookbook_C_0
395.493561,Right Hand Grab,BeefStewCookbook_C_0
397.426514,Right Hand Grab,BeefStewCookbook_C_0
400.012115,Left Hand Grab,NewLadleSimple_C_2147482324
401.946808,Right Hand Grab,NewLadleSimple_C_2147482324
402.113556,Left Hand Released,NewLadleSimple_C_2147482324
411.105927,Right Hand Released,NewLadleSimple_C_2147482324
412.384094,Right Hand Grab,NewLadleSimple_C_2147482324
413.117615,Right Hand Released,NewLadleSimple_C_2147482324
417.016388,Right Hand Grab,BeefStewCookbook_C_0
427.779327,Right Hand Grab,None
428.603363,Right Hand Grab,Exit_C_1
