Session Time,Action Type,Interacted Object
107.829689,Right Hand Grab,None
109.251297,Right Hand Grab,Knife_C_4
109.529922,Right Hand Released,Knife_C_4
110.684769,Right Hand Grab,Knife_C_4
114.073799,Right Hand Released,Knife_C_4
160.316071,Right Hand Grab,BeefStewCookbook_C_0
200.879089,Right Hand Grab,BrothParent_C_2147482378
223.795883,Right Hand Released,BrothParent_C_2147482378
231.494797,Right Hand Grab,None
232.85112,Right Hand Grab,BeefStewCookbook_C_0
238.857117,Right Hand Grab,Meat_Choppable_C_2147482400
239.235077,Right Hand Released,Meat_Choppable_C_2147482400
239.324799,Right Hand Grab,None
240.358109,Right Hand Grab,Meat_Choppable_C_2147482400
242.003098,Right Hand Released,Meat_Choppable_C_2147482400
244.103928,Right Hand Grab,Meat_Choppable_C_2147482400
245.302628,Right Hand Released,Meat_Choppable_C_2147482400
246.312622,Right Hand Grab,Meat_Choppable_C_2147482372
247.801743,Right Hand Released,Meat_Choppable_C_2147482372
250.608185,Right Hand Grab,Knife_C_4
253.473846,Right Hand Released,Knife_C_4
254.396408,Right Hand Grab,BrothParent_C_2147482378
255.810028,Right Hand Released,BrothParent_C_2147482378
256.877869,Right Hand Grab,None
258.245941,Right Hand Grab,Meat_Choppable_C_2147482372
259.333221,Right Hand Released,Meat_Choppable_C_2147482372
259.867004,Right Hand Grab,Meat_Choppable_C_2147482372
260.412292,Right Hand Released,Meat_Choppable_C_2147482372
260.967316,Right Hand Grab,Meat_Choppable_C_2147482372
262.197021,Right Hand Released,Meat_Choppable_C_2147482372
262.807068,Right Hand Grab,Meat_Choppable_C_2147482372
263.299103,Right Hand Released,Meat_Choppable_C_2147482372
263.80954,Right Hand Grab,Meat_Choppable_C_2147482372
264.365814,Right Hand Released,Meat_Choppable_C_2147482372
264.832458,Right Hand Grab,Knife_C_4
265.12207,Chopped,Meat_Choppable_C_2147482372
266.044342,Chopped,Meat_HalfRight_Choppable_C_2147482369
266.995605,Chopped,Meat_HalfLeft_Choppable_C_2147482370
267.719147,Chopped,Meat_HalfRight_Choppable_C_2147482369
268.831451,Chopped,Meat_QuarterLeft1_C_2147482368
269.952698,Chopped,Meat_QuarterRight2_C_2147482365
270.547028,Chopped,Meat_QuarterRight1_C_2147482366
271.546692,Chopped,Meat_QuarterLeft2_C_2147482367
271.569244,Right Hand Released,Knife_C_4
273.197693,Right Hand Grab,Knife_C_4
273.797607,Chopped,Meat_QuarterRight1_C_2147482366
275.21991,Chopped,Meat_QuarterRight2_C_2147482365
275.830566,Chopped,Meat_QuarterRight2_C_2147482365
277.019104,Chopped,Meat_QuarterRight2_C_2147482365
277.695068,Chopped,Meat_QuarterLeft1_C_2147482368
278.952026,Chopped,Meat_QuarterLeft1_C_2147482368
279.553925,Chopped,Meat_QuarterLeft1_C_2147482368
280.332245,Chopped,Meat_QuarterLeft1_C_2147482368
281.940796,Chopped,Meat_QuarterLeft1_C_2147482368
283.205933,Right Hand Released,Knife_C_4
283.939636,Right Hand Grab,Meat_QuarterRight2_C_2147482365
285.862061,Right Hand Released,Meat_QuarterRight2_C_2147482365
286.551544,Right Hand Grab,Meat_QuarterRight1_C_2147482366
288.240234,Right Hand Released,Meat_QuarterRight1_C_2147482366
290.504456,Right Hand Grab,Meat_QuarterRight1_C_2147482366
293.037933,Right Hand Released,Meat_QuarterRight1_C_2147482366
293.816956,Right Hand Grab,Knife_C_4
293.906006,Chopped,Meat_QuarterRight1_C_2147482366
295.404938,Chopped,Meat_Choppable_C_2147482400
295.705383,Right Hand Released,Knife_C_4
296.350037,Right Hand Grab,Meat_QuarterLeft2_C_2147482367
297.238342,Right Hand Released,Meat_QuarterLeft2_C_2147482367
297.794403,Right Hand Grab,Meat_QuarterLeft1_C_2147482368
298.893433,Right Hand Released,Meat_QuarterLeft1_C_2147482368
299.582672,Right Hand Grab,Meat_HalfRight_Choppable_C_2147482363
301.116913,Right Hand Released,Meat_HalfRight_Choppable_C_2147482363
301.483948,Right Hand Grab,Meat_HalfRight_Choppable_C_2147482363
303.20224,Right Hand Released,Meat_HalfRight_Choppable_C_2147482363
303.856964,Right Hand Grab,Knife_C_4
304.481384,Chopped,Meat_HalfRight_Choppable_C_2147482363
305.00296,Chopped,Meat_QuarterLeft2_C_2147482367
305.803741,Chopped,Meat_HalfLeft_Choppable_C_2147482364
307.604126,Right Hand Released,Knife_C_4
308.223114,Right Hand Grab,Meat_QuarterRight1_C_2147482362
309.078033,Right Hand Released,Meat_QuarterRight1_C_2147482362
309.414337,Right Hand Grab,Meat_QuarterLeft2_C_2147482359
310.601807,Right Hand Released,Meat_QuarterLeft2_C_2147482359
313.745331,Right Hand Grab,Meat_QuarterRight2_C_2147482365
315.534241,Right Hand Grab,Meat_QuarterLeft1_C_2147482360
316.321594,Right Hand Released,Meat_QuarterLeft1_C_2147482360
317.088379,Right Hand Grab,Meat_QuarterRight1_C_2147482366
319.845703,Left Hand Grab,Meat_QuarterLeft1_C_2147482368
320.622498,Right Hand Grab,Meat_QuarterRight2_C_2147482361
321.522522,Left Hand Released,Meat_QuarterLeft1_C_2147482368
321.545166,Right Hand Released,Meat_QuarterRight2_C_2147482361
323.598694,Right Hand Grab,Meat_QuarterLeft2_C_2147482367
323.664856,Left Hand Grab,Meat_QuarterLeft2_C_2147482359
324.967316,Right Hand Released,Meat_QuarterLeft2_C_2147482367
324.967316,Left Hand Released,Meat_QuarterLeft2_C_2147482359
325.766571,Right Hand Grab,Knife_C_4
326.453949,Chopped,Meat_QuarterRight1_C_2147482362
327.388123,Right Hand Released,Knife_C_4
327.832855,Right Hand Grab,Meat_QuarterRight1_C_2147482362
328.828613,Right Hand Released,Meat_QuarterRight1_C_2147482362
330.843231,Right Hand Grab,BeefStewCookbook_C_0
334.794617,Right Hand Grab,Onion_Choppable_C_2147482392
336.283264,Right Hand Released,Onion_Choppable_C_2147482392
337.9198,Right Hand Grab,Knife_C_4
338.629913,Chopped,Onion_Choppable_C_2147482392
339.696075,Right Hand Released,Knife_C_4
341.00769,Right Hand Grab,Onion_Peeled_C_2147482357
341.696106,Right Hand Released,Onion_Peeled_C_2147482357
342.229889,Right Hand Grab,Onion_Peeled_C_2147482357
342.95163,Right Hand Released,Onion_Peeled_C_2147482357
343.337494,Right Hand Grab,Onion_Peeled_C_2147482357
344.091919,Right Hand Released,Onion_Peeled_C_2147482357
344.572021,Right Hand Grab,Onion_Peeled_C_2147482357
345.273499,Right Hand Released,Onion_Peeled_C_2147482357
347.783081,Right Hand Grab,Knife_C_4
348.862244,Chopped,Onion_Peeled_C_2147482357
349.617188,Right Hand Released,Knife_C_4
350.528595,Right Hand Grab,Onion_Half2_C_2147482355
353.175659,Right Hand Released,Onion_Half2_C_2147482355
354.050537,Right Hand Grab,Onion_Half_C_2147482356
354.937317,Right Hand Released,Onion_Half_C_2147482356
355.937195,Right Hand Grab,Onion_Choppable_C_2147482388
357.224915,Right Hand Released,Onion_Choppable_C_2147482388
357.835785,Right Hand Grab,Knife_C_4
360.936737,Right Hand Released,Knife_C_4
361.425629,Right Hand Grab,Onion_Choppable_C_2147482388
362.368439,Right Hand Released,Onion_Choppable_C_2147482388
363.82431,Right Hand Grab,Onion_Choppable_C_2147482388
364.769196,Right Hand Released,Onion_Choppable_C_2147482388
365.456482,Right Hand Grab,Onion_Choppable_C_2147482388
365.800903,Right Hand Released,Onion_Choppable_C_2147482388
366.724091,Right Hand Grab,Knife_C_4
367.64682,Chopped,Onion_Choppable_C_2147482388
368.624084,Chopped,Onion_Peeled_C_2147482353
370.920349,Chopped,Onion_Peeled_C_2147482353
371.512146,Right Hand Released,Knife_C_4
372.389893,Right Hand Grab,Onion_Half_C_2147482352
373.556244,Right Hand Released,Onion_Half_C_2147482352
374.411652,Right Hand Grab,Onion_Half2_C_2147482351
375.279541,Right Hand Released,Onion_Half2_C_2147482351
376.990417,Right Hand Grab,None
377.95755,Right Hand Grab,BeefStewCookbook_C_0
381.910034,Right Hand Grab,BeefStewCookbook_C_0
382.931488,Right Hand Grab,BeefStewCookbook_C_0
383.766235,Right Hand Grab,BeefStewCookbook_C_0
384.466644,Right Hand Grab,BeefStewCookbook_C_0
388.755615,Right Hand Grab,BeefStewCookbook_C_0
389.619781,Right Hand Grab,BeefStewCookbook_C_0
390.222473,Right Hand Grab,BeefStewCookbook_C_0
391.523834,Right Hand Grab,BeefStewCookbook_C_0
393.07785,Right Hand Grab,Tomato_Choppable_C_2147482395
394.575043,Right Hand Released,Tomato_Choppable_C_2147482395
395.330994,Right Hand Grab,Knife_C_4
395.987,Chopped,Tomato_Choppable_C_2147482395
396.709351,Right Hand Released,Knife_C_4
397.909027,Right Hand Grab,Tomato_Choppable_C_2147482397
399.084076,Right Hand Released,Tomato_Choppable_C_2147482397
399.561096,Right Hand Grab,Knife_C_4
400.205109,Chopped,Tomato_Choppable_C_2147482397
400.974762,Right Hand Released,Knife_C_4
401.386169,Right Hand Grab,Tomato_BottomHalf_Choppable_C_2147482345
402.308289,Right Hand Released,Tomato_BottomHalf_Choppable_C_2147482345
402.862885,Right Hand Grab,Tomato_TopHalf_Choppable_C_2147482346
403.590546,Right Hand Released,Tomato_TopHalf_Choppable_C_2147482346
404.167877,Right Hand Grab,Tomato_TopHalf_Choppable_C_2147482349
404.907867,Right Hand Released,Tomato_TopHalf_Choppable_C_2147482349
405.460846,Right Hand Grab,Tomato_BottomHalf_Choppable_C_2147482348
408.218201,Right Hand Released,Tomato_BottomHalf_Choppable_C_2147482348
408.692078,Right Hand Grab,Tomato_BottomHalf_Choppable_C_2147482348
411.173126,Right Hand Grab,BeefStewCookbook_C_0
414.049011,Right Hand Grab,BeefStewCookbook_C_0
415.249969,Right Hand Grab,BeefStewCookbook_C_0
416.815033,Right Hand Grab,BeefStewCookbook_C_0
417.262024,Right Hand Grab,BeefStewCookbook_C_0
418.317719,Right Hand Grab,BeefStewCookbook_C_0
419.571442,Right Hand Grab,BeefStewCookbook_C_0
420.6492,Right Hand Grab,Potato_Choppable_C_2147482410
422.288483,Right Hand Released,Potato_Choppable_C_2147482410
423.278778,Right Hand Grab,Potato_Choppable_C_2147482406
424.779938,Right Hand Released,Potato_Choppable_C_2147482406
425.391663,Right Hand Grab,Knife_C_4
426.247864,Chopped,Potato_Choppable_C_2147482406
427.169342,Chopped,Potato_TopHalf_Choppable_C_2147482342
427.986725,Chopped,Potato_TopHalf_Choppable_C_2147482342
428.498291,Chopped,Potato_BottomHalf_Choppable_C_2147482341
428.653625,Right Hand Released,Knife_C_4
429.978485,Right Hand Grab,Potato_Choppable_C_2147482410
430.612488,Right Hand Released,Potato_Choppable_C_2147482410
431.444977,Right Hand Grab,Knife_C_4
432.968689,Chopped,Potato_Choppable_C_2147482410
433.506104,Chopped,Potato_BottomHalf_Choppable_C_2147482339
434.367645,Right Hand Released,Knife_C_4
434.823151,Right Hand Grab,Potato_BottomHalf_Choppable_C_2147482341
435.896759,Right Hand Released,Potato_BottomHalf_Choppable_C_2147482341
436.486725,Right Hand Grab,Potato_TopHalf_Choppable_C_2147482342
438.176819,Right Hand Released,Potato_TopHalf_Choppable_C_2147482342
439.049683,Right Hand Grab,Potato_BottomHalf_Choppable_C_2147482339
439.964233,Right Hand Released,Potato_BottomHalf_Choppable_C_2147482339
440.678528,Right Hand Grab,Potato_TopHalf_Choppable_C_2147482340
445.257843,Right Hand Grab,BeefStewCookbook_C_0
448.156006,Right Hand Grab,Carrot_Choppable_C_2147482401
449.198547,Right Hand Released,Carrot_Choppable_C_2147482401
449.9758,Right Hand Grab,Carrot_Choppable_C_2147482405
451.732056,Right Hand Released,Carrot_Choppable_C_2147482405
454.54715,Right Hand Grab,Knife_C_4
457.230774,Chopped,Carrot_Choppable_C_2147482405
458.127014,Chopped,CarrotBotton_Choppable_C_2147482335
458.920319,Chopped,Carrot_Choppable_C_2147482401
460.199005,Right Hand Released,Knife_C_4
460.729736,Right Hand Grab,CarrotBotton_Choppable_C_2147482333
461.508148,Right Hand Released,CarrotBotton_Choppable_C_2147482333
462.318573,Right Hand Grab,Knife_C_4
463.052612,Chopped,CarrotBotton_Choppable_C_2147482335
463.959259,Chopped,CarrotBottomQuarter1_Choppable_C_2147482332
464.658661,Chopped,CarrotBottomQuarter1_Choppable_C_2147482332
465.314728,Chopped,CarrotBottomQuarter1_Choppable_C_2147482332
466.349274,Right Hand Released,Knife_C_4
467.251892,Right Hand Grab,Knife_C_4
467.884064,Chopped,CarrotBotton_Choppable_C_2147482333
469.786316,Left Hand Grab,CarrotTop_Choppable_C_2147482336
471.406921,Chopped,CarrotTop_Choppable_C_2147482334
471.973572,Chopped,CarrotBottomQuarter1_Choppable_C_2147482330
473.641052,Right Hand Released,Knife_C_4
473.78476,Left Hand Released,CarrotTop_Choppable_C_2147482336
474.384644,Left Hand Grab,CarrotTop_Choppable_C_2147482336
475.696381,Left Hand Released,CarrotTop_Choppable_C_2147482336
486.491028,Right Hand Grab,None
487.323853,Right Hand Grab,None
488.246338,Right Hand Grab,None
488.379028,Left Hand Grab,None
491.367828,Right Hand Grab,Meat_Choppable_C_2147482398
492.548798,Right Hand Released,Meat_Choppable_C_2147482398
493.049774,Right Hand Grab,Knife_C_4
494.336243,Chopped,CarrotTopQuarter1_Choppable_C_2147482328
495.896667,Chopped,CarrotTop_Choppable_C_2147482336
496.875366,Right Hand Released,Knife_C_4
498.789368,Left Hand Grab,Knife_C_4
499.866852,Chopped,CarrotTopQuarter1_Choppable_C_2147482326
500.758575,Chopped,CarrotTopQuarter2_Choppable_C_2147482325
501.633636,Right Hand Grab,Knife_C_4
501.977997,Right Hand Released,Knife_C_4
501.999451,Left Hand Released,Knife_C_4
502.979004,Right Hand Grab,CarrotTopQuarter1_Choppable_C_2147482326
504.253967,Left Hand Grab,None
504.397552,Right Hand Released,CarrotTopQuarter1_Choppable_C_2147482326
505.655518,Left Hand Grab,CarrotTopQuarter1_Choppable_C_2147482328
506.843567,Left Hand Released,CarrotTopQuarter1_Choppable_C_2147482328
507.711334,Right Hand Grab,Knife_C_4
508.745422,Right Hand Released,Knife_C_4
509.256378,Right Hand Grab,CarrotBottomQuarter2_Choppable_C_2147482331
510.090698,Left Hand Grab,CarrotTopQuarter2_Choppable_C_2147482327
511.179749,Right Hand Released,CarrotBottomQuarter2_Choppable_C_2147482331
511.234253,Left Hand Released,CarrotTopQuarter2_Choppable_C_2147482327
512.289185,Left Hand Grab,CarrotTopQuarter2_Choppable_C_2147482325
512.301147,Right Hand Grab,CarrotBottomQuarter1_Choppable_C_2147482330
513.667908,Right Hand Released,CarrotBottomQuarter1_Choppable_C_2147482330
513.766479,Left Hand Released,CarrotTopQuarter2_Choppable_C_2147482325
514.552917,Left Hand Grab,CarrotBottomQuarter1_Choppable_C_2147482332
514.564392,Right Hand Grab,CarrotBottomQuarter2_Choppable_C_2147482329
515.688599,Left Hand Released,CarrotBottomQuarter1_Choppable_C_2147482332
515.700012,Right Hand Released,CarrotBottomQuarter2_Choppable_C_2147482329
517.588013,Right Hand Grab,None
518.366272,Right Hand Grab,None
519.100586,Right Hand Grab,BeefStewCookbook_C_0
520.261047,Right Hand Grab,BeefStewCookbook_C_0
521.085815,Right Hand Grab,BeefStewCookbook_C_0
523.873779,Right Hand Grab,PepperShakerGrabableSimple_C_2147482376
524.696167,Right Hand Released,PepperShakerGrabableSimple_C_2147482376
525.229431,Right Hand Grab,SaltShakerGrabableSimple_C_2147482377
531.740112,Right Hand Released,SaltShakerGrabableSimple_C_2147482377
533.027954,Right Hand Grab,PepperShakerGrabableSimple_C_2147482376
533.049805,Left Hand Grab,SaltShakerGrabableSimple_C_2147482377
534.785156,Right Hand Released,PepperShakerGrabableSimple_C_2147482376
534.929871,Left Hand Released,SaltShakerGrabableSimple_C_2147482377
536.283081,Right Hand Grab,BrothParent_C_2147482378
537.394287,Right Hand Released,BrothParent_C_2147482378
537.971069,Right Hand Grab,PepperShakerGrabableSimple_C_2147482376
545.12561,Right Hand Released,PepperShakerGrabableSimple_C_2147482376
550.579285,Right Hand Grab,None
551.901489,Right Hand Grab,BrothParent_C_2147482378
552.046265,Left Hand Grab,None
552.645813,Right Hand Released,BrothParent_C_2147482378
553.357788,Right Hand Grab,BrothParent_C_2147482378
554.27948,Right Hand Released,BrothParent_C_2147482378
554.746338,Right Hand Grab,StirSpoonSimple_C_2147482380
558.123718,Right Hand Released,StirSpoonSimple_C_2147482380
558.891968,Right Hand Grab,BeefStewCookbook_C_0
559.901794,Right Hand Grab,BeefStewCookbook_C_0
560.835083,Right Hand Grab,BeefStewCookbook_C_0
561.612,Right Hand Grab,BeefStewCookbook_C_0
562.823364,Right Hand Grab,BeefStewCookbook_C_0
563.60083,Right Hand Grab,BeefStewCookbook_C_0
564.26709,Right Hand Grab,BeefStewCookbook_C_0
565.81604,Left Hand Grab,BeefStewCookbook_C_0
566.649048,Left Hand Grab,BeefStewCookbook_C_0
567.316467,Left Hand Grab,BeefStewCookbook_C_0
568.24054,Left Hand Grab,BeefStewCookbook_C_0
569.652893,Right Hand Grab,BeefStewCookbook_C_0
570.408447,Right Hand Grab,BeefStewCookbook_C_0
571.607971,Right Hand Grab,BeefStewCookbook_C_0
572.297729,Right Hand Grab,StirSpoonSimple_C_2147482380
584.507996,Right Hand Released,StirSpoonSimple_C_2147482380
589.552979,Right Hand Grab,BeefStewCookbook_C_0
594.188416,Right Hand Grab,NewLadleSimple_C_2147482324
602.701599,Right Hand Released,NewLadleSimple_C_2147482324
604.509216,Right Hand Grab,NewLadleSimple_C_2147482324
606.080811,Right Hand Released,NewLadleSimple_C_2147482324
606.61499,Right Hand Grab,Knife_C_4
607.505554,Right Hand Released,Knife_C_4
608.634338,Right Hand Grab,BeefStewCookbook_C_0
623.400818,Right Hand Grab,Exit_C_1
