Session Time,Action Type,Interacted Object
6.905308,Right Hand Grab,None
7.860156,Right Hand Grab,BeefStewCookbook_C_0
12.021451,Right Hand Grab,BrothParent_C_2147482366
25.400614,Right Hand Released,BrothParent_C_2147482366
27.089031,Right Hand Grab,BeefStewCookbook_C_0
28.808149,Right Hand Grab,Meat_Choppable_C_2147482388
29.876293,Right Hand Released,Meat_Choppable_C_2147482388
30.587723,Right Hand Grab,Meat_Choppable_C_2147482360
31.806839,Right Hand Released,Meat_Choppable_C_2147482360
32.874062,Right Hand Grab,Knife_C_4
33.675686,Chopped,Meat_Choppable_C_2147482388
34.442478,Chopped,Meat_HalfLeft_Choppable_C_2147482358
35.510761,Chopped,Meat_HalfRight_Choppable_C_2147482357
36.321812,Chopped,Meat_Choppable_C_2147482360
37.199623,Chopped,Meat_HalfLeft_Choppable_C_2147482358
38.183594,Chopped,Meat_QuarterRight2_C_2147482355
40.491245,Chopped,Meat_QuarterLeft2_C_2147482351
41.942356,Chopped,Meat_QuarterRight1_C_2147482356
43.375557,Chopped,Meat_QuarterRight2_C_2147482355
43.997444,Chopped,Meat_QuarterLeft2_C_2147482351
45.272392,Right Hand Released,Knife_C_4
46.083984,Right Hand Grab,Meat_HalfRight_Choppable_C_2147482353
47.163567,Right Hand Released,Meat_HalfRight_Choppable_C_2147482353
47.619453,Right Hand Grab,Meat_QuarterRight2_C_2147482355
50.04179,Right Hand Released,Meat_QuarterRight2_C_2147482355
50.953255,Right Hand Grab,Meat_QuarterRight1_C_2147482356
51.962612,Right Hand Released,Meat_QuarterRight1_C_2147482356
52.54195,Right Hand Grab,Meat_QuarterLeft2_C_2147482351
53.705521,Right Hand Released,Meat_QuarterLeft2_C_2147482351
54.238754,Right Hand Grab,Meat_QuarterLeft1_C_2147482352
55.317364,Right Hand Released,Meat_QuarterLeft1_C_2147482352
56.007126,Right Hand Grab,Knife_C_4
56.918095,Chopped,Meat_HalfRight_Choppable_C_2147482353
57.824589,Chopped,Meat_HalfLeft_Choppable_C_2147482354
58.813702,Chopped,Meat_QuarterLeft2_C_2147482347
60.34774,Right Hand Released,Knife_C_4
61.136608,Right Hand Grab,Knife_C_4
61.936623,Right Hand Released,Knife_C_4
62.486294,Right Hand Grab,Meat_QuarterRight2_C_2147482349
63.580814,Right Hand Released,Meat_QuarterRight2_C_2147482349
64.279976,Right Hand Grab,Meat_QuarterRight1_C_2147482350
65.147202,Right Hand Released,Meat_QuarterRight1_C_2147482350
65.693008,Right Hand Grab,Meat_QuarterLeft2_C_2147482347
66.649437,Right Hand Released,Meat_QuarterLeft2_C_2147482347
67.326385,Right Hand Grab,Meat_QuarterLeft1_C_2147482348
68.183151,Right Hand Released,Meat_QuarterLeft1_C_2147482348
69.993668,Right Hand Grab,BeefStewCookbook_C_0
71.849388,Right Hand Grab,Onion_Choppable_C_2147482380
73.147591,Right Hand Released,Onion_Choppable_C_2147482380
74.002174,Right Hand Grab,Onion_Choppable_C_2147482376
75.07914,Right Hand Released,Onion_Choppable_C_2147482376
75.691231,Right Hand Grab,Knife_C_4
76.359459,Chopped,Onion_Choppable_C_2147482380
77.081696,Chopped,Onion_Choppable_C_2147482376
80.062653,Chopped,Onion_Peeled_C_2147482344
81.588455,Chopped,Onion_Peeled_C_2147482343
82.567612,Right Hand Released,Knife_C_4
83.46727,Right Hand Grab,Onion_Half2_C_2147482341
84.523834,Right Hand Released,Onion_Half2_C_2147482341
85.379257,Right Hand Grab,Onion_Half_C_2147482340
86.52462,Right Hand Released,Onion_Half_C_2147482340
87.323296,Right Hand Grab,Onion_Half_C_2147482342
88.05011,Right Hand Released,Onion_Half_C_2147482342
88.814156,Right Hand Grab,Onion_Half2_C_2147482339
89.768578,Right Hand Released,Onion_Half2_C_2147482339
93.878174,Right Hand Grab,BeefStewCookbook_C_0
95.233711,Right Hand Grab,Tomato_Choppable_C_2147482381
96.86734,Right Hand Released,Tomato_Choppable_C_2147482381
98.133148,Right Hand Grab,Tomato_Choppable_C_2147482384
100.288597,Right Hand Released,Tomato_Choppable_C_2147482384
100.999428,Right Hand Grab,Knife_C_4
101.666016,Chopped,Tomato_Choppable_C_2147482384
102.465408,Chopped,Tomato_Choppable_C_2147482381
103.485329,Right Hand Released,Knife_C_4
104.451797,Right Hand Grab,Tomato_BottomHalf_Choppable_C_2147482335
105.420609,Right Hand Released,Tomato_BottomHalf_Choppable_C_2147482335
106.197762,Right Hand Grab,Tomato_TopHalf_Choppable_C_2147482336
107.042633,Right Hand Released,Tomato_TopHalf_Choppable_C_2147482336
107.831581,Right Hand Grab,Tomato_BottomHalf_Choppable_C_2147482333
108.664848,Right Hand Released,Tomato_BottomHalf_Choppable_C_2147482333
109.38636,Right Hand Grab,Tomato_TopHalf_Choppable_C_2147482334
110.164566,Right Hand Released,Tomato_TopHalf_Choppable_C_2147482334
111.197617,Right Hand Grab,BeefStewCookbook_C_0
113.286774,Right Hand Grab,Potato_Choppable_C_2147482396
114.796524,Right Hand Released,Potato_Choppable_C_2147482396
115.920593,Right Hand Grab,Potato_Choppable_C_2147482332
117.474205,Right Hand Released,Potato_Choppable_C_2147482332
119.335625,Right Hand Grab,Knife_C_4
119.993118,Chopped,Potato_Choppable_C_2147482396
120.759872,Chopped,Potato_Choppable_C_2147482332
121.969566,Chopped,Potato_BottomHalf_Choppable_C_2147482327
122.302162,Right Hand Released,Knife_C_4
123.095291,Right Hand Grab,Knife_C_4
123.23954,Right Hand Released,Knife_C_4
123.502647,Right Hand Grab,Knife_C_4
125.301674,Right Hand Released,Knife_C_4
126.413818,Right Hand Grab,Potato_TopHalf_Choppable_C_2147482330
127.46199,Right Hand Released,Potato_TopHalf_Choppable_C_2147482330
128.260788,Right Hand Grab,Potato_BottomHalf_Choppable_C_2147482329
129.016647,Right Hand Released,Potato_BottomHalf_Choppable_C_2147482329
129.653122,Right Hand Grab,Potato_TopHalf_Choppable_C_2147482328
130.3423,Right Hand Released,Potato_TopHalf_Choppable_C_2147482328
131.028183,Right Hand Grab,Potato_BottomHalf_Choppable_C_2147482327
131.594086,Right Hand Released,Potato_BottomHalf_Choppable_C_2147482327
133.305237,Right Hand Grab,BeefStewCookbook_C_0
134.493103,Right Hand Grab,None
135.392975,Right Hand Grab,Carrot_Choppable_C_2147482391
136.646362,Right Hand Released,Carrot_Choppable_C_2147482391
137.613953,Right Hand Grab,Carrot_Choppable_C_2147482390
138.913605,Right Hand Released,Carrot_Choppable_C_2147482390
139.836975,Right Hand Grab,Knife_C_4
141.191971,Right Hand Released,Knife_C_4
142.447403,Right Hand Grab,Knife_C_4
143.291565,Chopped,Carrot_Choppable_C_2147482390
144.580017,Chopped,Carrot_Choppable_C_2147482391
145.824402,Chopped,CarrotBotton_Choppable_C_2147482323
146.779678,Chopped,CarrotTop_Choppable_C_2147482322
147.601456,Chopped,CarrotTopQuarter2_Choppable_C_2147482317
149.000824,Chopped,CarrotBotton_Choppable_C_2147482321
149.912323,Chopped,CarrotTop_Choppable_C_2147482324
151.945129,Right Hand Released,Knife_C_4
153.033554,Right Hand Grab,CarrotBottomQuarter2_Choppable_C_2147482319
155.012833,Right Hand Released,CarrotBottomQuarter2_Choppable_C_2147482319
155.705246,Right Hand Grab,CarrotBottomQuarter2_Choppable_C_2147482315
156.610229,Right Hand Released,CarrotBottomQuarter2_Choppable_C_2147482315
157.243439,Right Hand Grab,CarrotTopQuarter2_Choppable_C_2147482317
158.088684,Right Hand Released,CarrotTopQuarter2_Choppable_C_2147482317
158.767014,Right Hand Grab,CarrotTopQuarter1_Choppable_C_2147482318
159.534103,Right Hand Released,CarrotTopQuarter1_Choppable_C_2147482318
160.122513,Right Hand Grab,CarrotBottomQuarter1_Choppable_C_2147482316
160.900009,Right Hand Released,CarrotBottomQuarter1_Choppable_C_2147482316
161.48732,Right Hand Grab,CarrotTopQuarter1_Choppable_C_2147482314
162.365311,Right Hand Released,CarrotTopQuarter1_Choppable_C_2147482314
163.199524,Right Hand Grab,CarrotTopQuarter2_Choppable_C_2147482313
164.006989,Right Hand Released,CarrotTopQuarter2_Choppable_C_2147482313
164.650421,Right Hand Grab,CarrotBottomQuarter1_Choppable_C_2147482320
165.449799,Right Hand Released,CarrotBottomQuarter1_Choppable_C_2147482320
167.176437,Right Hand Grab,BeefStewCookbook_C_0
169.476624,Right Hand Grab,PepperShakerGrabableSimple_C_2147482364
175.706726,Right Hand Released,PepperShakerGrabableSimple_C_2147482364
177.883957,Right Hand Grab,SaltShakerGrabableSimple_C_2147482365
183.825516,Right Hand Released,SaltShakerGrabableSimple_C_2147482365
185.861496,Right Hand Grab,PepperShakerGrabableSimple_C_2147482364
186.638809,Right Hand Released,PepperShakerGrabableSimple_C_2147482364
187.316147,Right Hand Grab,SaltShakerGrabableSimple_C_2147482365
188.527603,Right Hand Released,SaltShakerGrabableSimple_C_2147482365
192.639023,Right Hand Grab,None
193.83461,Right Hand Grab,StirSpoonSimple_C_2147482368
202.448868,Right Hand Released,StirSpoonSimple_C_2147482368
204.500549,Right Hand Grab,None
205.721893,Right Hand Grab,BeefStewCookbook_C_0
216.509155,Right Hand Grab,NewLadleSimple_C_2147482312
223.56369,Right Hand Released,NewLadleSimple_C_2147482312
225.644028,Right Hand Grab,BeefStewCookbook_C_0
230.096512,Right Hand Grab,StewBowlSimple_C_2147482310
230.108032,Left Hand Grab,StewBowlSimple_C_2147482310
