Session Time,Action Type,Interacted Object
102.500168,Right Hand Grab,BeefStewCookbook_C_0
116.874474,Right Hand Grab,BrothParent_C_2147482378
134.913773,Right Hand Released,BrothParent_C_2147482378
138.969864,Right Hand Grab,None
141.783066,Right Hand Grab,BeefStewCookbook_C_0
147.721573,Right Hand Grab,Meat_Choppable_C_2147482400
149.232864,Right Hand Released,Meat_Choppable_C_2147482400
153.39064,Right Hand Grab,Knife_C_4
155.766998,Chopped,Meat_Choppable_C_2147482400
156.666992,Chopped,Meat_HalfLeft_Choppable_C_2147482371
157.600647,Chopped,Meat_HalfLeft_Choppable_C_2147482371
158.311874,Right Hand Released,Knife_C_4
166.008865,Right Hand Grab,Meat_HalfRight_Choppable_C_2147482370
167.388275,Right Hand Released,Meat_HalfRight_Choppable_C_2147482370
168.208908,Right Hand Grab,None
169.175995,Right Hand Grab,Meat_QuarterLeft2_C_2147482368
170.532608,Right Hand Released,Meat_QuarterLeft2_C_2147482368
171.819977,Right Hand Grab,Meat_QuarterLeft1_C_2147482369
172.609299,Right Hand Released,Meat_QuarterLeft1_C_2147482369
173.241791,Right Hand Grab,None
174.274872,Right Hand Grab,Meat_QuarterLeft2_C_2147482368
176.219101,Right Hand Released,Meat_QuarterLeft2_C_2147482368
177.451065,Right Hand Grab,Meat_QuarterLeft1_C_2147482369
182.42691,Right Hand Grab,Knife_C_4
184.83992,Chopped,Meat_HalfRight_Choppable_C_2147482370
187.106689,Right Hand Released,Knife_C_4
188.572372,Right Hand Grab,Meat_QuarterRight1_C_2147482367
191.061874,Right Hand Released,Meat_QuarterRight1_C_2147482367
192.703461,Right Hand Grab,Meat_QuarterRight2_C_2147482366
194.370743,Right Hand Released,Meat_QuarterRight2_C_2147482366
197.656021,Right Hand Grab,Meat_Choppable_C_2147482372
199.056747,Right Hand Released,Meat_Choppable_C_2147482372
200.768616,Right Hand Grab,None
202.0569,Right Hand Grab,None
203.112427,Right Hand Grab,None
204.145676,Right Hand Grab,Knife_C_4
206.290176,Chopped,Meat_Choppable_C_2147482372
207.601074,Chopped,Meat_HalfLeft_Choppable_C_2147482364
208.989532,Chopped,Meat_QuarterLeft1_C_2147482362
210.455429,Chopped,Meat_QuarterLeft1_C_2147482362
211.411865,Chopped,Meat_HalfRight_Choppable_C_2147482363
212.63324,Right Hand Released,Knife_C_4
213.978531,Right Hand Grab,Meat_QuarterRight1_C_2147482360
215.800522,Right Hand Released,Meat_QuarterRight1_C_2147482360
217.13414,Right Hand Grab,Meat_QuarterRight2_C_2147482359
218.789886,Right Hand Released,Meat_QuarterRight2_C_2147482359
219.833466,Right Hand Grab,None
220.799301,Right Hand Grab,Meat_QuarterLeft2_C_2147482361
222.364868,Right Hand Released,Meat_QuarterLeft2_C_2147482361
223.442368,Right Hand Grab,Meat_QuarterLeft1_C_2147482362
225.132706,Right Hand Released,Meat_QuarterLeft1_C_2147482362
231.31868,Right Hand Grab,BeefStewCookbook_C_0
236.728577,Right Hand Grab,None
239.828308,Right Hand Grab,Onion_Choppable_C_2147482392
241.261765,Right Hand Released,Onion_Choppable_C_2147482392
244.285202,Right Hand Grab,Onion_Choppable_C_2147482389
246.104431,Right Hand Released,Onion_Choppable_C_2147482389
251.047852,Right Hand Grab,None
252.73616,Right Hand Grab,Knife_C_4
254.202606,Chopped,Onion_Choppable_C_2147482389
255.346405,Chopped,Onion_Choppable_C_2147482392
256.391937,Chopped,Onion_Peeled_C_2147482356
257.480988,Chopped,Onion_Peeled_C_2147482355
259.046509,Right Hand Released,Knife_C_4
263.324554,Right Hand Grab,Onion_Half_C_2147482352
265.047058,Right Hand Released,Onion_Half_C_2147482352
266.169617,Right Hand Grab,Onion_Half2_C_2147482351
267.692291,Right Hand Released,Onion_Half2_C_2147482351
268.824768,Right Hand Grab,Onion_Half_C_2147482354
271.613281,Right Hand Released,Onion_Half_C_2147482354
272.646729,Right Hand Grab,Onion_Half2_C_2147482353
274.113617,Right Hand Released,Onion_Half2_C_2147482353
278.121979,Right Hand Grab,BeefStewCookbook_C_0
281.977051,Right Hand Grab,None
283.055786,Right Hand Grab,Tomato_Choppable_C_2147482397
284.510864,Right Hand Released,Tomato_Choppable_C_2147482397
285.864624,Right Hand Grab,Tomato_Choppable_C_2147482394
287.509705,Right Hand Released,Tomato_Choppable_C_2147482394
290.407196,Right Hand Grab,Knife_C_4
291.497955,Chopped,Tomato_Choppable_C_2147482394
292.309082,Chopped,Tomato_Choppable_C_2147482397
293.596252,Right Hand Released,Knife_C_4
295.128601,Right Hand Grab,Tomato_BottomHalf_Choppable_C_2147482347
296.797089,Right Hand Released,Tomato_BottomHalf_Choppable_C_2147482347
298.175751,Right Hand Grab,Tomato_TopHalf_Choppable_C_2147482348
299.54187,Right Hand Released,Tomato_TopHalf_Choppable_C_2147482348
300.773163,Right Hand Grab,Tomato_BottomHalf_Choppable_C_2147482345
301.986023,Right Hand Released,Tomato_BottomHalf_Choppable_C_2147482345
303.185425,Right Hand Grab,Tomato_TopHalf_Choppable_C_2147482346
304.417603,Right Hand Released,Tomato_TopHalf_Choppable_C_2147482346
307.68454,Right Hand Grab,BeefStewCookbook_C_0
312.571198,Right Hand Grab,Potato_Choppable_C_2147482410
312.803467,Right Hand Released,Potato_Choppable_C_2147482410
313.8367,Right Hand Grab,None
314.991882,Right Hand Grab,Potato_Choppable_C_2147482410
317.325623,Right Hand Released,Potato_Choppable_C_2147482410
318.880798,Right Hand Grab,Potato_Choppable_C_2147482408
320.724854,Right Hand Released,Potato_Choppable_C_2147482408
324.611511,Right Hand Grab,Knife_C_4
325.690582,Chopped,Potato_Choppable_C_2147482408
326.625275,Chopped,Potato_Choppable_C_2147482410
327.578735,Right Hand Released,Knife_C_4
329.468079,Right Hand Grab,Potato_BottomHalf_Choppable_C_2147482341
331.002228,Right Hand Released,Potato_BottomHalf_Choppable_C_2147482341
332.068848,Right Hand Grab,Potato_TopHalf_Choppable_C_2147482342
333.569031,Right Hand Released,Potato_TopHalf_Choppable_C_2147482342
334.690948,Right Hand Grab,Potato_TopHalf_Choppable_C_2147482340
336.122864,Right Hand Released,Potato_TopHalf_Choppable_C_2147482340
337.944,Right Hand Grab,Potato_BottomHalf_Choppable_C_2147482339
339.145477,Right Hand Released,Potato_BottomHalf_Choppable_C_2147482339
342.044342,Right Hand Grab,BeefStewCookbook_C_0
347.997009,Right Hand Grab,Carrot_Choppable_C_2147482405
349.164398,Right Hand Released,Carrot_Choppable_C_2147482405
350.320221,Right Hand Grab,Carrot_Choppable_C_2147482402
351.541962,Right Hand Released,Carrot_Choppable_C_2147482402
355.018585,Right Hand Grab,Knife_C_4
355.819092,Chopped,Carrot_Choppable_C_2147482402
356.552979,Chopped,CarrotBotton_Choppable_C_2147482335
358.609497,Chopped,CarrotTop_Choppable_C_2147482336
359.784546,Chopped,CarrotBotton_Choppable_C_2147482335
360.640442,Chopped,CarrotTopQuarter1_Choppable_C_2147482334
361.707275,Chopped,CarrotTopQuarter1_Choppable_C_2147482334
362.307068,Chopped,Carrot_Choppable_C_2147482405
362.951477,Chopped,CarrotBotton_Choppable_C_2147482329
363.550598,Chopped,CarrotBotton_Choppable_C_2147482329
364.161804,Chopped,CarrotBottomQuarter1_Choppable_C_2147482328
364.740265,Chopped,CarrotBottomQuarter1_Choppable_C_2147482328
365.382965,Chopped,CarrotTop_Choppable_C_2147482330
366.716614,Right Hand Released,Knife_C_4
368.858276,Right Hand Grab,CarrotBottomQuarter2_Choppable_C_2147482331
370.08493,Right Hand Released,CarrotBottomQuarter2_Choppable_C_2147482331
371.061462,Right Hand Grab,CarrotBottomQuarter1_Choppable_C_2147482332
372.247162,Right Hand Released,CarrotBottomQuarter1_Choppable_C_2147482332
373.171326,Right Hand Grab,CarrotTopQuarter1_Choppable_C_2147482334
374.324646,Right Hand Released,CarrotTopQuarter1_Choppable_C_2147482334
375.325836,Right Hand Grab,CarrotTopQuarter2_Choppable_C_2147482333
376.571716,Right Hand Released,CarrotTopQuarter2_Choppable_C_2147482333
379.081543,Right Hand Grab,CarrotBottomQuarter2_Choppable_C_2147482327
380.415955,Right Hand Released,CarrotBottomQuarter2_Choppable_C_2147482327
381.248688,Right Hand Grab,CarrotTopQuarter2_Choppable_C_2147482325
382.347198,Right Hand Released,CarrotTopQuarter2_Choppable_C_2147482325
383.070557,Right Hand Grab,CarrotBottomQuarter1_Choppable_C_2147482328
384.170471,Right Hand Released,CarrotBottomQuarter1_Choppable_C_2147482328
385.070709,Right Hand Grab,CarrotTopQuarter1_Choppable_C_2147482326
386.324951,Right Hand Released,CarrotTopQuarter1_Choppable_C_2147482326
390.289978,Left Hand Grab,BeefStewCookbook_C_0
396.221039,Right Hand Grab,PepperShakerGrabableSimple_C_2147482376
408.756622,Right Hand Released,PepperShakerGrabableSimple_C_2147482376
411.054199,Right Hand Grab,SaltShakerGrabableSimple_C_2147482377
417.010071,Right Hand Released,SaltShakerGrabableSimple_C_2147482377
421.017853,Right Hand Grab,StirSpoonSimple_C_2147482380
433.549316,Right Hand Released,StirSpoonSimple_C_2147482380
436.483337,Right Hand Grab,BeefStewCookbook_C_0
445.246307,Right Hand Grab,Knife_C_4
446.812988,Right Hand Released,Knife_C_4
447.368408,Right Hand Grab,None
450.369293,Right Hand Grab,NewLadleSimple_C_2147482324
458.055664,Right Hand Released,NewLadleSimple_C_2147482324
463.03009,Right Hand Grab,BeefStewCookbook_C_0
472.151245,Right Hand Grab,Exit_C_1
