Session Time,Action Type,Interacted Object
26.509527,Right Hand Grab,None
26.776066,Right Hand Grab,None
41.927757,Right Hand Grab,None
42.428146,Right Hand Grab,None
42.816616,Right Hand Grab,None
43.50555,Left Hand Grab,None
43.606056,Right Hand Grab,None
43.994595,Left Hand Grab,None
44.294662,Left Hand Grab,None
44.883778,Left Hand Grab,None
45.250069,Left Hand Grab,None
45.615673,Left Hand Grab,None
45.904865,Left Hand Grab,None
46.805058,Right Hand Grab,None
47.259941,Right Hand Grab,None
65.656754,Left Hand Grab,BeefStewCookbook_C_0
65.767807,Right Hand Grab,None
109.540993,Right Hand Grab,BeefStewCookbook_C_0
119.025406,Right Hand Grab,Meat_Choppable_C_2147482400
119.103004,Left Hand Grab,Meat_Choppable_C_2147482400
121.135559,Right Hand Released,Meat_Choppable_C_2147482400
121.157349,Left Hand Released,Meat_Choppable_C_2147482400
152.485901,Right Hand Grab,Knife_C_4
154.785645,Chopped,Meat_Choppable_C_2147482400
155.530609,Right Hand Released,Knife_C_4
208.209915,Right Hand Grab,Knife_C_4
209.461472,Chopped,Meat_HalfRight_Choppable_C_2147482372
212.02121,Chopped,Meat_QuarterRight2_C_2147482370
214.119354,Chopped,Meat_QuarterRight1_C_2147482371
216.73114,Chopped,Meat_QuarterRight2_C_2147482370
219.363693,Right Hand Released,Knife_C_4
221.220169,Right Hand Grab,Knife_C_4
222.486099,Chopped,Meat_HalfLeft_Choppable_C_2147482373
223.297546,Chopped,Meat_QuarterLeft2_C_2147482368
224.196869,Right Hand Released,Knife_C_4
227.839737,Right Hand Grab,Meat_QuarterRight1_C_2147482371
232.503708,Right Hand Released,Meat_QuarterRight1_C_2147482371
239.350723,Right Hand Grab,Meat_QuarterLeft2_C_2147482368
241.106796,Right Hand Released,Meat_QuarterLeft2_C_2147482368
242.549103,Right Hand Grab,Meat_QuarterRight2_C_2147482370
244.118027,Right Hand Released,Meat_QuarterRight2_C_2147482370
245.770905,Right Hand Grab,Meat_QuarterLeft1_C_2147482369
247.160645,Right Hand Released,Meat_QuarterLeft1_C_2147482369
250.69014,Right Hand Grab,Meat_Choppable_C_2147482374
252.220154,Right Hand Released,Meat_Choppable_C_2147482374
253.07901,Right Hand Grab,Knife_C_4
254.062332,Chopped,Meat_Choppable_C_2147482374
255.662521,Chopped,Meat_HalfLeft_Choppable_C_2147482366
257.032196,Chopped,Meat_QuarterLeft1_C_2147482364
257.966156,Right Hand Released,Knife_C_4
259.446167,Right Hand Grab,Meat_HalfRight_Choppable_C_2147482365
261.067993,Right Hand Released,Meat_HalfRight_Choppable_C_2147482365
262.167084,Right Hand Grab,Knife_C_4
263.480499,Chopped,Meat_HalfRight_Choppable_C_2147482365
264.243408,Chopped,Meat_QuarterRight1_C_2147482362
264.910004,Chopped,Meat_QuarterRight1_C_2147482362
265.121185,Right Hand Released,Knife_C_4
266.635193,Right Hand Grab,Meat_QuarterRight2_C_2147482361
269.210114,Right Hand Released,Meat_QuarterRight2_C_2147482361
270.55661,Right Hand Grab,Meat_QuarterRight1_C_2147482362
271.943756,Right Hand Released,Meat_QuarterRight1_C_2147482362
273.076477,Right Hand Grab,Meat_QuarterLeft2_C_2147482363
274.597229,Right Hand Released,Meat_QuarterLeft2_C_2147482363
275.600464,Right Hand Grab,Meat_QuarterLeft1_C_2147482364
276.98941,Right Hand Released,Meat_QuarterLeft1_C_2147482364
284.122284,Right Hand Grab,BeefStewCookbook_C_0
289.070587,Right Hand Grab,Onion_Choppable_C_2147482392
290.870636,Right Hand Released,Onion_Choppable_C_2147482392
330.063965,Right Hand Grab,Knife_C_4
331.365967,Chopped,Onion_Choppable_C_2147482392
333.188202,Right Hand Released,Knife_C_4
334.193359,Right Hand Grab,Onion_Peeled_C_2147482359
335.381317,Right Hand Released,Onion_Peeled_C_2147482359
336.18396,Right Hand Grab,Knife_C_4
336.997223,Chopped,Onion_Peeled_C_2147482359
337.508179,Chopped,Onion_Half2_C_2147482357
338.05249,Right Hand Released,Knife_C_4
339.441742,Right Hand Grab,Onion_Half_C_2147482358
341.063873,Right Hand Released,Onion_Half_C_2147482358
342.198029,Right Hand Grab,Onion_Half2_C_2147482357
343.421783,Right Hand Released,Onion_Half2_C_2147482357
345.083435,Right Hand Grab,Onion_Choppable_C_2147482389
346.51709,Right Hand Released,Onion_Choppable_C_2147482389
347.242493,Right Hand Grab,Knife_C_4
347.851746,Chopped,Onion_Choppable_C_2147482389
348.751709,Right Hand Released,Knife_C_4
350.178162,Right Hand Grab,Knife_C_4
351.281738,Chopped,Onion_Peeled_C_2147482355
352.098358,Right Hand Released,Knife_C_4
353.029388,Right Hand Grab,Onion_Half_C_2147482354
354.228333,Right Hand Released,Onion_Half_C_2147482354
355.08725,Right Hand Grab,Onion_Half2_C_2147482353
356.041809,Right Hand Released,Onion_Half2_C_2147482353
361.017273,Right Hand Grab,BeefStewCookbook_C_0
364.458557,Right Hand Grab,Tomato_Choppable_C_2147482394
365.80246,Right Hand Released,Tomato_Choppable_C_2147482394
366.803802,Right Hand Grab,Tomato_Choppable_C_2147482352
368.754089,Right Hand Released,Tomato_Choppable_C_2147482352
369.666687,Right Hand Grab,Knife_C_4
370.23526,Chopped,Tomato_Choppable_C_2147482352
373.245667,Right Hand Released,Knife_C_4
374.523163,Right Hand Grab,Knife_C_4
375.157562,Chopped,Tomato_Choppable_C_2147482394
375.767975,Chopped,Tomato_BottomHalf_Choppable_C_2147482347
376.557434,Right Hand Released,Knife_C_4
377.333771,Right Hand Grab,Tomato_BottomHalf_Choppable_C_2147482349
378.52121,Right Hand Released,Tomato_BottomHalf_Choppable_C_2147482349
379.445923,Right Hand Grab,Tomato_TopHalf_Choppable_C_2147482350
380.521332,Right Hand Released,Tomato_TopHalf_Choppable_C_2147482350
381.322754,Right Hand Grab,Tomato_BottomHalf_Choppable_C_2147482347
382.022339,Right Hand Released,Tomato_BottomHalf_Choppable_C_2147482347
382.411865,Right Hand Grab,Tomato_BottomHalf_Choppable_C_2147482347
382.878998,Right Hand Released,Tomato_BottomHalf_Choppable_C_2147482347
383.222839,Right Hand Grab,Knife_C_4
383.78891,Chopped,Tomato_TopHalf_Choppable_C_2147482348
385.944153,Chopped,Tomato_BottomHalf_Choppable_C_2147482347
386.088531,Right Hand Released,Knife_C_4
387.842133,Right Hand Grab,Knife_C_4
388.810547,Right Hand Released,Knife_C_4
389.475952,Right Hand Grab,Knife_C_4
389.687408,Chopped,Tomato_TopHalf_Choppable_C_2147482348
390.243378,Chopped,Tomato_TopHalf_Choppable_C_2147482348
391.496552,Chopped,Tomato_BottomHalf_Choppable_C_2147482347
391.985565,Right Hand Released,Knife_C_4
393.75296,Right Hand Grab,Tomato_BottomHalf_Choppable_C_2147482347
394.369324,Right Hand Released,Tomato_BottomHalf_Choppable_C_2147482347
394.758087,Right Hand Grab,Tomato_BottomHalf_Choppable_C_2147482347
395.378052,Right Hand Released,Tomato_BottomHalf_Choppable_C_2147482347
397.115692,Right Hand Grab,Knife_C_4
397.238007,Chopped,Tomato_BottomHalf_Choppable_C_2147482347
398.015137,Right Hand Released,Knife_C_4
399.118866,Right Hand Grab,Tomato_BottomHalf_Choppable_C_2147482347
399.707977,Right Hand Released,Tomato_BottomHalf_Choppable_C_2147482347
400.051392,Right Hand Grab,Tomato_BottomHalf_Choppable_C_2147482347
400.708008,Right Hand Released,Tomato_BottomHalf_Choppable_C_2147482347
401.207855,Right Hand Grab,Tomato_BottomHalf_Choppable_C_2147482347
401.762695,Right Hand Released,Tomato_BottomHalf_Choppable_C_2147482347
406.85083,Left Hand Grab,None
407.562286,Left Hand Grab,Tomato_TopHalf_Choppable_C_2147482348
409.883453,Left Hand Released,Tomato_TopHalf_Choppable_C_2147482348
414.594177,Right Hand Grab,Tomato_Choppable_C_2147482351
416.270081,Right Hand Released,Tomato_Choppable_C_2147482351
416.891998,Right Hand Grab,Knife_C_4
417.747528,Chopped,Tomato_Choppable_C_2147482351
418.53772,Right Hand Released,Knife_C_4
419.71347,Right Hand Grab,Tomato_TopHalf_Choppable_C_2147482345
421.237671,Right Hand Released,Tomato_TopHalf_Choppable_C_2147482345
423.583221,Right Hand Grab,BeefStewCookbook_C_0
425.991455,Right Hand Grab,Potato_Choppable_C_2147482410
427.66748,Right Hand Released,Potato_Choppable_C_2147482410
428.313324,Right Hand Grab,Potato_Choppable_C_2147482410
429.291809,Right Hand Released,Potato_Choppable_C_2147482410
430.034882,Right Hand Grab,Knife_C_4
430.833191,Chopped,Potato_Choppable_C_2147482410
432.511536,Right Hand Released,Knife_C_4
433.31955,Right Hand Grab,Potato_TopHalf_Choppable_C_2147482342
434.739868,Right Hand Released,Potato_TopHalf_Choppable_C_2147482342
435.544128,Right Hand Grab,Potato_BottomHalf_Choppable_C_2147482341
436.612183,Right Hand Released,Potato_BottomHalf_Choppable_C_2147482341
437.303558,Right Hand Grab,Tomato_BottomHalf_Choppable_C_2147482344
438.590057,Right Hand Released,Tomato_BottomHalf_Choppable_C_2147482344
440.854187,Right Hand Grab,Potato_Choppable_C_2147482343
442.254303,Right Hand Released,Potato_Choppable_C_2147482343
442.78714,Right Hand Grab,Potato_Choppable_C_2147482343
443.88913,Right Hand Released,Potato_Choppable_C_2147482343
444.754395,Right Hand Grab,Knife_C_4
445.464203,Chopped,Potato_Choppable_C_2147482343
446.410156,Right Hand Released,Knife_C_4
447.47641,Right Hand Grab,Knife_C_4
448.298492,Right Hand Released,Knife_C_4
448.965118,Right Hand Grab,Knife_C_4
449.598846,Chopped,Potato_TopHalf_Choppable_C_2147482338
451.820679,Right Hand Released,Knife_C_4
452.999207,Right Hand Grab,Potato_BottomHalf_Choppable_C_2147482337
454.375519,Right Hand Released,Potato_BottomHalf_Choppable_C_2147482337
455.137817,Right Hand Grab,Potato_TopHalf_Choppable_C_2147482338
456.026154,Right Hand Released,Potato_TopHalf_Choppable_C_2147482338
457.813232,Right Hand Grab,BeefStewCookbook_C_0
460.683441,Right Hand Grab,Carrot_Choppable_C_2147482405
463.029205,Right Hand Released,Carrot_Choppable_C_2147482405
464.895294,Right Hand Grab,Knife_C_4
465.658386,Chopped,Carrot_Choppable_C_2147482405
466.414032,Right Hand Released,Knife_C_4
467.781311,Right Hand Grab,Knife_C_4
468.959961,Chopped,CarrotBotton_Choppable_C_2147482334
470.025665,Right Hand Released,Knife_C_4
471.926727,Right Hand Grab,Knife_C_4
472.849731,Chopped,CarrotTop_Choppable_C_2147482335
473.839081,Right Hand Released,Knife_C_4
474.781769,Right Hand Grab,CarrotBottomQuarter2_Choppable_C_2147482332
476.104279,Right Hand Released,CarrotBottomQuarter2_Choppable_C_2147482332
476.89447,Right Hand Grab,Knife_C_4
478.335052,Right Hand Released,Knife_C_4
479.13562,Right Hand Grab,Tomato_BottomHalf_Choppable_C_2147482347
479.725067,Right Hand Released,Tomato_BottomHalf_Choppable_C_2147482347
480.079346,Right Hand Grab,Tomato_BottomHalf_Choppable_C_2147482347
480.846954,Right Hand Released,Tomato_BottomHalf_Choppable_C_2147482347
481.547974,Left Hand Grab,CarrotBottomQuarter1_Choppable_C_2147482333
483.615753,Left Hand Released,CarrotBottomQuarter1_Choppable_C_2147482333
485.138702,Left Hand Grab,CarrotTopQuarter1_Choppable_C_2147482331
486.614685,Left Hand Released,CarrotTopQuarter1_Choppable_C_2147482331
487.731964,Left Hand Grab,CarrotTopQuarter2_Choppable_C_2147482330
489.154602,Left Hand Released,CarrotTopQuarter2_Choppable_C_2147482330
492.302002,Right Hand Grab,Carrot_Choppable_C_2147482401
493.809814,Right Hand Released,Carrot_Choppable_C_2147482401
494.409241,Right Hand Grab,Knife_C_4
495.097626,Chopped,Carrot_Choppable_C_2147482401
495.931122,Right Hand Released,Knife_C_4
497.111786,Right Hand Grab,Knife_C_4
497.563416,Chopped,CarrotBotton_Choppable_C_2147482327
498.230103,Right Hand Released,Knife_C_4
498.885773,Right Hand Grab,Knife_C_4
499.46579,Chopped,CarrotBottomQuarter1_Choppable_C_2147482326
501.123383,Chopped,CarrotBottomQuarter1_Choppable_C_2147482326
501.645813,Right Hand Released,Knife_C_4
502.423004,Right Hand Grab,Knife_C_4
503.444977,Right Hand Released,Knife_C_4
504.188416,Right Hand Grab,CarrotBottomQuarter2_Choppable_C_2147482325
505.32196,Right Hand Released,CarrotBottomQuarter2_Choppable_C_2147482325
506.177917,Right Hand Grab,CarrotBottomQuarter1_Choppable_C_2147482326
507.124695,Right Hand Released,CarrotBottomQuarter1_Choppable_C_2147482326
507.956573,Right Hand Grab,CarrotTop_Choppable_C_2147482328
508.855225,Right Hand Released,CarrotTop_Choppable_C_2147482328
509.522736,Right Hand Grab,Knife_C_4
510.254883,Chopped,CarrotTop_Choppable_C_2147482328
512.454224,Right Hand Released,Knife_C_4
513.409973,Right Hand Grab,CarrotTopQuarter2_Choppable_C_2147482323
514.948364,Right Hand Released,CarrotTopQuarter2_Choppable_C_2147482323
516.645508,Right Hand Grab,Tomato_BottomHalf_Choppable_C_2147482347
517.441956,Right Hand Released,Tomato_BottomHalf_Choppable_C_2147482347
518.362854,Left Hand Grab,Tomato_BottomHalf_Choppable_C_2147482347
519.052429,Left Hand Released,Tomato_BottomHalf_Choppable_C_2147482347
519.364258,Left Hand Grab,Tomato_BottomHalf_Choppable_C_2147482347
520.219849,Left Hand Released,Tomato_BottomHalf_Choppable_C_2147482347
520.730652,Right Hand Grab,Tomato_BottomHalf_Choppable_C_2147482347
521.352783,Right Hand Released,Tomato_BottomHalf_Choppable_C_2147482347
521.864441,Right Hand Grab,Tomato_BottomHalf_Choppable_C_2147482347
522.497314,Right Hand Released,Tomato_BottomHalf_Choppable_C_2147482347
529.282776,Right Hand Grab,Tomato_BottomHalf_Choppable_C_2147482347
529.783142,Right Hand Released,Tomato_BottomHalf_Choppable_C_2147482347
530.305359,Right Hand Grab,Knife_C_4
530.773254,Chopped,CarrotTopQuarter1_Choppable_C_2147482324
531.55127,Right Hand Released,Knife_C_4
532.671631,Left Hand Grab,Carrot_Choppable_C_2147482329
535.136475,Left Hand Released,Carrot_Choppable_C_2147482329
535.825256,Right Hand Grab,Tomato_BottomHalf_Choppable_C_2147482347
536.403015,Right Hand Released,Tomato_BottomHalf_Choppable_C_2147482347
536.791931,Right Hand Grab,Carrot_Choppable_C_2147482329
537.525879,Right Hand Released,Carrot_Choppable_C_2147482329
538.147583,Right Hand Grab,Carrot_Choppable_C_2147482329
538.659973,Right Hand Released,Carrot_Choppable_C_2147482329
539.581055,Right Hand Grab,Carrot_Choppable_C_2147482329
540.12616,Right Hand Released,Carrot_Choppable_C_2147482329
541.069824,Right Hand Grab,Carrot_Choppable_C_2147482329
542.236145,Right Hand Released,Carrot_Choppable_C_2147482329
543.202942,Right Hand Grab,Carrot_Choppable_C_2147482329
544.303345,Right Hand Released,Carrot_Choppable_C_2147482329
544.803101,Right Hand Grab,Tomato_BottomHalf_Choppable_C_2147482347
545.31366,Right Hand Released,Tomato_BottomHalf_Choppable_C_2147482347
546.403381,Right Hand Grab,Tomato_BottomHalf_Choppable_C_2147482347
547.013977,Right Hand Released,Tomato_BottomHalf_Choppable_C_2147482347
547.83606,Left Hand Grab,Tomato_BottomHalf_Choppable_C_2147482347
548.446777,Left Hand Released,Tomato_BottomHalf_Choppable_C_2147482347
549.435242,Right Hand Grab,Tomato_BottomHalf_Choppable_C_2147482347
550.633667,Right Hand Released,Tomato_BottomHalf_Choppable_C_2147482347
552.179199,Right Hand Grab,Tomato_BottomHalf_Choppable_C_2147482347
552.957214,Right Hand Released,Tomato_BottomHalf_Choppable_C_2147482347
553.700745,Right Hand Grab,BeefStewCookbook_C_0
559.942505,Right Hand Grab,PepperShakerGrabableSimple_C_2147482376
561.210632,Right Hand Released,PepperShakerGrabableSimple_C_2147482376
562.036987,Right Hand Grab,SaltShakerGrabableSimple_C_2147482377
566.178162,Right Hand Released,SaltShakerGrabableSimple_C_2147482377
567.166077,Right Hand Grab,PepperShakerGrabableSimple_C_2147482376
571.754639,Right Hand Released,PepperShakerGrabableSimple_C_2147482376
572.920898,Right Hand Grab,StirSpoonSimple_C_2147482380
580.37384,Right Hand Released,StirSpoonSimple_C_2147482380
581.19635,Right Hand Grab,PepperShakerGrabableSimple_C_2147482376
582.216553,Right Hand Released,PepperShakerGrabableSimple_C_2147482376
586.331116,Right Hand Grab,BeefStewCookbook_C_0
