Session Time,Action Type,Interacted Object
35.578686,Right Hand Grab,None
36.211849,Right Hand Grab,None
39.739067,Right Hand Grab,BeefStewCookbook_C_0
46.720184,Right Hand Grab,None
48.865776,Right Hand Grab,None
49.464867,Right Hand Grab,BrothParent_C_2147482378
63.94767,Right Hand Released,BrothParent_C_2147482378
64.625153,Right Hand Grab,BrothParent_C_2147482378
65.49913,Right Hand Released,BrothParent_C_2147482378
68.816528,Right Hand Grab,BeefStewCookbook_C_0
74.462822,Right Hand Grab,Meat_Choppable_C_2147482400
75.382133,Right Hand Released,Meat_Choppable_C_2147482400
76.736267,Right Hand Grab,Knife_C_4
77.713097,Chopped,Meat_Choppable_C_2147482400
78.272545,Chopped,Meat_HalfLeft_Choppable_C_2147482371
79.309456,Chopped,Meat_HalfRight_Choppable_C_2147482370
79.910011,Chopped,Meat_QuarterRight1_C_2147482369
80.566826,Chopped,Meat_QuarterRight1_C_2147482369
81.15493,Chopped,Meat_QuarterRight1_C_2147482369
82.380013,Chopped,Meat_QuarterRight1_C_2147482369
82.647446,Right Hand Released,Knife_C_4
85.228264,Right Hand Grab,Knife_C_4
86.039474,Chopped,Meat_QuarterRight1_C_2147482369
86.680733,Chopped,Meat_HalfLeft_Choppable_C_2147482371
87.757347,Chopped,Meat_QuarterRight1_C_2147482369
88.16832,Right Hand Released,Knife_C_4
88.646454,Right Hand Grab,Meat_QuarterLeft2_C_2147482366
89.490883,Right Hand Released,Meat_QuarterLeft2_C_2147482366
89.780006,Right Hand Grab,Meat_QuarterRight2_C_2147482368
90.380173,Right Hand Released,Meat_QuarterRight2_C_2147482368
91.202477,Right Hand Grab,Meat_Choppable_C_2147482372
92.455711,Right Hand Released,Meat_Choppable_C_2147482372
92.935104,Right Hand Grab,Knife_C_4
93.034035,Chopped,Meat_QuarterRight2_C_2147482368
93.949379,Chopped,Meat_QuarterLeft2_C_2147482366
94.573158,Chopped,Meat_QuarterRight2_C_2147482368
95.256111,Right Hand Released,Knife_C_4
95.700478,Right Hand Grab,Meat_Choppable_C_2147482372
96.689888,Right Hand Released,Meat_Choppable_C_2147482372
97.245079,Right Hand Grab,Knife_C_4
97.715187,Chopped,Meat_Choppable_C_2147482372
98.352028,Chopped,Meat_HalfRight_Choppable_C_2147482363
98.896461,Chopped,Meat_HalfRight_Choppable_C_2147482363
99.830612,Right Hand Released,Knife_C_4
100.363197,Right Hand Grab,Meat_QuarterRight1_C_2147482362
100.970612,Right Hand Released,Meat_QuarterRight1_C_2147482362
101.407127,Right Hand Grab,Meat_QuarterRight2_C_2147482361
101.840813,Right Hand Released,Meat_QuarterRight2_C_2147482361
102.263123,Right Hand Grab,Meat_HalfLeft_Choppable_C_2147482364
103.273308,Right Hand Released,Meat_HalfLeft_Choppable_C_2147482364
103.843407,Right Hand Grab,Meat_QuarterRight1_C_2147482362
104.803551,Right Hand Released,Meat_QuarterRight1_C_2147482362
105.325195,Right Hand Grab,Meat_QuarterRight1_C_2147482362
106.407234,Right Hand Released,Meat_QuarterRight1_C_2147482362
107.083801,Right Hand Grab,Knife_C_4
107.708237,Chopped,Meat_QuarterRight1_C_2147482369
108.38546,Chopped,Meat_HalfLeft_Choppable_C_2147482364
108.997833,Chopped,Meat_QuarterLeft2_C_2147482359
109.652534,Right Hand Released,Knife_C_4
110.252373,Right Hand Grab,Meat_QuarterLeft2_C_2147482359
110.831001,Right Hand Released,Meat_QuarterLeft2_C_2147482359
115.009796,Right Hand Grab,Meat_QuarterRight1_C_2147482369
116.864861,Right Hand Released,Meat_QuarterRight1_C_2147482369
118.017715,Right Hand Grab,Meat_QuarterRight2_C_2147482368
119.000267,Right Hand Released,Meat_QuarterRight2_C_2147482368
119.985367,Right Hand Grab,None
120.829086,Right Hand Grab,Meat_QuarterLeft2_C_2147482366
121.662292,Right Hand Released,Meat_QuarterLeft2_C_2147482366
122.907227,Right Hand Grab,Meat_QuarterLeft1_C_2147482367
125.827515,Right Hand Released,Meat_QuarterLeft1_C_2147482367
129.000793,Right Hand Grab,Meat_QuarterLeft2_C_2147482359
131.292267,Right Hand Grab,Meat_QuarterRight2_C_2147482361
132.527344,Right Hand Released,Meat_QuarterRight2_C_2147482361
133.447586,Right Hand Grab,Meat_QuarterRight1_C_2147482362
135.443558,Right Hand Grab,Meat_QuarterLeft1_C_2147482360
137.592407,Right Hand Grab,BeefStewCookbook_C_0
141.279007,Right Hand Grab,Onion_Choppable_C_2147482392
142.589798,Right Hand Released,Onion_Choppable_C_2147482392
143.333939,Right Hand Grab,Knife_C_4
143.961868,Chopped,Onion_Choppable_C_2147482392
144.528122,Chopped,Onion_Peeled_C_2147482357
145.13176,Chopped,Onion_Peeled_C_2147482357
145.799255,Chopped,Onion_Half2_C_2147482355
146.902252,Right Hand Released,Knife_C_4
149.103607,Right Hand Grab,Onion_Choppable_C_2147482388
150.270142,Right Hand Released,Onion_Choppable_C_2147482388
150.79277,Right Hand Grab,Knife_C_4
151.270706,Chopped,Onion_Choppable_C_2147482388
151.847946,Chopped,Onion_Peeled_C_2147482353
152.363678,Chopped,Onion_Half_C_2147482356
152.930435,Right Hand Released,Knife_C_4
153.478302,Right Hand Grab,Onion_Peeled_C_2147482353
154.221283,Right Hand Released,Onion_Peeled_C_2147482353
154.776306,Right Hand Grab,Knife_C_4
155.231903,Chopped,Onion_Peeled_C_2147482353
155.809967,Right Hand Released,Knife_C_4
156.450043,Right Hand Grab,Onion_Half_C_2147482352
158.876419,Right Hand Released,Onion_Half_C_2147482352
159.709717,Right Hand Grab,Onion_Half2_C_2147482355
160.333755,Right Hand Released,Onion_Half2_C_2147482355
161.069763,Right Hand Grab,Onion_Half_C_2147482356
161.748276,Right Hand Released,Onion_Half_C_2147482356
162.531769,Right Hand Grab,Onion_Half2_C_2147482351
163.484558,Right Hand Released,Onion_Half2_C_2147482351
164.323395,Right Hand Grab,BeefStewCookbook_C_0
166.77861,Right Hand Grab,Tomato_Choppable_C_2147482393
168.230148,Right Hand Released,Tomato_Choppable_C_2147482393
169.473602,Right Hand Grab,Tomato_Choppable_C_2147482350
170.884857,Right Hand Released,Tomato_Choppable_C_2147482350
171.385056,Right Hand Grab,Knife_C_4
171.939774,Chopped,Tomato_Choppable_C_2147482350
174.231979,Chopped,Tomato_Choppable_C_2147482393
175.161758,Right Hand Released,Knife_C_4
175.750229,Right Hand Grab,Tomato_BottomHalf_Choppable_C_2147482347
177.009384,Right Hand Released,Tomato_BottomHalf_Choppable_C_2147482347
177.755234,Right Hand Grab,Tomato_BottomHalf_Choppable_C_2147482345
178.600296,Right Hand Released,Tomato_BottomHalf_Choppable_C_2147482345
179.296585,Right Hand Grab,Tomato_TopHalf_Choppable_C_2147482346
180.017853,Right Hand Released,Tomato_TopHalf_Choppable_C_2147482346
180.785324,Right Hand Grab,Tomato_TopHalf_Choppable_C_2147482348
182.324219,Right Hand Released,Tomato_TopHalf_Choppable_C_2147482348
183.363144,Right Hand Grab,BeefStewCookbook_C_0
186.003159,Right Hand Grab,Potato_Choppable_C_2147482407
187.849686,Right Hand Released,Potato_Choppable_C_2147482407
189.367828,Right Hand Grab,Potato_Choppable_C_2147482344
191.470291,Right Hand Released,Potato_Choppable_C_2147482344
192.332047,Right Hand Grab,Knife_C_4
192.875885,Chopped,Potato_Choppable_C_2147482407
193.530334,Chopped,Potato_Choppable_C_2147482344
194.349625,Right Hand Released,Knife_C_4
194.860657,Right Hand Grab,Potato_TopHalf_Choppable_C_2147482342
195.678055,Right Hand Released,Potato_TopHalf_Choppable_C_2147482342
196.446411,Right Hand Grab,Potato_BottomHalf_Choppable_C_2147482341
197.360214,Right Hand Released,Potato_BottomHalf_Choppable_C_2147482341
198.15889,Right Hand Grab,Potato_BottomHalf_Choppable_C_2147482339
198.757645,Right Hand Released,Potato_BottomHalf_Choppable_C_2147482339
199.4142,Right Hand Grab,Potato_TopHalf_Choppable_C_2147482340
200.809036,Right Hand Released,Potato_TopHalf_Choppable_C_2147482340
201.844955,Right Hand Grab,BeefStewCookbook_C_0
203.783646,Right Hand Grab,Carrot_Choppable_C_2147482405
204.83403,Right Hand Released,Carrot_Choppable_C_2147482405
205.655807,Right Hand Grab,Carrot_Choppable_C_2147482403
207.209869,Right Hand Released,Carrot_Choppable_C_2147482403
207.677124,Right Hand Grab,Knife_C_4
208.167114,Chopped,Carrot_Choppable_C_2147482403
208.679123,Chopped,Carrot_Choppable_C_2147482405
210.256073,Chopped,CarrotBotton_Choppable_C_2147482335
210.822021,Chopped,CarrotTop_Choppable_C_2147482336
211.866928,Chopped,CarrotBotton_Choppable_C_2147482333
212.427795,Chopped,CarrotBottomQuarter1_Choppable_C_2147482332
213.456039,Chopped,CarrotTopQuarter1_Choppable_C_2147482330
214.100189,Chopped,CarrotTop_Choppable_C_2147482334
215.033798,Right Hand Released,Knife_C_4
215.632812,Right Hand Grab,CarrotBottomQuarter1_Choppable_C_2147482332
216.688843,Right Hand Released,CarrotBottomQuarter1_Choppable_C_2147482332
217.481766,Right Hand Grab,CarrotBottomQuarter2_Choppable_C_2147482331
218.293228,Right Hand Released,CarrotBottomQuarter2_Choppable_C_2147482331
219.042755,Right Hand Grab,CarrotTopQuarter1_Choppable_C_2147482326
219.763657,Right Hand Released,CarrotTopQuarter1_Choppable_C_2147482326
220.488678,Right Hand Grab,CarrotBottomQuarter1_Choppable_C_2147482328
221.621994,Right Hand Released,CarrotBottomQuarter1_Choppable_C_2147482328
222.355743,Right Hand Grab,CarrotTopQuarter2_Choppable_C_2147482325
223.049805,Right Hand Released,CarrotTopQuarter2_Choppable_C_2147482325
223.740402,Right Hand Grab,CarrotTopQuarter1_Choppable_C_2147482330
224.642654,Right Hand Released,CarrotTopQuarter1_Choppable_C_2147482330
225.397751,Right Hand Grab,CarrotTopQuarter2_Choppable_C_2147482329
226.252762,Right Hand Released,CarrotTopQuarter2_Choppable_C_2147482329
227.048676,Right Hand Grab,CarrotBottomQuarter2_Choppable_C_2147482327
227.89624,Right Hand Released,CarrotBottomQuarter2_Choppable_C_2147482327
229.26059,Right Hand Grab,BeefStewCookbook_C_0
232.42868,Right Hand Grab,PepperShakerGrabableSimple_C_2147482376
239.038879,Right Hand Released,PepperShakerGrabableSimple_C_2147482376
239.78273,Right Hand Grab,SaltShakerGrabableSimple_C_2147482377
243.616959,Right Hand Released,SaltShakerGrabableSimple_C_2147482377
247.102951,Right Hand Grab,StirSpoonSimple_C_2147482380
253.104614,Right Hand Released,StirSpoonSimple_C_2147482380
255.270218,Right Hand Grab,BeefStewCookbook_C_0
258.322357,Right Hand Grab,NewLadleSimple_C_2147482324
264.029083,Right Hand Released,NewLadleSimple_C_2147482324
269.217957,Right Hand Grab,BeefStewCookbook_C_0
276.298279,Right Hand Grab,Exit_C_1
