Session Time,Action Type,Interacted Object
119.907112,Right Hand Grab,BeefStewCookbook_C_0
125.886314,Right Hand Grab,None
144.193802,Right Hand Grab,None
146.426514,Right Hand Grab,BrothParent_C_2147482378
151.536118,Right Hand Released,BrothParent_C_2147482378
156.213455,Right Hand Grab,BrothParent_C_2147482378
167.74704,Right Hand Released,BrothParent_C_2147482378
169.456894,Right Hand Grab,BrothParent_C_2147482378
169.7453,Right Hand Released,BrothParent_C_2147482378
169.956177,Right Hand Grab,BrothParent_C_2147482378
172.264908,Right Hand Released,BrothParent_C_2147482378
174.543854,Right Hand Grab,BrothParent_C_2147482378
176.397751,Right Hand Released,BrothParent_C_2147482378
181.19809,Right Hand Grab,None
186.653,Right Hand Grab,BeefStewCookbook_C_0
193.038284,Right Hand Grab,Meat_Choppable_C_2147482400
194.484406,Right Hand Released,Meat_Choppable_C_2147482400
195.749252,Right Hand Grab,Knife_C_4
197.206863,Chopped,Meat_Choppable_C_2147482400
198.283691,Chopped,Meat_HalfRight_Choppable_C_2147482370
201.427963,Chopped,Meat_QuarterRight1_C_2147482369
201.950119,Right Hand Released,Knife_C_4
203.00528,Right Hand Grab,Knife_C_4
204.493317,Chopped,Meat_QuarterRight1_C_2147482369
205.004486,Chopped,Meat_QuarterRight2_C_2147482368
206.181549,Chopped,Meat_QuarterRight1_C_2147482369
207.281921,Chopped,Meat_QuarterRight1_C_2147482369
208.293411,Chopped,Meat_HalfLeft_Choppable_C_2147482371
209.326538,Chopped,Meat_QuarterLeft2_C_2147482366
210.259827,Chopped,Meat_QuarterLeft2_C_2147482366
210.903259,Chopped,Meat_QuarterRight1_C_2147482369
211.192047,Right Hand Released,Knife_C_4
213.358368,Right Hand Grab,Knife_C_4
214.424713,Right Hand Released,Knife_C_4
215.380569,Right Hand Grab,Meat_QuarterRight2_C_2147482368
216.702209,Right Hand Released,Meat_QuarterRight2_C_2147482368
218.445312,Right Hand Grab,Meat_QuarterRight2_C_2147482368
219.913498,Right Hand Released,Meat_QuarterRight2_C_2147482368
221.468002,Right Hand Grab,Meat_QuarterRight1_C_2147482369
222.88002,Right Hand Released,Meat_QuarterRight1_C_2147482369
224.114075,Right Hand Grab,Meat_QuarterLeft2_C_2147482366
225.623337,Right Hand Released,Meat_QuarterLeft2_C_2147482366
226.912903,Right Hand Grab,Meat_QuarterLeft1_C_2147482367
227.902405,Right Hand Released,Meat_QuarterLeft1_C_2147482367
233.077942,Right Hand Grab,BeefStewCookbook_C_0
239.085953,Right Hand Grab,Onion_Choppable_C_2147482388
240.042099,Right Hand Released,Onion_Choppable_C_2147482388
241.076523,Right Hand Grab,Onion_Choppable_C_2147482392
243.397186,Right Hand Released,Onion_Choppable_C_2147482392
244.807419,Right Hand Grab,Knife_C_4
244.885284,Chopped,Onion_Choppable_C_2147482392
245.785156,Chopped,Onion_Peeled_C_2147482363
246.485199,Chopped,Onion_Peeled_C_2147482363
247.263138,Chopped,Onion_Half_C_2147482362
248.063431,Chopped,Onion_Half2_C_2147482361
248.763153,Chopped,Onion_Choppable_C_2147482388
249.151688,Right Hand Released,Knife_C_4
258.274048,Right Hand Grab,Onion_Choppable_C_2147482364
259.582336,Right Hand Released,Onion_Choppable_C_2147482364
260.994659,Right Hand Grab,Knife_C_4
261.672943,Chopped,Onion_Choppable_C_2147482364
262.094666,Right Hand Released,Knife_C_4
264.172028,Right Hand Grab,Knife_C_4
264.795288,Chopped,Onion_Peeled_C_2147482358
265.806366,Chopped,Onion_Half2_C_2147482356
266.572968,Chopped,Onion_Half2_C_2147482356
266.939026,Right Hand Released,Knife_C_4
269.259735,Right Hand Grab,Onion_Half_C_2147482362
270.594147,Right Hand Released,Onion_Half_C_2147482362
271.748871,Right Hand Grab,Knife_C_4
271.892975,Chopped,Onion_Half2_C_2147482356
272.961029,Right Hand Released,Knife_C_4
273.616882,Right Hand Grab,Onion_Half2_C_2147482356
274.629639,Right Hand Released,Onion_Half2_C_2147482356
275.859009,Right Hand Grab,Onion_Peeled_C_2147482360
276.503784,Right Hand Released,Onion_Peeled_C_2147482360
277.580109,Right Hand Grab,Knife_C_4
280.957123,Right Hand Released,Knife_C_4
283.524231,Right Hand Grab,Knife_C_4
284.267578,Right Hand Released,Knife_C_4
285.645081,Right Hand Grab,Onion_Choppable_C_2147482359
287.345093,Right Hand Released,Onion_Choppable_C_2147482359
289.400726,Right Hand Grab,Knife_C_4
290.398499,Chopped,Onion_Choppable_C_2147482359
291.544403,Chopped,Onion_Peeled_C_2147482354
292.200287,Chopped,Onion_Half_C_2147482353
292.765717,Right Hand Released,Knife_C_4
293.944458,Right Hand Grab,Onion_Half2_C_2147482352
295.133698,Right Hand Released,Onion_Half2_C_2147482352
296.044067,Right Hand Grab,Onion_Half_C_2147482353
297.156403,Right Hand Released,Onion_Half_C_2147482353
298.699677,Right Hand Grab,Onion_Half_C_2147482353
299.878143,Right Hand Released,Onion_Half_C_2147482353
306.475891,Right Hand Grab,BeefStewCookbook_C_0
312.796051,Right Hand Grab,Tomato_Choppable_C_2147482396
313.97525,Right Hand Released,Tomato_Choppable_C_2147482396
315.029907,Right Hand Grab,BeefStewCookbook_C_0
316.373962,Right Hand Grab,Tomato_Choppable_C_2147482393
317.807556,Right Hand Released,Tomato_Choppable_C_2147482393
318.78421,Right Hand Grab,Knife_C_4
319.529205,Chopped,Tomato_Choppable_C_2147482393
320.473297,Chopped,Tomato_Choppable_C_2147482396
320.906311,Right Hand Released,Knife_C_4
322.251038,Right Hand Grab,Knife_C_4
322.849091,Right Hand Released,Knife_C_4
323.76239,Right Hand Grab,Tomato_BottomHalf_Choppable_C_2147482348
324.662384,Right Hand Released,Tomato_BottomHalf_Choppable_C_2147482348
325.473175,Right Hand Grab,Tomato_TopHalf_Choppable_C_2147482349
326.251251,Right Hand Released,Tomato_TopHalf_Choppable_C_2147482349
326.995056,Right Hand Grab,Tomato_TopHalf_Choppable_C_2147482347
327.706665,Right Hand Released,Tomato_TopHalf_Choppable_C_2147482347
328.638947,Right Hand Grab,Tomato_BottomHalf_Choppable_C_2147482346
329.372467,Right Hand Released,Tomato_BottomHalf_Choppable_C_2147482346
334.460632,Right Hand Grab,Potato_Choppable_C_2147482408
335.472229,Right Hand Released,Potato_Choppable_C_2147482408
336.693481,Right Hand Grab,Potato_Choppable_C_2147482345
338.082001,Right Hand Released,Potato_Choppable_C_2147482345
339.446198,Right Hand Grab,Knife_C_4
339.95755,Chopped,Potato_Choppable_C_2147482345
341.168457,Chopped,Potato_TopHalf_Choppable_C_2147482343
342.046417,Chopped,Potato_Choppable_C_2147482408
342.768982,Right Hand Released,Knife_C_4
343.813019,Right Hand Grab,Potato_BottomHalf_Choppable_C_2147482342
345.1362,Right Hand Released,Potato_BottomHalf_Choppable_C_2147482342
346.291107,Right Hand Grab,Potato_TopHalf_Choppable_C_2147482343
347.080444,Right Hand Released,Potato_TopHalf_Choppable_C_2147482343
347.969269,Right Hand Grab,Potato_TopHalf_Choppable_C_2147482341
348.624695,Right Hand Released,Potato_TopHalf_Choppable_C_2147482341
349.446106,Right Hand Grab,Potato_BottomHalf_Choppable_C_2147482340
350.046234,Right Hand Released,Potato_BottomHalf_Choppable_C_2147482340
352.934082,Right Hand Grab,BeefStewCookbook_C_0
358.087585,Right Hand Grab,Carrot_Choppable_C_2147482402
358.864227,Right Hand Released,Carrot_Choppable_C_2147482402
359.844086,Right Hand Grab,Carrot_Choppable_C_2147482403
360.971405,Right Hand Released,Carrot_Choppable_C_2147482403
361.83017,Right Hand Grab,Knife_C_4
362.654205,Chopped,Carrot_Choppable_C_2147482403
363.287567,Chopped,CarrotTop_Choppable_C_2147482337
363.97702,Chopped,CarrotTop_Choppable_C_2147482337
364.610321,Chopped,CarrotTopQuarter2_Choppable_C_2147482334
365.398773,Chopped,CarrotTopQuarter1_Choppable_C_2147482335
366.132172,Right Hand Released,Knife_C_4
367.242615,Right Hand Grab,Knife_C_4
367.786346,Right Hand Released,Knife_C_4
369.108917,Right Hand Grab,CarrotBotton_Choppable_C_2147482336
370.352753,Right Hand Released,CarrotBotton_Choppable_C_2147482336
371.352875,Right Hand Grab,CarrotTopQuarter1_Choppable_C_2147482335
372.408813,Right Hand Released,CarrotTopQuarter1_Choppable_C_2147482335
377.739044,Right Hand Grab,Knife_C_4
378.653015,Chopped,Carrot_Choppable_C_2147482402
380.218689,Chopped,CarrotTop_Choppable_C_2147482333
381.338806,Chopped,CarrotTopQuarter1_Choppable_C_2147482331
382.270996,Chopped,CarrotBotton_Choppable_C_2147482332
382.827362,Chopped,CarrotBottomQuarter1_Choppable_C_2147482329
383.393738,Chopped,CarrotBottomQuarter1_Choppable_C_2147482329
383.905396,Right Hand Released,Knife_C_4
384.729095,Right Hand Grab,CarrotTopQuarter2_Choppable_C_2147482334
385.517578,Right Hand Released,CarrotTopQuarter2_Choppable_C_2147482334
386.672272,Right Hand Grab,CarrotBottomQuarter2_Choppable_C_2147482328
387.594452,Right Hand Released,CarrotBottomQuarter2_Choppable_C_2147482328
388.483093,Right Hand Grab,CarrotTopQuarter1_Choppable_C_2147482335
389.405884,Right Hand Released,CarrotTopQuarter1_Choppable_C_2147482335
390.326324,Right Hand Grab,CarrotBottomQuarter1_Choppable_C_2147482329
391.137665,Right Hand Released,CarrotBottomQuarter1_Choppable_C_2147482329
392.491394,Right Hand Grab,CarrotTopQuarter2_Choppable_C_2147482330
393.472687,Right Hand Released,CarrotTopQuarter2_Choppable_C_2147482330
394.902863,Right Hand Grab,CarrotTopQuarter1_Choppable_C_2147482331
395.881195,Right Hand Released,CarrotTopQuarter1_Choppable_C_2147482331
399.935638,Right Hand Grab,Carrot_Choppable_C_2147482338
400.904297,Right Hand Released,Carrot_Choppable_C_2147482338
402.280609,Right Hand Grab,Knife_C_4
403.412384,Chopped,Carrot_Choppable_C_2147482338
404.103943,Right Hand Released,Knife_C_4
413.113464,Right Hand Grab,Knife_C_4
413.757477,Chopped,CarrotBotton_Choppable_C_2147482325
414.555939,Right Hand Released,Knife_C_4
415.499756,Right Hand Grab,CarrotBottomQuarter2_Choppable_C_2147482323
416.378021,Right Hand Released,CarrotBottomQuarter2_Choppable_C_2147482323
417.355804,Right Hand Grab,CarrotBottomQuarter1_Choppable_C_2147482324
418.289612,Right Hand Released,CarrotBottomQuarter1_Choppable_C_2147482324
420.464691,Right Hand Grab,BeefStewCookbook_C_0
424.463043,Right Hand Grab,PepperShakerGrabableSimple_C_2147482376
429.730743,Right Hand Released,PepperShakerGrabableSimple_C_2147482376
432.240082,Right Hand Grab,PepperShakerGrabableSimple_C_2147482376
432.39621,Right Hand Released,PepperShakerGrabableSimple_C_2147482376
433.218933,Right Hand Grab,PepperShakerGrabableSimple_C_2147482376
434.685242,Right Hand Released,PepperShakerGrabableSimple_C_2147482376
435.497345,Right Hand Grab,PepperShakerGrabableSimple_C_2147482376
437.539703,Right Hand Released,PepperShakerGrabableSimple_C_2147482376
443.860596,Left Hand Grab,PepperShakerGrabableSimple_C_2147482376
444.11676,Left Hand Released,PepperShakerGrabableSimple_C_2147482376
444.594635,Left Hand Grab,PepperShakerGrabableSimple_C_2147482376
445.894409,Left Hand Released,PepperShakerGrabableSimple_C_2147482376
447.427704,Left Hand Grab,PepperShakerGrabableSimple_C_2147482376
448.283234,Left Hand Released,PepperShakerGrabableSimple_C_2147482376
449.69458,Left Hand Grab,SaltShakerGrabableSimple_C_2147482377
454.382233,Left Hand Released,SaltShakerGrabableSimple_C_2147482377
457.181122,Right Hand Grab,BeefStewCookbook_C_0
462.255127,Right Hand Grab,StirSpoonSimple_C_2147482380
467.236298,Right Hand Released,StirSpoonSimple_C_2147482380
468.967896,Left Hand Grab,None
470.069794,Left Hand Grab,BeefStewCookbook_C_0
473.565887,Right Hand Grab,StirSpoonSimple_C_2147482380
478.919586,Right Hand Released,StirSpoonSimple_C_2147482380
479.887482,Right Hand Grab,BrothParent_C_2147482378
480.699646,Right Hand Released,BrothParent_C_2147482378
482.831238,Right Hand Grab,SaltShakerGrabableSimple_C_2147482377
484.445374,Right Hand Released,SaltShakerGrabableSimple_C_2147482377
486.321228,Right Hand Grab,BeefStewCookbook_C_0
490.816986,Right Hand Grab,PepperShakerGrabableSimple_C_2147482376
491.383759,Right Hand Released,PepperShakerGrabableSimple_C_2147482376
492.875519,Right Hand Grab,PepperShakerGrabableSimple_C_2147482376
493.641724,Right Hand Released,PepperShakerGrabableSimple_C_2147482376
494.651917,Right Hand Grab,StirSpoonSimple_C_2147482380
497.786102,Left Hand Grab,None
498.3302,Right Hand Released,StirSpoonSimple_C_2147482380
498.719116,Left Hand Grab,None
500.408295,Right Hand Grab,StirSpoonSimple_C_2147482380
502.52121,Right Hand Released,StirSpoonSimple_C_2147482380
503.816437,Right Hand Grab,None
505.596924,Left Hand Grab,NewLadleSimple_C_2147482322
510.794342,Left Hand Released,NewLadleSimple_C_2147482322
520.05896,Right Hand Grab,BeefStewCookbook_C_0
522.388062,Right Hand Grab,None
