Session Time,Action Type,Interacted Object
4.322042,Right Hand Grab,BeefStewCookbook_C_0
9.188166,Right Hand Grab,Carrot_Choppable_C_2147482390
10.344112,Right Hand Released,Carrot_Choppable_C_2147482390
11.754127,Right Hand Grab,Carrot_Choppable_C_2147482390
12.809886,Right Hand Released,Carrot_Choppable_C_2147482390
20.18642,Right Hand Grab,BrothParent_C_2147482366
34.615593,Right Hand Released,BrothParent_C_2147482366
37.570709,Right Hand Grab,BeefStewCookbook_C_0
41.903362,Right Hand Grab,Meat_Choppable_C_2147482386
43.226475,Right Hand Released,Meat_Choppable_C_2147482386
45.19136,Right Hand Grab,Knife_C_4
48.759117,Right Hand Released,Knife_C_4
50.035423,Right Hand Grab,Knife_C_4
50.902542,Chopped,Meat_Choppable_C_2147482386
51.802063,Chopped,Meat_HalfRight_Choppable_C_2147482357
52.579212,Chopped,Meat_HalfRight_Choppable_C_2147482357
53.379219,Chopped,Meat_QuarterRight2_C_2147482355
54.224396,Chopped,Meat_HalfLeft_Choppable_C_2147482358
54.968292,Chopped,Meat_QuarterLeft2_C_2147482353
55.724262,Chopped,Meat_QuarterRight2_C_2147482355
56.213219,Right Hand Released,Knife_C_4
57.479755,Right Hand Grab,Meat_QuarterRight2_C_2147482355
60.200584,Right Hand Released,Meat_QuarterRight2_C_2147482355
61.267021,Right Hand Grab,Meat_QuarterRight1_C_2147482356
62.578793,Right Hand Released,Meat_QuarterRight1_C_2147482356
63.710564,Right Hand Grab,Meat_QuarterLeft2_C_2147482353
65.211258,Right Hand Released,Meat_QuarterLeft2_C_2147482353
66.344704,Right Hand Grab,Meat_QuarterLeft1_C_2147482354
67.41021,Right Hand Released,Meat_QuarterLeft1_C_2147482354
69.765533,Right Hand Grab,Meat_Choppable_C_2147482388
70.799248,Right Hand Released,Meat_Choppable_C_2147482388
71.476105,Right Hand Grab,Meat_Choppable_C_2147482388
72.553825,Right Hand Released,Meat_Choppable_C_2147482388
73.209076,Right Hand Grab,Knife_C_4
74.121544,Chopped,Meat_Choppable_C_2147482388
74.876617,Chopped,Meat_HalfRight_Choppable_C_2147482350
75.73172,Chopped,Meat_HalfRight_Choppable_C_2147482350
76.364258,Right Hand Released,Knife_C_4
76.621048,Right Hand Grab,Knife_C_4
76.631371,Chopped,Meat_HalfLeft_Choppable_C_2147482351
77.031609,Right Hand Released,Knife_C_4
77.309204,Right Hand Grab,Knife_C_4
77.685905,Right Hand Released,Knife_C_4
78.873886,Right Hand Grab,Meat_QuarterRight2_C_2147482348
80.150993,Right Hand Released,Meat_QuarterRight2_C_2147482348
81.207207,Right Hand Grab,Meat_QuarterRight1_C_2147482349
82.263535,Right Hand Released,Meat_QuarterRight1_C_2147482349
83.151917,Right Hand Grab,Meat_QuarterLeft2_C_2147482346
84.18544,Right Hand Released,Meat_QuarterLeft2_C_2147482346
85.084999,Right Hand Grab,Meat_QuarterLeft1_C_2147482347
85.941032,Right Hand Released,Meat_QuarterLeft1_C_2147482347
87.951828,Right Hand Grab,BeefStewCookbook_C_0
91.883293,Right Hand Grab,Onion_Choppable_C_2147482380
93.072411,Right Hand Released,Onion_Choppable_C_2147482380
93.683243,Right Hand Grab,Knife_C_4
94.361588,Chopped,Onion_Choppable_C_2147482380
95.215706,Chopped,Onion_Peeled_C_2147482344
95.905502,Chopped,Onion_Peeled_C_2147482344
96.338554,Right Hand Released,Knife_C_4
97.194435,Right Hand Grab,Onion_Half2_C_2147482342
98.238724,Right Hand Released,Onion_Half2_C_2147482342
99.183067,Right Hand Grab,Onion_Half_C_2147482343
100.116219,Right Hand Released,Onion_Half_C_2147482343
101.104965,Right Hand Grab,Onion_Choppable_C_2147482376
103.015366,Right Hand Released,Onion_Choppable_C_2147482376
103.747963,Right Hand Grab,Knife_C_4
104.415398,Right Hand Released,Knife_C_4
105.115318,Right Hand Grab,None
105.681328,Right Hand Grab,None
106.726219,Right Hand Grab,None
108.869942,Right Hand Grab,Knife_C_4
109.57222,Chopped,Onion_Choppable_C_2147482376
110.348061,Chopped,Onion_Peeled_C_2147482340
111.058624,Chopped,Onion_Peeled_C_2147482340
111.559456,Right Hand Released,Knife_C_4
112.403824,Right Hand Grab,Knife_C_4
112.870316,Right Hand Released,Knife_C_4
113.146866,Right Hand Grab,Knife_C_4
113.636703,Right Hand Released,Knife_C_4
114.480392,Right Hand Grab,Onion_Half2_C_2147482338
115.392143,Right Hand Released,Onion_Half2_C_2147482338
116.168503,Right Hand Grab,None
117.645111,Right Hand Grab,Onion_Choppable_C_2147482379
118.112129,Right Hand Released,Onion_Choppable_C_2147482379
119.02372,Right Hand Grab,Onion_Choppable_C_2147482345
120.834137,Right Hand Released,Onion_Choppable_C_2147482345
121.468636,Right Hand Grab,Knife_C_4
122.178864,Chopped,Onion_Choppable_C_2147482345
122.901276,Chopped,Onion_Peeled_C_2147482335
123.467545,Chopped,Onion_Peeled_C_2147482335
123.901466,Right Hand Released,Knife_C_4
124.867935,Right Hand Grab,Onion_Half2_C_2147482333
125.778053,Right Hand Released,Onion_Half2_C_2147482333
127.988747,Right Hand Grab,BeefStewCookbook_C_0
131.943039,Right Hand Grab,Tomato_Choppable_C_2147482385
133.220978,Right Hand Released,Tomato_Choppable_C_2147482385
133.864853,Right Hand Grab,Knife_C_4
134.720016,Chopped,Tomato_Choppable_C_2147482385
135.042908,Right Hand Released,Knife_C_4
135.686371,Right Hand Grab,Knife_C_4
136.030594,Chopped,Tomato_BottomHalf_Choppable_C_2147482330
136.586884,Right Hand Released,Knife_C_4
137.386536,Right Hand Grab,Tomato_BottomHalf_Choppable_C_2147482330
138.353989,Right Hand Released,Tomato_BottomHalf_Choppable_C_2147482330
139.164047,Right Hand Grab,Tomato_TopHalf_Choppable_C_2147482331
140.075089,Right Hand Released,Tomato_TopHalf_Choppable_C_2147482331
141.375458,Right Hand Grab,Tomato_Choppable_C_2147482381
142.986496,Right Hand Released,Tomato_Choppable_C_2147482381
157.338425,Right Hand Grab,Knife_C_4
158.172028,Chopped,Tomato_Choppable_C_2147482381
158.538773,Right Hand Released,Knife_C_4
159.138687,Right Hand Grab,Tomato_BottomHalf_Choppable_C_2147482327
160.116226,Right Hand Released,Tomato_BottomHalf_Choppable_C_2147482327
161.026337,Right Hand Grab,Tomato_TopHalf_Choppable_C_2147482328
161.959564,Right Hand Released,Tomato_TopHalf_Choppable_C_2147482328
163.892975,Right Hand Grab,BeefStewCookbook_C_0
167.13652,Right Hand Grab,Potato_Choppable_C_2147482398
168.681198,Right Hand Released,Potato_Choppable_C_2147482398
169.304367,Right Hand Grab,Knife_C_4
170.014069,Chopped,Potato_Choppable_C_2147482398
170.291031,Right Hand Released,Knife_C_4
170.958405,Right Hand Grab,Knife_C_4
171.946564,Right Hand Released,Knife_C_4
172.514572,Right Hand Grab,Potato_BottomHalf_Choppable_C_2147482324
173.33609,Right Hand Released,Potato_BottomHalf_Choppable_C_2147482324
174.191437,Right Hand Grab,Potato_TopHalf_Choppable_C_2147482325
174.957947,Right Hand Released,Potato_TopHalf_Choppable_C_2147482325
176.046432,Right Hand Grab,Potato_Choppable_C_2147482396
177.312988,Right Hand Released,Potato_Choppable_C_2147482396
178.013107,Right Hand Grab,Knife_C_4
178.701248,Chopped,Potato_Choppable_C_2147482396
178.933777,Right Hand Released,Knife_C_4
179.88945,Right Hand Grab,Potato_BottomHalf_Choppable_C_2147482321
180.746704,Right Hand Released,Potato_BottomHalf_Choppable_C_2147482321
181.523407,Right Hand Grab,Potato_TopHalf_Choppable_C_2147482322
182.190598,Right Hand Released,Potato_TopHalf_Choppable_C_2147482322
184.03363,Right Hand Grab,BeefStewCookbook_C_0
186.290039,Right Hand Grab,Carrot_Choppable_C_2147482362
187.23262,Right Hand Released,Carrot_Choppable_C_2147482362
188.222336,Right Hand Grab,Carrot_Choppable_C_2147482390
189.177567,Right Hand Released,Carrot_Choppable_C_2147482390
189.867752,Right Hand Grab,Knife_C_4
190.532806,Chopped,Carrot_Choppable_C_2147482362
191.253799,Chopped,CarrotBotton_Choppable_C_2147482317
191.621765,Right Hand Released,Knife_C_4
192.210861,Right Hand Grab,Knife_C_4
192.710876,Right Hand Released,Knife_C_4
193.665573,Right Hand Grab,Knife_C_4
194.143814,Right Hand Released,Knife_C_4
194.99852,Right Hand Grab,Knife_C_4
195.888,Chopped,Carrot_Choppable_C_2147482390
196.242416,Right Hand Released,Knife_C_4
197.486786,Right Hand Grab,CarrotBotton_Choppable_C_2147482317
198.443283,Right Hand Released,CarrotBotton_Choppable_C_2147482317
199.164688,Right Hand Grab,CarrotTop_Choppable_C_2147482318
199.986893,Right Hand Released,CarrotTop_Choppable_C_2147482318
200.908768,Right Hand Grab,CarrotTop_Choppable_C_2147482316
201.642532,Right Hand Released,CarrotTop_Choppable_C_2147482316
202.341492,Right Hand Grab,CarrotBotton_Choppable_C_2147482315
203.041626,Right Hand Released,CarrotBotton_Choppable_C_2147482315
206.340256,Right Hand Grab,BeefStewCookbook_C_0
211.771378,Right Hand Grab,PepperShakerGrabableSimple_C_2147482364
214.339798,Right Hand Released,PepperShakerGrabableSimple_C_2147482364
215.772873,Right Hand Grab,SaltShakerGrabableSimple_C_2147482365
222.483704,Right Hand Released,SaltShakerGrabableSimple_C_2147482365
225.781555,Right Hand Grab,None
232.880249,Right Hand Grab,None
233.89122,Right Hand Grab,None
234.902435,Right Hand Grab,None
238.289963,Right Hand Grab,None
238.868866,Right Hand Grab,None
239.490646,Right Hand Grab,None
246.987976,Right Hand Grab,StirSpoonSimple_C_2147482368
262.495392,Right Hand Released,StirSpoonSimple_C_2147482368
266.373322,Right Hand Grab,BeefStewCookbook_C_0
290.266174,Right Hand Grab,None
291.379608,Right Hand Grab,Exit_C_1
