Session Time,Action Type,Interacted Object
90.334358,Right Hand Grab,BeefStewCookbook_C_0
168.05275,Right Hand Grab,BrothParent_C_2147482366
168.420135,Right Hand Released,BrothParent_C_2147482366
169.330597,Right Hand Grab,BrothParent_C_2147482366
169.864227,Right Hand Released,BrothParent_C_2147482366
171.296738,Right Hand Grab,BrothParent_C_2147482366
185.216705,Right Hand Released,BrothParent_C_2147482366
188.126907,Right Hand Grab,BrothParent_C_2147482366
191.681854,Right Hand Released,BrothParent_C_2147482366
196.73616,Right Hand Grab,None
199.525116,Right Hand Grab,BeefStewCookbook_C_0
205.511368,Right Hand Grab,Meat_Choppable_C_2147482388
207.154953,Right Hand Released,Meat_Choppable_C_2147482388
209.155731,Right Hand Grab,Meat_Choppable_C_2147482386
211.333817,Right Hand Released,Meat_Choppable_C_2147482386
212.831528,Right Hand Grab,Knife_C_4
214.778412,Chopped,Meat_Choppable_C_2147482388
215.331726,Right Hand Released,Knife_C_4
216.286728,Right Hand Grab,Knife_C_4
217.199722,Chopped,Meat_HalfRight_Choppable_C_2147482357
219.443817,Chopped,Meat_QuarterRight2_C_2147482355
220.765762,Chopped,Meat_QuarterRight2_C_2147482355
221.898239,Right Hand Released,Knife_C_4
224.363068,Right Hand Grab,Knife_C_4
227.442337,Chopped,Meat_Choppable_C_2147482386
229.386246,Chopped,Meat_HalfRight_Choppable_C_2147482353
230.596542,Chopped,Meat_QuarterRight2_C_2147482351
230.973892,Right Hand Released,Knife_C_4
232.950333,Right Hand Grab,Meat_QuarterRight1_C_2147482356
237.328308,Right Hand Released,Meat_QuarterRight1_C_2147482356
238.950989,Right Hand Grab,Meat_QuarterRight2_C_2147482355
240.672058,Right Hand Released,Meat_QuarterRight2_C_2147482355
241.806503,Right Hand Grab,Meat_QuarterRight1_C_2147482352
243.383209,Right Hand Released,Meat_QuarterRight1_C_2147482352
244.440506,Right Hand Grab,Knife_C_4
245.337936,Chopped,Meat_HalfLeft_Choppable_C_2147482358
245.738449,Right Hand Released,Knife_C_4
246.404755,Right Hand Grab,Meat_QuarterRight2_C_2147482351
247.982849,Right Hand Released,Meat_QuarterRight2_C_2147482351
248.858246,Right Hand Grab,Meat_HalfLeft_Choppable_C_2147482354
249.580658,Right Hand Released,Meat_HalfLeft_Choppable_C_2147482354
251.44838,Right Hand Grab,Knife_C_4
251.648727,Chopped,Meat_QuarterLeft2_C_2147482349
252.604233,Chopped,Meat_HalfLeft_Choppable_C_2147482354
253.081955,Right Hand Released,Knife_C_4
254.070511,Right Hand Grab,Knife_C_4
255.070511,Chopped,Meat_QuarterLeft1_C_2147482350
255.526489,Right Hand Released,Knife_C_4
256.836243,Right Hand Grab,Knife_C_4
257.958679,Right Hand Released,Knife_C_4
258.66922,Right Hand Grab,Knife_C_4
259.624634,Right Hand Released,Knife_C_4
260.368591,Right Hand Grab,Meat_QuarterLeft2_C_2147482349
261.714142,Right Hand Released,Meat_QuarterLeft2_C_2147482349
262.52417,Right Hand Grab,Meat_QuarterLeft1_C_2147482350
264.413361,Right Hand Released,Meat_QuarterLeft1_C_2147482350
265.468994,Right Hand Grab,Meat_QuarterLeft2_C_2147482347
267.045959,Right Hand Released,Meat_QuarterLeft2_C_2147482347
268.01123,Right Hand Grab,Meat_QuarterLeft1_C_2147482348
269.47879,Right Hand Released,Meat_QuarterLeft1_C_2147482348
273.222717,Right Hand Grab,BeefStewCookbook_C_0
277.976135,Right Hand Grab,Onion_Choppable_C_2147482380
279.842133,Right Hand Released,Onion_Choppable_C_2147482380
281.664886,Right Hand Grab,Onion_Choppable_C_2147482346
284.842804,Right Hand Released,Onion_Choppable_C_2147482346
287.307922,Right Hand Grab,Knife_C_4
288.808014,Chopped,Onion_Choppable_C_2147482346
289.263428,Right Hand Released,Knife_C_4
290.918274,Right Hand Grab,Knife_C_4
292.917633,Chopped,Onion_Choppable_C_2147482380
294.829224,Right Hand Released,Knife_C_4
297.985352,Right Hand Grab,Knife_C_4
299.195251,Chopped,Onion_Peeled_C_2147482344
300.071472,Chopped,Onion_Half_C_2147482342
301.04007,Chopped,Onion_Peeled_C_2147482343
301.77301,Right Hand Released,Knife_C_4
303.12793,Right Hand Grab,Knife_C_4
304.306091,Right Hand Released,Knife_C_4
305.183624,Right Hand Grab,Onion_Half2_C_2147482341
306.871979,Right Hand Released,Onion_Half2_C_2147482341
307.97052,Right Hand Grab,Onion_Half2_C_2147482339
311.370789,Right Hand Released,Onion_Half2_C_2147482339
312.514801,Right Hand Grab,Onion_Half_C_2147482340
314.103729,Right Hand Released,Onion_Half_C_2147482340
315.091858,Right Hand Grab,Onion_Half_C_2147482342
316.548065,Right Hand Released,Onion_Half_C_2147482342
318.192047,Right Hand Grab,BeefStewCookbook_C_0
322.268677,Right Hand Grab,Tomato_Choppable_C_2147482383
324.168549,Right Hand Released,Tomato_Choppable_C_2147482383
325.345245,Right Hand Grab,Tomato_Choppable_C_2147482382
328.156525,Right Hand Released,Tomato_Choppable_C_2147482382
329.290039,Right Hand Grab,Knife_C_4
330.40097,Chopped,Tomato_Choppable_C_2147482383
331.26709,Chopped,Tomato_BottomHalf_Choppable_C_2147482335
332.22348,Chopped,Tomato_Choppable_C_2147482382
332.966919,Chopped,Tomato_BottomHalf_Choppable_C_2147482333
333.522827,Right Hand Released,Knife_C_4
335.899017,Right Hand Grab,Knife_C_4
336.832886,Right Hand Released,Knife_C_4
337.655426,Right Hand Grab,Tomato_BottomHalf_Choppable_C_2147482335
338.778076,Right Hand Released,Tomato_BottomHalf_Choppable_C_2147482335
340.366058,Right Hand Grab,Tomato_BottomHalf_Choppable_C_2147482333
341.698608,Right Hand Released,Tomato_BottomHalf_Choppable_C_2147482333
342.555115,Right Hand Grab,Tomato_BottomHalf_Choppable_C_2147482335
343.187897,Right Hand Released,Tomato_BottomHalf_Choppable_C_2147482335
343.866302,Right Hand Grab,Tomato_BottomHalf_Choppable_C_2147482335
345.787964,Right Hand Released,Tomato_BottomHalf_Choppable_C_2147482335
347.053925,Right Hand Grab,Tomato_TopHalf_Choppable_C_2147482336
350.642548,Right Hand Released,Tomato_TopHalf_Choppable_C_2147482336
351.708221,Right Hand Grab,Tomato_BottomHalf_Choppable_C_2147482333
353.474854,Right Hand Released,Tomato_BottomHalf_Choppable_C_2147482333
354.430084,Right Hand Grab,Tomato_TopHalf_Choppable_C_2147482334
355.974152,Right Hand Released,Tomato_TopHalf_Choppable_C_2147482334
358.430817,Right Hand Grab,BeefStewCookbook_C_0
361.628723,Right Hand Grab,Potato_Choppable_C_2147482398
363.849518,Right Hand Released,Potato_Choppable_C_2147482398
365.438812,Right Hand Grab,Potato_Choppable_C_2147482332
367.970886,Right Hand Released,Potato_Choppable_C_2147482332
369.093231,Right Hand Grab,Knife_C_4
370.494141,Chopped,Potato_Choppable_C_2147482398
371.483765,Chopped,Potato_Choppable_C_2147482332
372.770233,Right Hand Released,Knife_C_4
373.670776,Right Hand Grab,None
374.881989,Right Hand Grab,Potato_BottomHalf_Choppable_C_2147482329
376.45993,Right Hand Released,Potato_BottomHalf_Choppable_C_2147482329
377.504059,Right Hand Grab,Potato_TopHalf_Choppable_C_2147482328
378.981171,Right Hand Released,Potato_TopHalf_Choppable_C_2147482328
380.057831,Right Hand Grab,Potato_TopHalf_Choppable_C_2147482330
382.436768,Right Hand Released,Potato_TopHalf_Choppable_C_2147482330
383.114105,Left Hand Grab,Potato_BottomHalf_Choppable_C_2147482327
384.524719,Left Hand Released,Potato_BottomHalf_Choppable_C_2147482327
386.857941,Right Hand Grab,BeefStewCookbook_C_0
390.611877,Right Hand Grab,Carrot_Choppable_C_2147482390
390.645935,Left Hand Grab,None
392.612305,Right Hand Released,Carrot_Choppable_C_2147482390
393.467194,Left Hand Grab,Carrot_Choppable_C_2147482326
395.001312,Left Hand Released,Carrot_Choppable_C_2147482326
395.767761,Right Hand Grab,Knife_C_4
396.967438,Chopped,Carrot_Choppable_C_2147482390
397.678833,Chopped,Carrot_Choppable_C_2147482326
398.109894,Right Hand Released,Knife_C_4
400.610016,Right Hand Grab,CarrotBotton_Choppable_C_2147482323
400.643433,Left Hand Grab,CarrotTop_Choppable_C_2147482324
402.200104,Right Hand Released,CarrotBotton_Choppable_C_2147482323
402.200104,Left Hand Released,CarrotTop_Choppable_C_2147482324
403.466064,Left Hand Grab,CarrotTop_Choppable_C_2147482322
403.510986,Right Hand Grab,CarrotBotton_Choppable_C_2147482321
404.900146,Left Hand Released,CarrotTop_Choppable_C_2147482322
404.989655,Right Hand Released,CarrotBotton_Choppable_C_2147482321
406.833893,Right Hand Grab,None
414.819794,Right Hand Grab,Carrot_Choppable_C_2147482325
416.497681,Right Hand Released,Carrot_Choppable_C_2147482325
417.463196,Right Hand Grab,Knife_C_4
419.596527,Chopped,Carrot_Choppable_C_2147482325
420.119293,Chopped,CarrotBotton_Choppable_C_2147482318
420.463959,Right Hand Released,Knife_C_4
424.462189,Right Hand Grab,CarrotBotton_Choppable_C_2147482318
424.762573,Left Hand Grab,CarrotTop_Choppable_C_2147482319
426.563629,Left Hand Released,CarrotTop_Choppable_C_2147482319
426.642059,Right Hand Released,CarrotBotton_Choppable_C_2147482318
430.794495,Right Hand Grab,None
433.450531,Right Hand Grab,Carrot_Choppable_C_2147482320
435.55072,Right Hand Released,Carrot_Choppable_C_2147482320
436.470825,Right Hand Grab,Knife_C_4
437.49292,Chopped,Carrot_Choppable_C_2147482320
438.261047,Chopped,CarrotBotton_Choppable_C_2147482315
438.826965,Chopped,CarrotBotton_Choppable_C_2147482315
440.271667,Chopped,CarrotTop_Choppable_C_2147482316
441.003937,Chopped,CarrotBottomQuarter1_Choppable_C_2147482314
441.604431,Right Hand Released,Knife_C_4
442.449646,Right Hand Grab,Knife_C_4
443.381531,Right Hand Released,Knife_C_4
444.248535,Right Hand Grab,CarrotBottomQuarter2_Choppable_C_2147482313
446.09256,Right Hand Released,CarrotBottomQuarter2_Choppable_C_2147482313
447.991577,Right Hand Grab,CarrotBottomQuarter1_Choppable_C_2147482314
450.002258,Right Hand Released,CarrotBottomQuarter1_Choppable_C_2147482314
451.17868,Right Hand Grab,CarrotTopQuarter2_Choppable_C_2147482311
452.645416,Right Hand Released,CarrotTopQuarter2_Choppable_C_2147482311
453.711823,Right Hand Grab,CarrotTopQuarter1_Choppable_C_2147482312
455.134216,Right Hand Released,CarrotTopQuarter1_Choppable_C_2147482312
456.666962,Right Hand Grab,Carrot_Choppable_C_2147482317
458.155273,Right Hand Released,Carrot_Choppable_C_2147482317
459.100983,Right Hand Grab,Knife_C_4
460.089539,Chopped,Carrot_Choppable_C_2147482317
461.144958,Chopped,CarrotBotton_Choppable_C_2147482308
461.968201,Chopped,CarrotTop_Choppable_C_2147482309
463.167725,Right Hand Released,Knife_C_4
464.322327,Right Hand Grab,CarrotBottomQuarter2_Choppable_C_2147482306
465.755402,Right Hand Released,CarrotBottomQuarter2_Choppable_C_2147482306
466.67749,Right Hand Grab,CarrotBottomQuarter1_Choppable_C_2147482307
467.854828,Right Hand Released,CarrotBottomQuarter1_Choppable_C_2147482307
468.99942,Left Hand Grab,CarrotTopQuarter1_Choppable_C_2147482305
470.200195,Left Hand Released,CarrotTopQuarter1_Choppable_C_2147482305
471.220703,Left Hand Grab,CarrotTopQuarter2_Choppable_C_2147482304
472.287354,Left Hand Released,CarrotTopQuarter2_Choppable_C_2147482304
476.519958,Right Hand Grab,None
477.596985,Right Hand Grab,BeefStewCookbook_C_0
481.886505,Right Hand Grab,PepperShakerGrabableSimple_C_2147482364
492.972412,Right Hand Released,PepperShakerGrabableSimple_C_2147482364
494.439392,Right Hand Grab,PepperShakerGrabableSimple_C_2147482364
498.361786,Right Hand Released,PepperShakerGrabableSimple_C_2147482364
499.893433,Right Hand Grab,PepperShakerGrabableSimple_C_2147482364
501.183472,Right Hand Released,PepperShakerGrabableSimple_C_2147482364
505.51474,Right Hand Grab,SaltShakerGrabableSimple_C_2147482365
513.220581,Right Hand Released,SaltShakerGrabableSimple_C_2147482365
514.055176,Right Hand Grab,SaltShakerGrabableSimple_C_2147482365
517.134277,Right Hand Released,SaltShakerGrabableSimple_C_2147482365
518.001526,Right Hand Grab,SaltShakerGrabableSimple_C_2147482365
519.101501,Right Hand Released,SaltShakerGrabableSimple_C_2147482365
520.956116,Right Hand Grab,SaltShakerGrabableSimple_C_2147482365
522.756165,Right Hand Released,SaltShakerGrabableSimple_C_2147482365
523.744568,Right Hand Grab,SaltShakerGrabableSimple_C_2147482365
525.588928,Right Hand Released,SaltShakerGrabableSimple_C_2147482365
532.819885,Right Hand Grab,StirSpoonSimple_C_2147482368
547.305298,Right Hand Released,StirSpoonSimple_C_2147482368
549.295837,Right Hand Grab,None
550.718872,Right Hand Grab,BeefStewCookbook_C_0
555.294556,Right Hand Grab,NewLadleSimple_C_2147482303
566.412781,Right Hand Released,NewLadleSimple_C_2147482303
570.969543,Right Hand Grab,BeefStewCookbook_C_0
