Session Time,Action Type,Interacted Object
8.09047,Right Hand Grab,None
8.456532,Left Hand Grab,None
9.256356,Right Hand Grab,None
9.26755,Left Hand Grab,BeefStewCookbook_C_0
15.931083,Right Hand Grab,BrothParent_C_2147482366
29.82823,Right Hand Released,BrothParent_C_2147482366
31.361395,Right Hand Grab,BeefStewCookbook_C_0
35.235447,Left Hand Grab,Meat_Choppable_C_2147482388
35.269547,Right Hand Grab,Meat_Choppable_C_2147482388
36.070438,Right Hand Released,Meat_Choppable_C_2147482388
36.136501,Left Hand Released,Meat_Choppable_C_2147482388
38.96027,Right Hand Grab,Knife_C_4
41.270962,Chopped,Meat_Choppable_C_2147482388
42.069599,Chopped,Meat_HalfLeft_Choppable_C_2147482359
43.038639,Chopped,Meat_HalfLeft_Choppable_C_2147482359
43.637657,Chopped,Meat_QuarterLeft1_C_2147482357
44.202961,Chopped,Meat_HalfRight_Choppable_C_2147482358
45.269421,Chopped,Meat_QuarterRight2_C_2147482354
45.858521,Chopped,Meat_QuarterRight1_C_2147482355
46.414238,Chopped,Meat_QuarterLeft1_C_2147482357
48.369473,Left Hand Grab,Meat_QuarterRight2_C_2147482354
49.71452,Left Hand Released,Meat_QuarterRight2_C_2147482354
50.32542,Left Hand Grab,Meat_QuarterLeft2_C_2147482356
50.814651,Chopped,Meat_QuarterLeft2_C_2147482356
51.288021,Left Hand Released,Meat_QuarterLeft2_C_2147482356
51.822258,Left Hand Grab,Meat_QuarterRight1_C_2147482355
52.112869,Chopped,Meat_QuarterRight1_C_2147482355
52.301533,Left Hand Released,Meat_QuarterRight1_C_2147482355
52.86842,Left Hand Grab,Meat_QuarterLeft1_C_2147482357
53.736706,Left Hand Released,Meat_QuarterLeft1_C_2147482357
54.31411,Left Hand Grab,Meat_Choppable_C_2147482387
55.078682,Left Hand Released,Meat_Choppable_C_2147482387
55.100639,Right Hand Released,Knife_C_4
56.622692,Left Hand Grab,Meat_QuarterRight1_C_2147482355
56.622692,Right Hand Grab,Meat_QuarterLeft2_C_2147482356
57.946507,Right Hand Released,Meat_QuarterLeft2_C_2147482356
57.946507,Left Hand Released,Meat_QuarterRight1_C_2147482355
58.845226,Right Hand Grab,Knife_C_4
58.868725,Left Hand Grab,Meat_QuarterLeft1_C_2147482357
60.201759,Left Hand Released,Meat_QuarterLeft1_C_2147482357
60.989517,Left Hand Grab,Meat_QuarterRight2_C_2147482354
61.765953,Left Hand Released,Meat_QuarterRight2_C_2147482354
63.322273,Left Hand Grab,Meat_Choppable_C_2147482386
63.334503,Chopped,Meat_Choppable_C_2147482387
64.62381,Chopped,Meat_HalfRight_Choppable_C_2147482351
65.424835,Chopped,Meat_QuarterRight1_C_2147482350
65.568291,Left Hand Released,Meat_Choppable_C_2147482386
66.565514,Right Hand Released,Knife_C_4
67.477547,Right Hand Grab,Meat_QuarterRight2_C_2147482349
67.532738,Left Hand Grab,Meat_HalfLeft_Choppable_C_2147482352
68.94281,Right Hand Released,Meat_QuarterRight2_C_2147482349
69.58873,Right Hand Grab,Meat_QuarterRight1_C_2147482350
70.69873,Right Hand Released,Meat_QuarterRight1_C_2147482350
70.832413,Left Hand Released,Meat_HalfLeft_Choppable_C_2147482352
71.432892,Right Hand Grab,Knife_C_4
71.97628,Chopped,Meat_HalfLeft_Choppable_C_2147482352
72.831581,Right Hand Released,Knife_C_4
73.332298,Right Hand Grab,Meat_QuarterLeft2_C_2147482347
73.410812,Left Hand Grab,Meat_QuarterLeft2_C_2147482347
74.899734,Left Hand Released,Meat_QuarterLeft2_C_2147482347
74.932846,Right Hand Released,Meat_QuarterLeft2_C_2147482347
75.654556,Right Hand Grab,Meat_QuarterLeft1_C_2147482348
75.665764,Left Hand Grab,Meat_QuarterLeft1_C_2147482348
76.1754,Left Hand Released,Meat_QuarterLeft1_C_2147482348
76.208672,Right Hand Released,Meat_QuarterLeft1_C_2147482348
76.830688,Right Hand Grab,Meat_QuarterLeft1_C_2147482348
76.853539,Left Hand Grab,Meat_QuarterLeft1_C_2147482348
77.264229,Right Hand Released,Meat_QuarterLeft1_C_2147482348
77.264229,Left Hand Released,Meat_QuarterLeft1_C_2147482348
80.043503,Right Hand Grab,None
83.050667,Left Hand Grab,BeefStewCookbook_C_0
86.51561,Left Hand Grab,Onion_Choppable_C_2147482380
87.22831,Left Hand Released,Onion_Choppable_C_2147482380
88.084129,Left Hand Grab,None
89.14045,Left Hand Grab,Onion_Choppable_C_2147482376
89.895782,Left Hand Released,Onion_Choppable_C_2147482376
90.360298,Right Hand Grab,Knife_C_4
91.004761,Chopped,Onion_Choppable_C_2147482380
92.239494,Chopped,Onion_Choppable_C_2147482376
93.617958,Chopped,Onion_Peeled_C_2147482343
94.583092,Chopped,Onion_Peeled_C_2147482344
95.271797,Right Hand Released,Knife_C_4
96.050331,Left Hand Grab,Onion_Half2_C_2147482341
96.106163,Right Hand Grab,Onion_Half2_C_2147482339
96.97319,Left Hand Released,Onion_Half2_C_2147482341
96.99514,Right Hand Released,Onion_Half2_C_2147482339
97.538849,Left Hand Grab,Onion_Half_C_2147482342
97.550621,Right Hand Grab,Onion_Half_C_2147482340
98.00544,Left Hand Released,Onion_Half_C_2147482342
98.048866,Right Hand Released,Onion_Half_C_2147482340
101.127563,Right Hand Grab,BeefStewCookbook_C_0
103.816208,Right Hand Grab,None
105.589516,Left Hand Grab,BeefStewCookbook_C_0
107.025536,Right Hand Grab,Tomato_Choppable_C_2147482385
109.081795,Right Hand Released,Tomato_Choppable_C_2147482385
110.547302,Right Hand Grab,Tomato_Choppable_C_2147482383
112.002762,Right Hand Released,Tomato_Choppable_C_2147482383
113.04805,Right Hand Grab,Knife_C_4
113.881012,Chopped,Tomato_Choppable_C_2147482385
114.603958,Chopped,Tomato_BottomHalf_Choppable_C_2147482335
115.380798,Chopped,Tomato_Choppable_C_2147482383
116.922661,Right Hand Released,Knife_C_4
134.220108,Right Hand Grab,BeefStewCookbook_C_0
137.598907,Right Hand Grab,Tomato_BottomHalf_Choppable_C_2147482335
138.554565,Left Hand Grab,Tomato_TopHalf_Choppable_C_2147482334
139.231415,Right Hand Released,Tomato_BottomHalf_Choppable_C_2147482335
139.69841,Left Hand Released,Tomato_TopHalf_Choppable_C_2147482334
140.886047,Right Hand Grab,Tomato_TopHalf_Choppable_C_2147482336
141.642319,Right Hand Released,Tomato_TopHalf_Choppable_C_2147482336
142.297638,Left Hand Grab,Tomato_BottomHalf_Choppable_C_2147482333
142.975311,Left Hand Released,Tomato_BottomHalf_Choppable_C_2147482333
144.774002,Right Hand Grab,BeefStewCookbook_C_0
145.853302,Left Hand Grab,Potato_Choppable_C_2147482398
146.584534,Left Hand Released,Potato_Choppable_C_2147482398
147.139847,Left Hand Grab,Potato_Choppable_C_2147482398
148.806458,Left Hand Released,Potato_Choppable_C_2147482398
149.484436,Left Hand Grab,Potato_Choppable_C_2147482332
150.649734,Left Hand Released,Potato_Choppable_C_2147482332
154.540619,Right Hand Grab,None
155.360611,Right Hand Grab,Knife_C_4
156.050491,Chopped,Potato_Choppable_C_2147482398
156.816727,Chopped,Potato_Choppable_C_2147482332
158.07283,Chopped,Potato_TopHalf_Choppable_C_2147482328
159.206223,Right Hand Released,Knife_C_4
159.917999,Left Hand Grab,Potato_BottomHalf_Choppable_C_2147482329
159.917999,Right Hand Grab,Potato_BottomHalf_Choppable_C_2147482329
161.139191,Left Hand Released,Potato_BottomHalf_Choppable_C_2147482329
161.7845,Right Hand Released,Potato_BottomHalf_Choppable_C_2147482329
162.193893,Left Hand Grab,Potato_TopHalf_Choppable_C_2147482330
162.760086,Left Hand Released,Potato_TopHalf_Choppable_C_2147482330
163.070892,Right Hand Grab,Potato_BottomHalf_Choppable_C_2147482327
163.615479,Right Hand Released,Potato_BottomHalf_Choppable_C_2147482327
163.7491,Left Hand Grab,Potato_TopHalf_Choppable_C_2147482328
164.171524,Left Hand Released,Potato_TopHalf_Choppable_C_2147482328
165.668686,Right Hand Grab,None
167.390686,Right Hand Grab,BeefStewCookbook_C_0
169.704422,Left Hand Grab,None
170.478668,Left Hand Grab,Carrot_Choppable_C_2147482391
171.301193,Left Hand Released,Carrot_Choppable_C_2147482391
171.956665,Left Hand Grab,Carrot_Choppable_C_2147482393
172.758148,Left Hand Released,Carrot_Choppable_C_2147482393
173.434677,Right Hand Grab,Knife_C_4
174.735916,Chopped,Carrot_Choppable_C_2147482391
175.247116,Chopped,CarrotTop_Choppable_C_2147482324
175.8358,Chopped,Carrot_Choppable_C_2147482393
176.548035,Right Hand Released,Knife_C_4
177.724777,Right Hand Grab,CarrotTop_Choppable_C_2147482324
177.758499,Left Hand Grab,CarrotTop_Choppable_C_2147482324
179.21344,Left Hand Released,CarrotTop_Choppable_C_2147482324
179.35704,Right Hand Released,CarrotTop_Choppable_C_2147482324
180.156052,Left Hand Grab,CarrotTop_Choppable_C_2147482322
180.189728,Right Hand Grab,CarrotBotton_Choppable_C_2147482323
184.980804,Left Hand Released,CarrotTop_Choppable_C_2147482322
185.037888,Right Hand Released,CarrotBotton_Choppable_C_2147482323
186.732788,Right Hand Grab,Knife_C_4
187.410034,Chopped,CarrotBotton_Choppable_C_2147482323
188.299545,Chopped,CarrotTop_Choppable_C_2147482322
188.621841,Right Hand Released,Knife_C_4
188.788742,Right Hand Grab,Knife_C_4
189.656891,Chopped,CarrotTopQuarter1_Choppable_C_2147482318
190.38974,Chopped,CarrotBottomQuarter1_Choppable_C_2147482320
191.445297,Right Hand Released,Knife_C_4
192.28952,Left Hand Grab,CarrotTopQuarter1_Choppable_C_2147482318
192.388657,Right Hand Grab,CarrotBottomQuarter2_Choppable_C_2147482319
193.688644,Left Hand Released,CarrotTopQuarter1_Choppable_C_2147482318
193.710953,Right Hand Released,CarrotBottomQuarter2_Choppable_C_2147482319
194.387131,Left Hand Grab,CarrotTopQuarter2_Choppable_C_2147482317
194.488098,Right Hand Grab,CarrotBotton_Choppable_C_2147482321
195.464066,Right Hand Released,CarrotBotton_Choppable_C_2147482321
195.919647,Left Hand Released,CarrotTopQuarter2_Choppable_C_2147482317
196.542435,Left Hand Grab,CarrotBottomQuarter1_Choppable_C_2147482320
197.275436,Left Hand Released,CarrotBottomQuarter1_Choppable_C_2147482320
197.775497,Right Hand Grab,Knife_C_4
199.096481,Chopped,CarrotBotton_Choppable_C_2147482321
199.785309,Chopped,CarrotBottomQuarter1_Choppable_C_2147482316
199.996735,Right Hand Released,Knife_C_4
200.718353,Left Hand Grab,CarrotBottomQuarter2_Choppable_C_2147482315
200.763626,Right Hand Grab,CarrotBottomQuarter2_Choppable_C_2147482315
202.053619,Left Hand Released,CarrotBottomQuarter2_Choppable_C_2147482315
202.453766,Right Hand Released,CarrotBottomQuarter2_Choppable_C_2147482315
203.041245,Left Hand Grab,CarrotBottomQuarter1_Choppable_C_2147482316
203.696533,Left Hand Released,CarrotBottomQuarter1_Choppable_C_2147482316
204.662857,Left Hand Grab,Carrot_Choppable_C_2147482325
205.980148,Left Hand Released,Carrot_Choppable_C_2147482325
206.35965,Right Hand Grab,Knife_C_4
207.207764,Chopped,Carrot_Choppable_C_2147482325
207.896744,Chopped,CarrotBotton_Choppable_C_2147482312
208.80838,Chopped,CarrotBotton_Choppable_C_2147482312
209.45282,Chopped,CarrotBottomQuarter1_Choppable_C_2147482311
209.796387,Right Hand Released,Knife_C_4
210.629791,Left Hand Grab,CarrotBottomQuarter1_Choppable_C_2147482311
210.718903,Right Hand Grab,CarrotBottomQuarter2_Choppable_C_2147482310
211.82962,Right Hand Released,CarrotBottomQuarter2_Choppable_C_2147482310
211.82962,Left Hand Released,CarrotBottomQuarter1_Choppable_C_2147482311
213.062607,Right Hand Grab,CarrotTop_Choppable_C_2147482313
213.073441,Left Hand Grab,CarrotTop_Choppable_C_2147482313
213.706848,Left Hand Released,CarrotTop_Choppable_C_2147482313
213.751572,Right Hand Released,CarrotTop_Choppable_C_2147482313
215.061203,Right Hand Grab,None
215.960785,Right Hand Grab,BeefStewCookbook_C_0
219.080597,Right Hand Grab,PepperShakerGrabableSimple_C_2147482364
219.79187,Left Hand Grab,Knife_C_4
220.593964,Left Hand Released,Knife_C_4
221.071243,Left Hand Grab,SaltShakerGrabableSimple_C_2147482365
236.147903,Left Hand Released,SaltShakerGrabableSimple_C_2147482365
236.192551,Right Hand Released,PepperShakerGrabableSimple_C_2147482364
237.013779,Right Hand Grab,PepperShakerGrabableSimple_C_2147482364
237.857742,Right Hand Released,PepperShakerGrabableSimple_C_2147482364
238.079926,Left Hand Grab,SaltShakerGrabableSimple_C_2147482365
238.546738,Left Hand Released,SaltShakerGrabableSimple_C_2147482365
243.22464,Right Hand Grab,PepperShakerGrabableSimple_C_2147482364
252.411377,Right Hand Released,PepperShakerGrabableSimple_C_2147482364
255.934509,Right Hand Grab,StirSpoonSimple_C_2147482368
258.110535,Right Hand Released,StirSpoonSimple_C_2147482368
258.867432,Right Hand Grab,BeefStewCookbook_C_0
260.011688,Right Hand Grab,StirSpoonSimple_C_2147482368
263.742218,Right Hand Released,StirSpoonSimple_C_2147482368
268.249664,Right Hand Grab,StirSpoonSimple_C_2147482368
271.028687,Left Hand Grab,None
272.326721,Right Hand Released,StirSpoonSimple_C_2147482368
273.616638,Right Hand Grab,NewLadleSimple_C_2147482309
278.626678,Right Hand Released,NewLadleSimple_C_2147482309
279.347595,Right Hand Grab,StewBowlSimple_C_2147482307
280.380951,Right Hand Released,StewBowlSimple_C_2147482307
284.132111,Right Hand Grab,None
