Session Time,Action Type,Interacted Object
4.754384,Right Hand Grab,None
24.227303,Right Hand Grab,BeefStewCookbook_C_0
36.856544,Right Hand Grab,BrothParent_C_2147482366
37.170559,Right Hand Released,BrothParent_C_2147482366
37.826324,Right Hand Grab,BrothParent_C_2147482366
55.002216,Right Hand Released,BrothParent_C_2147482366
56.765633,Right Hand Grab,None
59.097549,Right Hand Grab,Knife_C_4
59.675842,Right Hand Released,Knife_C_4
61.412167,Right Hand Grab,None
62.799259,Right Hand Grab,BeefStewCookbook_C_0
69.260445,Right Hand Grab,Meat_Choppable_C_2147482388
71.095306,Right Hand Released,Meat_Choppable_C_2147482388
71.940559,Right Hand Grab,Knife_C_4
73.329666,Right Hand Released,Knife_C_4
73.817581,Right Hand Grab,None
74.917915,Right Hand Grab,Knife_C_4
78.905411,Chopped,Meat_Choppable_C_2147482388
79.561691,Chopped,Meat_HalfRight_Choppable_C_2147482358
81.628624,Chopped,Meat_HalfLeft_Choppable_C_2147482359
82.239853,Chopped,Meat_QuarterLeft1_C_2147482357
83.307388,Right Hand Released,Knife_C_4
84.714935,Right Hand Grab,Knife_C_4
85.495499,Chopped,Meat_QuarterLeft1_C_2147482357
86.63945,Chopped,Meat_HalfRight_Choppable_C_2147482358
87.24025,Chopped,Meat_QuarterRight1_C_2147482355
89.13858,Right Hand Released,Knife_C_4
89.794334,Left Hand Grab,Meat_QuarterRight2_C_2147482354
91.149536,Left Hand Released,Meat_QuarterRight2_C_2147482354
91.982506,Left Hand Grab,Meat_QuarterRight2_C_2147482354
92.771172,Left Hand Released,Meat_QuarterRight2_C_2147482354
93.871132,Left Hand Grab,Meat_QuarterLeft2_C_2147482356
94.560204,Left Hand Released,Meat_QuarterLeft2_C_2147482356
95.159668,Left Hand Grab,Meat_QuarterRight2_C_2147482354
96.881126,Left Hand Grab,Meat_QuarterLeft2_C_2147482356
97.504578,Left Hand Released,Meat_QuarterLeft2_C_2147482356
98.182106,Left Hand Grab,Meat_QuarterLeft1_C_2147482357
98.715515,Left Hand Released,Meat_QuarterLeft1_C_2147482357
99.38179,Left Hand Grab,Meat_QuarterRight1_C_2147482355
100.214439,Left Hand Released,Meat_QuarterRight1_C_2147482355
102.511963,Right Hand Grab,Meat_Choppable_C_2147482386
103.442177,Right Hand Released,Meat_Choppable_C_2147482386
104.219673,Right Hand Grab,Knife_C_4
105.122459,Chopped,Meat_Choppable_C_2147482386
106.380028,Chopped,Meat_HalfLeft_Choppable_C_2147482352
107.067749,Chopped,Meat_HalfRight_Choppable_C_2147482351
107.767464,Chopped,Meat_QuarterRight2_C_2147482347
108.135025,Right Hand Released,Knife_C_4
108.690842,Left Hand Grab,Meat_QuarterRight1_C_2147482348
109.712578,Left Hand Released,Meat_QuarterRight1_C_2147482348
110.334724,Left Hand Grab,Meat_QuarterRight2_C_2147482347
111.067207,Left Hand Released,Meat_QuarterRight2_C_2147482347
111.578453,Left Hand Grab,Meat_QuarterLeft2_C_2147482349
112.132301,Left Hand Released,Meat_QuarterLeft2_C_2147482349
112.588181,Left Hand Grab,None
113.522018,Left Hand Grab,Meat_QuarterLeft1_C_2147482350
114.27784,Left Hand Released,Meat_QuarterLeft1_C_2147482350
116.264259,Right Hand Grab,None
120.711639,Right Hand Grab,None
122.255394,Right Hand Grab,BeefStewCookbook_C_0
123.289337,Right Hand Grab,BeefStewCookbook_C_0
127.852882,Right Hand Grab,BeefStewCookbook_C_0
132.386673,Right Hand Grab,Onion_Choppable_C_2147482377
133.274445,Right Hand Released,Onion_Choppable_C_2147482377
134.073685,Right Hand Grab,Onion_Choppable_C_2147482346
135.195404,Right Hand Released,Onion_Choppable_C_2147482346
136.195969,Right Hand Grab,Knife_C_4
136.785751,Chopped,Onion_Choppable_C_2147482346
137.562317,Right Hand Released,Knife_C_4
138.197739,Right Hand Grab,Onion_Peeled_C_2147482344
139.451691,Right Hand Released,Onion_Peeled_C_2147482344
142.383301,Right Hand Grab,Knife_C_4
142.973572,Chopped,Onion_Choppable_C_2147482377
143.97287,Chopped,Onion_Peeled_C_2147482343
144.739853,Right Hand Released,Knife_C_4
145.505615,Right Hand Grab,Onion_Peeled_C_2147482343
146.883133,Right Hand Released,Onion_Peeled_C_2147482343
147.794357,Right Hand Grab,Knife_C_4
148.616928,Chopped,Onion_Peeled_C_2147482343
149.561203,Right Hand Released,Knife_C_4
150.271057,Right Hand Grab,Onion_Half_C_2147482342
151.238022,Right Hand Released,Onion_Half_C_2147482342
152.293442,Right Hand Grab,Onion_Half2_C_2147482341
153.093552,Right Hand Released,Onion_Half2_C_2147482341
154.403137,Right Hand Grab,Onion_Choppable_C_2147482380
155.402466,Right Hand Released,Onion_Choppable_C_2147482380
156.180008,Right Hand Grab,Knife_C_4
157.059616,Chopped,Onion_Choppable_C_2147482380
158.003235,Chopped,Onion_Peeled_C_2147482339
158.559525,Right Hand Released,Knife_C_4
159.181854,Right Hand Grab,Onion_Peeled_C_2147482339
160.147659,Right Hand Released,Onion_Peeled_C_2147482339
160.759033,Right Hand Grab,Knife_C_4
161.169525,Chopped,Onion_Peeled_C_2147482339
161.937042,Right Hand Released,Knife_C_4
162.491379,Right Hand Grab,Onion_Half2_C_2147482337
163.391968,Right Hand Released,Onion_Half2_C_2147482337
164.191589,Right Hand Grab,Onion_Half_C_2147482338
164.946259,Right Hand Released,Onion_Half_C_2147482338
166.956741,Right Hand Grab,BeefStewCookbook_C_0
170.35759,Right Hand Grab,Tomato_Choppable_C_2147482383
171.311401,Right Hand Released,Tomato_Choppable_C_2147482383
172.011383,Right Hand Grab,Tomato_Choppable_C_2147482382
173.220932,Right Hand Released,Tomato_Choppable_C_2147482382
173.853775,Right Hand Grab,Knife_C_4
174.400864,Chopped,Tomato_Choppable_C_2147482383
175.589462,Right Hand Released,Knife_C_4
176.255722,Right Hand Grab,Tomato_BottomHalf_Choppable_C_2147482333
178.233627,Right Hand Released,Tomato_BottomHalf_Choppable_C_2147482333
179.110809,Right Hand Grab,Tomato_TopHalf_Choppable_C_2147482334
180.187408,Right Hand Released,Tomato_TopHalf_Choppable_C_2147482334
180.966888,Right Hand Grab,Tomato_TopHalf_Choppable_C_2147482334
184.432098,Right Hand Grab,Knife_C_4
185.021484,Chopped,Tomato_Choppable_C_2147482382
185.598923,Right Hand Released,Knife_C_4
186.498688,Right Hand Grab,Tomato_BottomHalf_Choppable_C_2147482331
188.364548,Right Hand Grab,Tomato_TopHalf_Choppable_C_2147482332
191.042267,Right Hand Grab,BeefStewCookbook_C_0
194.228806,Left Hand Grab,None
196.785614,Left Hand Grab,Potato_Choppable_C_2147482394
199.661194,Left Hand Released,Potato_Choppable_C_2147482394
201.381943,Left Hand Grab,Potato_Choppable_C_2147482397
202.915268,Left Hand Released,Potato_Choppable_C_2147482397
203.736877,Right Hand Grab,Knife_C_4
204.672928,Chopped,Potato_Choppable_C_2147482397
205.74884,Chopped,Potato_TopHalf_Choppable_C_2147482328
206.672363,Right Hand Released,Knife_C_4
207.361542,Right Hand Grab,Potato_BottomHalf_Choppable_C_2147482327
208.650131,Right Hand Released,Potato_BottomHalf_Choppable_C_2147482327
209.649368,Right Hand Grab,Potato_TopHalf_Choppable_C_2147482328
210.526047,Right Hand Released,Potato_TopHalf_Choppable_C_2147482328
211.538223,Right Hand Grab,Knife_C_4
212.414917,Chopped,Potato_Choppable_C_2147482394
213.749527,Right Hand Released,Knife_C_4
214.547348,Right Hand Grab,Potato_BottomHalf_Choppable_C_2147482325
215.436493,Right Hand Released,Potato_BottomHalf_Choppable_C_2147482325
216.149765,Right Hand Grab,Potato_TopHalf_Choppable_C_2147482326
216.793594,Right Hand Released,Potato_TopHalf_Choppable_C_2147482326
218.347977,Right Hand Grab,None
220.414291,Right Hand Grab,BeefStewCookbook_C_0
225.411743,Left Hand Grab,Carrot_Choppable_C_2147482389
226.366165,Left Hand Released,Carrot_Choppable_C_2147482389
226.92247,Left Hand Grab,Carrot_Choppable_C_2147482393
227.989594,Left Hand Released,Carrot_Choppable_C_2147482393
228.389587,Right Hand Grab,Knife_C_4
228.867462,Chopped,Carrot_Choppable_C_2147482393
229.712479,Chopped,CarrotBotton_Choppable_C_2147482321
230.38028,Chopped,CarrotBotton_Choppable_C_2147482321
231.601196,Chopped,CarrotBottomQuarter2_Choppable_C_2147482319
234.157715,Chopped,CarrotBottomQuarter1_Choppable_C_2147482320
235.090149,Right Hand Released,Knife_C_4
235.746002,Right Hand Grab,CarrotBottomQuarter2_Choppable_C_2147482319
236.501709,Right Hand Released,CarrotBottomQuarter2_Choppable_C_2147482319
237.311874,Right Hand Grab,Carrot_Choppable_C_2147482389
238.577606,Right Hand Released,Carrot_Choppable_C_2147482389
239.054413,Right Hand Grab,Carrot_Choppable_C_2147482389
239.842758,Right Hand Released,Carrot_Choppable_C_2147482389
240.400742,Right Hand Grab,CarrotBottomQuarter1_Choppable_C_2147482320
240.700134,Right Hand Released,CarrotBottomQuarter1_Choppable_C_2147482320
241.134583,Right Hand Grab,None
241.634171,Right Hand Grab,CarrotBottomQuarter1_Choppable_C_2147482320
243.021835,Right Hand Released,CarrotBottomQuarter1_Choppable_C_2147482320
244.954742,Right Hand Grab,Knife_C_4
245.055466,Chopped,Carrot_Choppable_C_2147482389
245.666214,Chopped,CarrotBotton_Choppable_C_2147482316
246.655441,Chopped,CarrotTop_Choppable_C_2147482317
247.543457,Right Hand Released,Knife_C_4
248.265717,Right Hand Grab,Knife_C_4
248.832275,Right Hand Released,Knife_C_4
249.399307,Right Hand Grab,CarrotBotton_Choppable_C_2147482316
250.509583,Right Hand Released,CarrotBotton_Choppable_C_2147482316
251.50946,Right Hand Grab,Knife_C_4
252.143066,Chopped,CarrotBotton_Choppable_C_2147482316
252.964661,Right Hand Released,Knife_C_4
253.553055,Right Hand Grab,CarrotBottomQuarter2_Choppable_C_2147482312
254.30809,Right Hand Released,CarrotBottomQuarter2_Choppable_C_2147482312
255.063568,Right Hand Grab,CarrotBottomQuarter1_Choppable_C_2147482313
255.830719,Right Hand Released,CarrotBottomQuarter1_Choppable_C_2147482313
257.03006,Right Hand Grab,CarrotTopQuarter1_Choppable_C_2147482315
258.419098,Right Hand Released,CarrotTopQuarter1_Choppable_C_2147482315
259.184998,Right Hand Grab,CarrotTopQuarter2_Choppable_C_2147482314
260.219147,Right Hand Released,CarrotTopQuarter2_Choppable_C_2147482314
261.684265,Right Hand Grab,Carrot_Choppable_C_2147482390
262.671906,Right Hand Released,Carrot_Choppable_C_2147482390
263.506287,Right Hand Grab,Knife_C_4
264.128754,Chopped,Carrot_Choppable_C_2147482390
264.729706,Chopped,CarrotBotton_Choppable_C_2147482309
265.729889,Chopped,CarrotBotton_Choppable_C_2147482309
266.418365,Right Hand Released,Knife_C_4
267.006256,Right Hand Grab,CarrotBottomQuarter1_Choppable_C_2147482308
267.706116,Right Hand Released,CarrotBottomQuarter1_Choppable_C_2147482308
268.416901,Right Hand Grab,CarrotBottomQuarter2_Choppable_C_2147482307
269.115723,Right Hand Released,CarrotBottomQuarter2_Choppable_C_2147482307
270.72699,Right Hand Grab,BeefStewCookbook_C_0
274.624176,Right Hand Grab,PepperShakerGrabableSimple_C_2147482364
289.51059,Right Hand Released,PepperShakerGrabableSimple_C_2147482364
290.57663,Right Hand Grab,PepperShakerGrabableSimple_C_2147482364
291.883362,Right Hand Released,PepperShakerGrabableSimple_C_2147482364
292.719147,Right Hand Grab,SaltShakerGrabableSimple_C_2147482365
301.13208,Right Hand Released,SaltShakerGrabableSimple_C_2147482365
302.332764,Right Hand Grab,SaltShakerGrabableSimple_C_2147482365
303.38681,Right Hand Released,SaltShakerGrabableSimple_C_2147482365
309.215912,Right Hand Grab,StirSpoonSimple_C_2147482368
318.863434,Right Hand Released,StirSpoonSimple_C_2147482368
319.974152,Right Hand Grab,StirSpoonSimple_C_2147482368
325.829071,Right Hand Released,StirSpoonSimple_C_2147482368
334.727386,Right Hand Grab,BeefStewCookbook_C_0
342.91333,Right Hand Grab,NewLadleSimple_C_2147482306
355.377045,Right Hand Released,NewLadleSimple_C_2147482306
