Session Time,Action Type,Interacted Object
29.258621,Right Hand Grab,BeefStewCookbook_C_0
33.505955,Right Hand Grab,BrothParent_C_2147482366
48.899467,Right Hand Released,BrothParent_C_2147482366
50.977913,Right Hand Grab,BeefStewCookbook_C_0
56.125648,Right Hand Grab,Meat_Choppable_C_2147482388
57.661198,Right Hand Released,Meat_Choppable_C_2147482388
58.641857,Right Hand Grab,Meat_Choppable_C_2147482360
60.551258,Right Hand Released,Meat_Choppable_C_2147482360
62.050999,Right Hand Grab,Knife_C_4
63.618088,Chopped,Meat_Choppable_C_2147482388
64.495811,Chopped,Meat_HalfLeft_Choppable_C_2147482358
65.985703,Chopped,Meat_Choppable_C_2147482360
66.652802,Chopped,Meat_HalfLeft_Choppable_C_2147482356
67.319649,Chopped,Meat_HalfRight_Choppable_C_2147482355
68.019569,Chopped,Meat_QuarterRight2_C_2147482353
68.774445,Chopped,Meat_HalfLeft_Choppable_C_2147482356
69.816917,Chopped,Meat_HalfLeft_Choppable_C_2147482358
70.428062,Chopped,Meat_HalfRight_Choppable_C_2147482357
71.105042,Chopped,Meat_QuarterRight2_C_2147482347
71.882774,Chopped,Meat_QuarterLeft2_C_2147482349
72.616158,Chopped,Meat_QuarterLeft1_C_2147482350
73.881042,Right Hand Released,Knife_C_4
76.269791,Right Hand Grab,Meat_QuarterRight1_C_2147482354
77.526276,Right Hand Released,Meat_QuarterRight1_C_2147482354
78.527931,Right Hand Grab,Meat_QuarterRight2_C_2147482353
80.294731,Right Hand Released,Meat_QuarterRight2_C_2147482353
81.106346,Right Hand Grab,Meat_QuarterLeft2_C_2147482351
82.417107,Right Hand Released,Meat_QuarterLeft2_C_2147482351
83.327347,Right Hand Grab,Meat_QuarterLeft1_C_2147482352
84.549896,Right Hand Released,Meat_QuarterLeft1_C_2147482352
85.604111,Right Hand Grab,Meat_QuarterRight1_C_2147482348
86.837173,Right Hand Released,Meat_QuarterRight1_C_2147482348
87.648064,Right Hand Grab,Meat_QuarterRight2_C_2147482347
88.826157,Right Hand Released,Meat_QuarterRight2_C_2147482347
89.637611,Right Hand Grab,Meat_QuarterLeft2_C_2147482349
92.058105,Right Hand Grab,Meat_QuarterLeft1_C_2147482350
93.092079,Right Hand Released,Meat_QuarterLeft1_C_2147482350
95.069885,Right Hand Grab,BeefStewCookbook_C_0
100.722511,Right Hand Grab,Onion_Choppable_C_2147482380
102.012238,Right Hand Released,Onion_Choppable_C_2147482380
103.132965,Right Hand Grab,Onion_Choppable_C_2147482346
104.522041,Right Hand Released,Onion_Choppable_C_2147482346
105.26754,Right Hand Grab,Knife_C_4
105.944038,Chopped,Onion_Choppable_C_2147482380
106.806335,Chopped,Onion_Choppable_C_2147482346
107.539719,Chopped,Onion_Peeled_C_2147482343
108.198151,Chopped,Onion_Peeled_C_2147482344
109.400101,Chopped,Onion_Peeled_C_2147482343
110.63131,Right Hand Released,Knife_C_4
111.8442,Right Hand Grab,Onion_Half_C_2147482340
112.866211,Right Hand Released,Onion_Half_C_2147482340
114.865974,Right Hand Grab,Onion_Half_C_2147482342
115.999016,Right Hand Released,Onion_Half_C_2147482342
116.987686,Right Hand Grab,Onion_Half2_C_2147482341
118.111198,Right Hand Released,Onion_Half2_C_2147482341
118.820709,Left Hand Grab,Onion_Half2_C_2147482339
120.120323,Left Hand Released,Onion_Half2_C_2147482339
122.053932,Right Hand Grab,BeefStewCookbook_C_0
124.952347,Right Hand Grab,Tomato_Choppable_C_2147482385
126.207939,Right Hand Released,Tomato_Choppable_C_2147482385
127.385818,Right Hand Grab,Tomato_Choppable_C_2147482338
128.840485,Right Hand Released,Tomato_Choppable_C_2147482338
129.552124,Right Hand Grab,Knife_C_4
130.096146,Chopped,Tomato_Choppable_C_2147482338
131.062057,Chopped,Tomato_Choppable_C_2147482385
132.040146,Right Hand Released,Knife_C_4
132.749664,Right Hand Grab,Tomato_BottomHalf_Choppable_C_2147482335
133.872238,Right Hand Released,Tomato_BottomHalf_Choppable_C_2147482335
134.627274,Right Hand Grab,Tomato_TopHalf_Choppable_C_2147482336
135.517639,Right Hand Released,Tomato_TopHalf_Choppable_C_2147482336
136.339645,Left Hand Grab,Tomato_BottomHalf_Choppable_C_2147482333
137.417572,Left Hand Released,Tomato_BottomHalf_Choppable_C_2147482333
138.70546,Left Hand Grab,None
139.516876,Left Hand Grab,Tomato_TopHalf_Choppable_C_2147482334
140.782959,Left Hand Released,Tomato_TopHalf_Choppable_C_2147482334
142.648926,Right Hand Grab,BeefStewCookbook_C_0
144.727936,Right Hand Grab,None
146.017273,Right Hand Grab,Potato_Choppable_C_2147482396
147.948929,Right Hand Released,Potato_Choppable_C_2147482396
148.91568,Right Hand Grab,Potato_Choppable_C_2147482332
150.527161,Right Hand Released,Potato_Choppable_C_2147482332
152.347046,Right Hand Grab,Knife_C_4
152.899902,Chopped,Potato_Choppable_C_2147482332
153.64473,Chopped,Potato_Choppable_C_2147482396
154.757767,Chopped,Potato_BottomHalf_Choppable_C_2147482329
155.392014,Right Hand Released,Knife_C_4
156.179611,Right Hand Grab,Knife_C_4
156.290253,Chopped,Potato_BottomHalf_Choppable_C_2147482329
157.375092,Right Hand Released,Knife_C_4
158.543152,Right Hand Grab,Potato_TopHalf_Choppable_C_2147482330
162.51236,Right Hand Released,Potato_TopHalf_Choppable_C_2147482330
163.810822,Right Hand Grab,Potato_BottomHalf_Choppable_C_2147482329
165.955643,Left Hand Grab,Potato_TopHalf_Choppable_C_2147482328
167.045181,Left Hand Released,Potato_TopHalf_Choppable_C_2147482328
168.100769,Left Hand Grab,Potato_BottomHalf_Choppable_C_2147482327
169.178375,Left Hand Released,Potato_BottomHalf_Choppable_C_2147482327
170.956802,Right Hand Grab,BeefStewCookbook_C_0
176.252747,Right Hand Grab,Carrot_Choppable_C_2147482390
178.109726,Right Hand Released,Carrot_Choppable_C_2147482390
179.132126,Right Hand Grab,Carrot_Choppable_C_2147482326
181.331131,Right Hand Released,Carrot_Choppable_C_2147482326
183.651993,Right Hand Grab,Carrot_Choppable_C_2147482325
185.98674,Right Hand Released,Carrot_Choppable_C_2147482325
187.70784,Right Hand Grab,StirSpoonSimple_C_2147482368
188.640366,Right Hand Released,StirSpoonSimple_C_2147482368
189.362,Right Hand Grab,BrothParent_C_2147482366
190.416962,Right Hand Released,BrothParent_C_2147482366
190.838959,Right Hand Grab,Knife_C_4
192.094284,Chopped,Carrot_Choppable_C_2147482325
192.863388,Chopped,CarrotBotton_Choppable_C_2147482322
193.44072,Chopped,CarrotBotton_Choppable_C_2147482322
194.373016,Chopped,CarrotTop_Choppable_C_2147482323
195.174103,Chopped,Carrot_Choppable_C_2147482390
195.841156,Chopped,CarrotBotton_Choppable_C_2147482316
196.385345,Chopped,CarrotBotton_Choppable_C_2147482316
197.29599,Chopped,CarrotTop_Choppable_C_2147482317
198.195343,Chopped,CarrotTopQuarter1_Choppable_C_2147482319
198.951065,Chopped,CarrotBottomQuarter1_Choppable_C_2147482321
200.058975,Right Hand Released,Knife_C_4
201.046814,Right Hand Grab,Knife_C_4
202.271561,Right Hand Released,Knife_C_4
203.248535,Right Hand Grab,CarrotBottomQuarter2_Choppable_C_2147482320
204.548141,Right Hand Released,CarrotBottomQuarter2_Choppable_C_2147482320
205.893646,Left Hand Grab,CarrotTopQuarter1_Choppable_C_2147482313
207.704147,Left Hand Released,CarrotTopQuarter1_Choppable_C_2147482313
208.792557,Left Hand Grab,CarrotTopQuarter2_Choppable_C_2147482312
210.026505,Left Hand Released,CarrotTopQuarter2_Choppable_C_2147482312
211.113785,Left Hand Grab,CarrotBottomQuarter1_Choppable_C_2147482315
212.280792,Left Hand Released,CarrotBottomQuarter1_Choppable_C_2147482315
213.224869,Left Hand Grab,CarrotBottomQuarter2_Choppable_C_2147482314
214.358444,Left Hand Released,CarrotBottomQuarter2_Choppable_C_2147482314
215.33548,Left Hand Grab,CarrotTopQuarter1_Choppable_C_2147482319
216.56929,Left Hand Released,CarrotTopQuarter1_Choppable_C_2147482319
217.568344,Left Hand Grab,CarrotTopQuarter2_Choppable_C_2147482318
218.668777,Left Hand Released,CarrotTopQuarter2_Choppable_C_2147482318
219.524414,Left Hand Grab,CarrotBottomQuarter1_Choppable_C_2147482321
220.578964,Left Hand Released,CarrotBottomQuarter1_Choppable_C_2147482321
221.834793,Right Hand Grab,None
222.924606,Right Hand Grab,BeefStewCookbook_C_0
226.709549,Right Hand Grab,SaltShakerGrabableSimple_C_2147482365
231.97818,Right Hand Released,SaltShakerGrabableSimple_C_2147482365
233.065063,Right Hand Grab,PepperShakerGrabableSimple_C_2147482364
241.408066,Right Hand Released,PepperShakerGrabableSimple_C_2147482364
244.128281,Right Hand Grab,StirSpoonSimple_C_2147482368
255.206696,Right Hand Released,StirSpoonSimple_C_2147482368
256.8508,Right Hand Grab,BeefStewCookbook_C_0
259.516571,Right Hand Grab,NewLadleSimple_C_2147482311
267.392761,Right Hand Released,NewLadleSimple_C_2147482311
270.377533,Right Hand Grab,BeefStewCookbook_C_0
