Session Time,Action Type,Interacted Object
13.408334,Right Hand Grab,BeefStewCookbook_C_0
25.994856,Right Hand Grab,BrothParent_C_2147482366
42.980118,Right Hand Released,BrothParent_C_2147482366
45.512474,Right Hand Grab,None
46.423794,Right Hand Grab,BeefStewCookbook_C_0
49.711079,Right Hand Grab,Meat_Choppable_C_2147482388
51.267719,Right Hand Released,Meat_Choppable_C_2147482388
53.033936,Right Hand Grab,Knife_C_4
54.533962,Chopped,Meat_Choppable_C_2147482388
55.556019,Chopped,Meat_HalfLeft_Choppable_C_2147482359
56.311089,Chopped,Meat_QuarterLeft1_C_2147482357
56.944065,Chopped,Meat_QuarterLeft1_C_2147482357
57.644333,Chopped,Meat_QuarterLeft1_C_2147482357
59.898434,Chopped,Meat_QuarterLeft1_C_2147482357
60.899052,Chopped,Meat_QuarterLeft1_C_2147482357
61.577473,Chopped,Meat_QuarterLeft1_C_2147482357
62.643425,Chopped,Meat_HalfRight_Choppable_C_2147482358
63.4314,Right Hand Released,Knife_C_4
64.498421,Right Hand Grab,Meat_QuarterRight2_C_2147482354
68.529991,Right Hand Released,Meat_QuarterRight2_C_2147482354
69.664101,Right Hand Grab,Meat_QuarterRight1_C_2147482355
71.409584,Right Hand Released,Meat_QuarterRight1_C_2147482355
73.874321,Right Hand Grab,Meat_QuarterRight1_C_2147482355
75.530388,Right Hand Released,Meat_QuarterRight1_C_2147482355
76.907288,Right Hand Grab,Meat_QuarterLeft1_C_2147482357
78.596588,Right Hand Released,Meat_QuarterLeft1_C_2147482357
79.861877,Right Hand Grab,Meat_QuarterLeft2_C_2147482356
81.384544,Right Hand Released,Meat_QuarterLeft2_C_2147482356
82.828896,Right Hand Grab,Meat_Choppable_C_2147482360
84.261986,Right Hand Released,Meat_Choppable_C_2147482360
85.184952,Right Hand Grab,Knife_C_4
86.072502,Chopped,Meat_Choppable_C_2147482360
86.705544,Chopped,Meat_HalfLeft_Choppable_C_2147482352
87.286896,Chopped,Meat_HalfRight_Choppable_C_2147482351
87.85038,Chopped,Meat_QuarterRight2_C_2147482349
88.416229,Chopped,Meat_HalfLeft_Choppable_C_2147482352
88.961525,Chopped,Meat_QuarterLeft2_C_2147482347
89.572372,Chopped,Meat_QuarterLeft2_C_2147482347
90.660385,Right Hand Released,Knife_C_4
91.927315,Right Hand Grab,Meat_QuarterRight2_C_2147482349
93.682823,Right Hand Released,Meat_QuarterRight2_C_2147482349
95.159126,Right Hand Grab,Meat_QuarterRight1_C_2147482350
96.681381,Right Hand Released,Meat_QuarterRight1_C_2147482350
97.980042,Right Hand Grab,Meat_QuarterLeft2_C_2147482347
99.603279,Right Hand Released,Meat_QuarterLeft2_C_2147482347
100.935043,Right Hand Grab,Meat_QuarterLeft1_C_2147482348
102.369362,Right Hand Released,Meat_QuarterLeft1_C_2147482348
105.613174,Right Hand Grab,BeefStewCookbook_C_0
110.700203,Right Hand Grab,Onion_Choppable_C_2147482380
112.844292,Right Hand Released,Onion_Choppable_C_2147482380
114.500038,Right Hand Grab,Onion_Choppable_C_2147482346
116.532303,Right Hand Released,Onion_Choppable_C_2147482346
122.90889,Right Hand Grab,Knife_C_4
124.154663,Chopped,Onion_Choppable_C_2147482380
125.74279,Chopped,Onion_Peeled_C_2147482344
126.776329,Chopped,Onion_Choppable_C_2147482346
127.509247,Chopped,Onion_Peeled_C_2147482341
129.142761,Chopped,Onion_Peeled_C_2147482341
131.764343,Right Hand Released,Knife_C_4
132.897095,Right Hand Grab,Onion_Half2_C_2147482342
134.375259,Right Hand Released,Onion_Half2_C_2147482342
135.664093,Right Hand Grab,Onion_Half2_C_2147482339
137.041107,Right Hand Released,Onion_Half2_C_2147482339
138.950134,Right Hand Grab,Onion_Choppable_C_2147482345
140.683456,Right Hand Released,Onion_Choppable_C_2147482345
141.751709,Right Hand Grab,Knife_C_4
142.962158,Chopped,Onion_Choppable_C_2147482345
143.996063,Chopped,Onion_Peeled_C_2147482337
145.572495,Right Hand Released,Knife_C_4
147.728043,Right Hand Grab,Onion_Half2_C_2147482335
148.996124,Right Hand Released,Onion_Half2_C_2147482335
151.215118,Right Hand Grab,Onion_Choppable_C_2147482338
153.038193,Right Hand Released,Onion_Choppable_C_2147482338
153.993073,Right Hand Grab,Knife_C_4
154.693207,Chopped,Onion_Choppable_C_2147482338
155.27034,Chopped,Onion_Peeled_C_2147482333
156.271408,Chopped,Onion_Peeled_C_2147482333
156.903488,Chopped,Onion_Half_C_2147482332
157.326523,Right Hand Released,Knife_C_4
158.381439,Right Hand Grab,Onion_Half2_C_2147482331
159.727371,Right Hand Released,Onion_Half2_C_2147482331
163.480072,Right Hand Grab,BeefStewCookbook_C_0
165.97937,Right Hand Grab,None
167.512375,Right Hand Grab,Tomato_Choppable_C_2147482385
169.056107,Right Hand Released,Tomato_Choppable_C_2147482385
170.312592,Right Hand Grab,Onion_Half_C_2147482332
171.090057,Right Hand Released,Onion_Half_C_2147482332
171.834198,Right Hand Grab,Knife_C_4
172.734558,Chopped,Tomato_Choppable_C_2147482385
174.001312,Right Hand Released,Knife_C_4
174.945282,Right Hand Grab,Tomato_BottomHalf_Choppable_C_2147482328
176.334259,Right Hand Released,Tomato_BottomHalf_Choppable_C_2147482328
177.544312,Right Hand Grab,Tomato_TopHalf_Choppable_C_2147482329
178.598892,Right Hand Released,Tomato_TopHalf_Choppable_C_2147482329
183.18692,Right Hand Grab,Tomato_Choppable_C_2147482381
185.208145,Right Hand Released,Tomato_Choppable_C_2147482381
186.508881,Right Hand Grab,Knife_C_4
187.376373,Chopped,Tomato_Choppable_C_2147482381
189.04248,Right Hand Released,Knife_C_4
190.009384,Right Hand Grab,Tomato_TopHalf_Choppable_C_2147482326
191.441666,Right Hand Released,Tomato_TopHalf_Choppable_C_2147482326
192.675949,Right Hand Grab,Tomato_BottomHalf_Choppable_C_2147482325
193.953568,Right Hand Released,Tomato_BottomHalf_Choppable_C_2147482325
198.285004,Right Hand Grab,BeefStewCookbook_C_0
202.040131,Right Hand Grab,None
203.29454,Right Hand Grab,Potato_Choppable_C_2147482398
205.560349,Right Hand Released,Potato_Choppable_C_2147482398
206.428467,Right Hand Grab,Knife_C_4
207.439209,Chopped,Potato_Choppable_C_2147482398
208.872269,Right Hand Released,Knife_C_4
211.915253,Right Hand Grab,Potato_BottomHalf_Choppable_C_2147482322
213.2715,Right Hand Released,Potato_BottomHalf_Choppable_C_2147482322
214.416183,Right Hand Grab,Potato_TopHalf_Choppable_C_2147482323
215.537231,Right Hand Released,Potato_TopHalf_Choppable_C_2147482323
219.781219,Right Hand Grab,Potato_Choppable_C_2147482394
221.735947,Right Hand Released,Potato_Choppable_C_2147482394
222.591202,Right Hand Grab,Knife_C_4
223.669754,Chopped,Potato_Choppable_C_2147482394
225.158585,Right Hand Released,Knife_C_4
225.925018,Right Hand Grab,Potato_BottomHalf_Choppable_C_2147482319
227.236267,Right Hand Released,Potato_BottomHalf_Choppable_C_2147482319
228.547424,Right Hand Grab,Potato_TopHalf_Choppable_C_2147482320
229.712051,Right Hand Released,Potato_TopHalf_Choppable_C_2147482320
234.511108,Right Hand Grab,BeefStewCookbook_C_0
239.210175,Right Hand Grab,Carrot_Choppable_C_2147482390
241.021301,Right Hand Released,Carrot_Choppable_C_2147482390
241.832306,Right Hand Grab,Knife_C_4
242.499451,Chopped,Carrot_Choppable_C_2147482390
243.521057,Right Hand Released,Knife_C_4
244.510361,Right Hand Grab,CarrotTop_Choppable_C_2147482317
245.4991,Right Hand Released,CarrotTop_Choppable_C_2147482317
249.219696,Right Hand Grab,CarrotBotton_Choppable_C_2147482316
250.341873,Right Hand Released,CarrotBotton_Choppable_C_2147482316
259.395935,Right Hand Grab,Carrot_Choppable_C_2147482318
261.606049,Right Hand Released,Carrot_Choppable_C_2147482318
263.83783,Right Hand Grab,Knife_C_4
264.749146,Chopped,Carrot_Choppable_C_2147482318
266.594788,Chopped,CarrotTop_Choppable_C_2147482314
267.583862,Chopped,CarrotBotton_Choppable_C_2147482313
268.582397,Right Hand Released,Knife_C_4
269.571838,Right Hand Grab,CarrotBottomQuarter2_Choppable_C_2147482309
271.005615,Right Hand Released,CarrotBottomQuarter2_Choppable_C_2147482309
272.236725,Right Hand Grab,CarrotTopQuarter1_Choppable_C_2147482312
273.583191,Right Hand Released,CarrotTopQuarter1_Choppable_C_2147482312
274.903595,Right Hand Grab,CarrotTopQuarter2_Choppable_C_2147482311
276.082123,Right Hand Released,CarrotTopQuarter2_Choppable_C_2147482311
277.247772,Right Hand Grab,CarrotBottomQuarter1_Choppable_C_2147482310
278.291473,Right Hand Released,CarrotBottomQuarter1_Choppable_C_2147482310
282.123322,Right Hand Grab,Carrot_Choppable_C_2147482389
284.135834,Right Hand Released,Carrot_Choppable_C_2147482389
285.135742,Right Hand Grab,Knife_C_4
286.057465,Chopped,Carrot_Choppable_C_2147482389
287.068176,Chopped,CarrotBotton_Choppable_C_2147482306
288.490723,Chopped,CarrotTop_Choppable_C_2147482307
290.167694,Chopped,CarrotBotton_Choppable_C_2147482306
291.15686,Right Hand Released,Knife_C_4
291.91275,Right Hand Grab,Knife_C_4
293.623108,Right Hand Released,Knife_C_4
294.766998,Right Hand Grab,CarrotBottomQuarter2_Choppable_C_2147482302
296.14447,Right Hand Released,CarrotBottomQuarter2_Choppable_C_2147482302
298.821045,Right Hand Grab,CarrotBottomQuarter1_Choppable_C_2147482303
300.343872,Right Hand Released,CarrotBottomQuarter1_Choppable_C_2147482303
303.031799,Right Hand Grab,CarrotTopQuarter1_Choppable_C_2147482305
304.410583,Right Hand Released,CarrotTopQuarter1_Choppable_C_2147482305
305.9198,Right Hand Grab,CarrotTopQuarter2_Choppable_C_2147482304
307.14328,Right Hand Released,CarrotTopQuarter2_Choppable_C_2147482304
311.664398,Right Hand Grab,BeefStewCookbook_C_0
316.052246,Right Hand Grab,PepperShakerGrabableSimple_C_2147482364
321.294495,Right Hand Released,PepperShakerGrabableSimple_C_2147482364
322.296509,Right Hand Grab,SaltShakerGrabableSimple_C_2147482365
327.750763,Right Hand Released,SaltShakerGrabableSimple_C_2147482365
332.29538,Right Hand Grab,StirSpoonSimple_C_2147482368
337.393341,Right Hand Released,StirSpoonSimple_C_2147482368
341.704468,Right Hand Grab,StirSpoonSimple_C_2147482368
347.614197,Right Hand Released,StirSpoonSimple_C_2147482368
349.013794,Right Hand Grab,BeefStewCookbook_C_0
356.056549,Right Hand Grab,NewLadleSimple_C_2147482301
362.033142,Right Hand Released,NewLadleSimple_C_2147482301
364.708862,Right Hand Grab,StewBowlSimple_C_2147482299
366.439728,Right Hand Released,StewBowlSimple_C_2147482299
